tournament_id	phase	stage	player_a	player_b	sets_a	sets_b	winner
gs2023-r1	group	skupina A	klauco-matej	sasko-igor	2	1	klauco-matej
gs2023-r1	group	skupina A	klauco-matej	klauco-emil	2	0	klauco-matej
gs2023-r1	group	skupina A	klauco-matej	kubalcova-xenia	2	0	klauco-matej
gs2023-r1	group	skupina A	klauco-matej	kravchenko-sergii	2	0	klauco-matej
gs2023-r1	group	skupina A	klauco-matej	babcan-dusan	2	1	klauco-matej
gs2023-r1	group	skupina A	klauco-matej	goda-ivan	2	1	klauco-matej
gs2023-r1	group	skupina A	klauco-matej	klempa-jan	0	2	klempa-jan
gs2023-r1	group	skupina A	sasko-igor	klauco-emil	1	2	klauco-emil
gs2023-r1	group	skupina A	sasko-igor	kubalcova-xenia	2	0	sasko-igor
gs2023-r1	group	skupina A	sasko-igor	kravchenko-sergii	0	2	kravchenko-sergii
gs2023-r1	group	skupina A	sasko-igor	babcan-dusan	2	0	sasko-igor
gs2023-r1	group	skupina A	sasko-igor	goda-ivan	2	0	sasko-igor
gs2023-r1	group	skupina A	sasko-igor	klempa-jan	0	2	klempa-jan
gs2023-r1	group	skupina A	klauco-emil	kubalcova-xenia	1	2	kubalcova-xenia
gs2023-r1	group	skupina A	klauco-emil	kravchenko-sergii	1	2	kravchenko-sergii
gs2023-r1	group	skupina A	klauco-emil	babcan-dusan	2	1	klauco-emil
gs2023-r1	group	skupina A	klauco-emil	goda-ivan	2	0	klauco-emil
gs2023-r1	group	skupina A	klauco-emil	klempa-jan	0	2	klempa-jan
gs2023-r1	group	skupina A	kubalcova-xenia	kravchenko-sergii	2	1	kubalcova-xenia
gs2023-r1	group	skupina A	kubalcova-xenia	babcan-dusan	2	1	kubalcova-xenia
gs2023-r1	group	skupina A	kubalcova-xenia	goda-ivan	1	2	goda-ivan
gs2023-r1	group	skupina A	kubalcova-xenia	klempa-jan	0	2	klempa-jan
gs2023-r1	group	skupina A	kravchenko-sergii	babcan-dusan	2	0	kravchenko-sergii
gs2023-r1	group	skupina A	kravchenko-sergii	goda-ivan	0	2	goda-ivan
gs2023-r1	group	skupina A	kravchenko-sergii	klempa-jan	0	2	klempa-jan
gs2023-r1	group	skupina A	babcan-dusan	goda-ivan	0	2	goda-ivan
gs2023-r1	group	skupina A	babcan-dusan	klempa-jan	0	2	klempa-jan
gs2023-r1	group	skupina A	goda-ivan	klempa-jan	0	2	klempa-jan
gs2023-r1	group	skupina B	klauco-michal	turecekova-zuzana	2	0	klauco-michal
gs2023-r1	group	skupina B	klauco-michal	jerzova-katarina	0	2	jerzova-katarina
gs2023-r1	group	skupina B	klauco-michal	holan-marek	2	0	klauco-michal
gs2023-r1	group	skupina B	klauco-michal	stofej-marian	2	1	klauco-michal
gs2023-r1	group	skupina B	klauco-michal	kmotorka-peter	2	0	klauco-michal
gs2023-r1	group	skupina B	klauco-michal	ralbovska-jarmila	2	0	klauco-michal
gs2023-r1	group	skupina B	klauco-michal	blecha-stanislav	0	2	blecha-stanislav
gs2023-r1	group	skupina B	turecekova-zuzana	jerzova-katarina	0	2	jerzova-katarina
gs2023-r1	group	skupina B	turecekova-zuzana	holan-marek	0	2	holan-marek
gs2023-r1	group	skupina B	turecekova-zuzana	stofej-marian	0	2	stofej-marian
gs2023-r1	group	skupina B	turecekova-zuzana	kmotorka-peter	0	2	kmotorka-peter
gs2023-r1	group	skupina B	turecekova-zuzana	ralbovska-jarmila	0	2	ralbovska-jarmila
gs2023-r1	group	skupina B	turecekova-zuzana	blecha-stanislav	0	2	blecha-stanislav
gs2023-r1	group	skupina B	jerzova-katarina	holan-marek	2	1	jerzova-katarina
gs2023-r1	group	skupina B	jerzova-katarina	stofej-marian	1	2	stofej-marian
gs2023-r1	group	skupina B	jerzova-katarina	kmotorka-peter	2	0	jerzova-katarina
gs2023-r1	group	skupina B	jerzova-katarina	ralbovska-jarmila	2	0	jerzova-katarina
gs2023-r1	group	skupina B	jerzova-katarina	blecha-stanislav	1	2	blecha-stanislav
gs2023-r1	group	skupina B	holan-marek	stofej-marian	0	2	stofej-marian
gs2023-r1	group	skupina B	holan-marek	kmotorka-peter	0	2	kmotorka-peter
gs2023-r1	group	skupina B	holan-marek	ralbovska-jarmila	0	2	ralbovska-jarmila
gs2023-r1	group	skupina B	holan-marek	blecha-stanislav	0	2	blecha-stanislav
gs2023-r1	group	skupina B	stofej-marian	kmotorka-peter	2	0	stofej-marian
gs2023-r1	group	skupina B	stofej-marian	ralbovska-jarmila	2	1	stofej-marian
gs2023-r1	group	skupina B	stofej-marian	blecha-stanislav	1	2	blecha-stanislav
gs2023-r1	group	skupina B	kmotorka-peter	ralbovska-jarmila	2	1	kmotorka-peter
gs2023-r1	group	skupina B	kmotorka-peter	blecha-stanislav	0	2	blecha-stanislav
gs2023-r1	group	skupina B	ralbovska-jarmila	blecha-stanislav	0	2	blecha-stanislav
gs2023-r1	group	skupina C	babcan-patrik	szalayova-sylvia	0	2	szalayova-sylvia
gs2023-r1	group	skupina C	babcan-patrik	andras-igor	0	2	andras-igor
gs2023-r1	group	skupina C	babcan-patrik	kratky-vladimir	0	2	kratky-vladimir
gs2023-r1	group	skupina C	babcan-patrik	hutka-samuel	2	0	babcan-patrik
gs2023-r1	group	skupina C	babcan-patrik	spac-jozef	0	2	spac-jozef
gs2023-r1	group	skupina C	babcan-patrik	slahor-radovan	2	0	babcan-patrik
gs2023-r1	group	skupina C	babcan-patrik	ryska-stefan	0	2	ryska-stefan
gs2023-r1	group	skupina C	szalayova-sylvia	andras-igor	0	2	andras-igor
gs2023-r1	group	skupina C	szalayova-sylvia	kratky-vladimir	0	2	kratky-vladimir
gs2023-r1	group	skupina C	szalayova-sylvia	hutka-samuel	2	0	szalayova-sylvia
gs2023-r1	group	skupina C	szalayova-sylvia	spac-jozef	0	2	spac-jozef
gs2023-r1	group	skupina C	szalayova-sylvia	slahor-radovan	2	0	szalayova-sylvia
gs2023-r1	group	skupina C	szalayova-sylvia	ryska-stefan	0	2	ryska-stefan
gs2023-r1	group	skupina C	andras-igor	kratky-vladimir	2	0	andras-igor
gs2023-r1	group	skupina C	andras-igor	hutka-samuel	2	0	andras-igor
gs2023-r1	group	skupina C	andras-igor	spac-jozef	2	0	andras-igor
gs2023-r1	group	skupina C	andras-igor	slahor-radovan	2	0	andras-igor
gs2023-r1	group	skupina C	andras-igor	ryska-stefan	2	0	andras-igor
gs2023-r1	group	skupina C	kratky-vladimir	hutka-samuel	2	0	kratky-vladimir
gs2023-r1	group	skupina C	kratky-vladimir	spac-jozef	2	0	kratky-vladimir
gs2023-r1	group	skupina C	kratky-vladimir	slahor-radovan	2	1	kratky-vladimir
gs2023-r1	group	skupina C	kratky-vladimir	ryska-stefan	0	2	ryska-stefan
gs2023-r1	group	skupina C	hutka-samuel	spac-jozef	0	2	spac-jozef
gs2023-r1	group	skupina C	hutka-samuel	slahor-radovan	0	2	slahor-radovan
gs2023-r1	group	skupina C	hutka-samuel	ryska-stefan	0	2	ryska-stefan
gs2023-r1	group	skupina C	spac-jozef	slahor-radovan	0	2	slahor-radovan
gs2023-r1	group	skupina C	spac-jozef	ryska-stefan	0	2	ryska-stefan
gs2023-r1	group	skupina C	slahor-radovan	ryska-stefan	1	2	ryska-stefan
gs2023-r1	group	skupina D	malisek-drahomir	burian-branislav	2	1	malisek-drahomir
gs2023-r1	group	skupina D	malisek-drahomir	caro-pavol	2	0	malisek-drahomir
gs2023-r1	group	skupina D	malisek-drahomir	horvath-lubomir	2	0	malisek-drahomir
gs2023-r1	group	skupina D	malisek-drahomir	gros-pavol	2	1	malisek-drahomir
gs2023-r1	group	skupina D	malisek-drahomir	kazimir-frantisek	1	2	kazimir-frantisek
gs2023-r1	group	skupina D	malisek-drahomir	pollak-viliam	2	0	malisek-drahomir
gs2023-r1	group	skupina D	malisek-drahomir	slahor-maxim	2	0	malisek-drahomir
gs2023-r1	group	skupina D	burian-branislav	caro-pavol	1	2	caro-pavol
gs2023-r1	group	skupina D	burian-branislav	horvath-lubomir	1	2	horvath-lubomir
gs2023-r1	group	skupina D	burian-branislav	gros-pavol	0	2	gros-pavol
gs2023-r1	group	skupina D	burian-branislav	kazimir-frantisek	0	2	kazimir-frantisek
gs2023-r1	group	skupina D	burian-branislav	pollak-viliam	1	2	pollak-viliam
gs2023-r1	group	skupina D	burian-branislav	slahor-maxim	2	0	burian-branislav
gs2023-r1	group	skupina D	caro-pavol	horvath-lubomir	2	1	caro-pavol
gs2023-r1	group	skupina D	caro-pavol	gros-pavol	0	2	gros-pavol
gs2023-r1	group	skupina D	caro-pavol	kazimir-frantisek	1	2	kazimir-frantisek
gs2023-r1	group	skupina D	caro-pavol	pollak-viliam	1	2	pollak-viliam
gs2023-r1	group	skupina D	caro-pavol	slahor-maxim	2	0	caro-pavol
gs2023-r1	group	skupina D	horvath-lubomir	gros-pavol	0	2	gros-pavol
gs2023-r1	group	skupina D	horvath-lubomir	kazimir-frantisek	2	0	horvath-lubomir
gs2023-r1	group	skupina D	horvath-lubomir	pollak-viliam	0	2	pollak-viliam
gs2023-r1	group	skupina D	horvath-lubomir	slahor-maxim	2	0	horvath-lubomir
gs2023-r1	group	skupina D	gros-pavol	kazimir-frantisek	2	0	gros-pavol
gs2023-r1	group	skupina D	gros-pavol	pollak-viliam	2	0	gros-pavol
gs2023-r1	group	skupina D	gros-pavol	slahor-maxim	2	1	gros-pavol
gs2023-r1	group	skupina D	kazimir-frantisek	pollak-viliam	1	2	pollak-viliam
gs2023-r1	group	skupina D	kazimir-frantisek	slahor-maxim	2	0	kazimir-frantisek
gs2023-r1	group	skupina D	pollak-viliam	slahor-maxim	2	0	pollak-viliam
gs2023-r1	group	skupina E	palencik-patrik	pastva-ondrej	2	1	palencik-patrik
gs2023-r1	group	skupina E	palencik-patrik	humena-maria	2	0	palencik-patrik
gs2023-r1	group	skupina E	palencik-patrik	shevchuk-andrii	2	0	palencik-patrik
gs2023-r1	group	skupina E	palencik-patrik	jakus-michal	2	1	palencik-patrik
gs2023-r1	group	skupina E	palencik-patrik	klima-lubos	2	0	palencik-patrik
gs2023-r1	group	skupina E	palencik-patrik	slosarcik-stanislav	2	1	palencik-patrik
gs2023-r1	group	skupina E	palencik-patrik	hrtan-filip	2	1	palencik-patrik
gs2023-r1	group	skupina E	pastva-ondrej	humena-maria	2	0	pastva-ondrej
gs2023-r1	group	skupina E	pastva-ondrej	shevchuk-andrii	2	0	pastva-ondrej
gs2023-r1	group	skupina E	pastva-ondrej	jakus-michal	2	1	pastva-ondrej
gs2023-r1	group	skupina E	pastva-ondrej	klima-lubos	2	0	pastva-ondrej
gs2023-r1	group	skupina E	pastva-ondrej	slosarcik-stanislav	2	1	pastva-ondrej
gs2023-r1	group	skupina E	pastva-ondrej	hrtan-filip	2	1	pastva-ondrej
gs2023-r1	group	skupina E	humena-maria	shevchuk-andrii	0	2	shevchuk-andrii
gs2023-r1	group	skupina E	humena-maria	jakus-michal	0	2	jakus-michal
gs2023-r1	group	skupina E	humena-maria	klima-lubos	1	2	klima-lubos
gs2023-r1	group	skupina E	humena-maria	slosarcik-stanislav	0	2	slosarcik-stanislav
gs2023-r1	group	skupina E	humena-maria	hrtan-filip	2	1	humena-maria
gs2023-r1	group	skupina E	shevchuk-andrii	jakus-michal	0	2	jakus-michal
gs2023-r1	group	skupina E	shevchuk-andrii	klima-lubos	2	0	shevchuk-andrii
gs2023-r1	group	skupina E	shevchuk-andrii	slosarcik-stanislav	0	2	slosarcik-stanislav
gs2023-r1	group	skupina E	shevchuk-andrii	hrtan-filip	2	0	shevchuk-andrii
gs2023-r1	group	skupina E	jakus-michal	klima-lubos	2	0	jakus-michal
gs2023-r1	group	skupina E	jakus-michal	slosarcik-stanislav	1	2	slosarcik-stanislav
gs2023-r1	group	skupina E	jakus-michal	hrtan-filip	2	0	jakus-michal
gs2023-r1	group	skupina E	klima-lubos	slosarcik-stanislav	0	2	slosarcik-stanislav
gs2023-r1	group	skupina E	klima-lubos	hrtan-filip	2	0	klima-lubos
gs2023-r1	group	skupina E	slosarcik-stanislav	hrtan-filip	2	0	slosarcik-stanislav
gs2023-r1	group	skupina F	mrazkova-viera	burian-matus	2	0	mrazkova-viera
gs2023-r1	group	skupina F	mrazkova-viera	kulik-samuel	0	2	kulik-samuel
gs2023-r1	group	skupina F	mrazkova-viera	jakubec-peter	0	2	jakubec-peter
gs2023-r1	group	skupina F	mrazkova-viera	vavra-marian	0	2	vavra-marian
gs2023-r1	group	skupina F	mrazkova-viera	ziska-vladimir	1	2	ziska-vladimir
gs2023-r1	group	skupina F	mrazkova-viera	markulik-jaroslav	0	2	markulik-jaroslav
gs2023-r1	group	skupina F	mrazkova-viera	simko-erik	0	2	simko-erik
gs2023-r1	group	skupina F	burian-matus	kulik-samuel	0	2	kulik-samuel
gs2023-r1	group	skupina F	burian-matus	jakubec-peter	0	2	jakubec-peter
gs2023-r1	group	skupina F	burian-matus	vavra-marian	2	0	burian-matus
gs2023-r1	group	skupina F	burian-matus	ziska-vladimir	2	0	burian-matus
gs2023-r1	group	skupina F	burian-matus	markulik-jaroslav	0	2	markulik-jaroslav
gs2023-r1	group	skupina F	burian-matus	simko-erik	0	2	simko-erik
gs2023-r1	group	skupina F	kulik-samuel	jakubec-peter	1	2	jakubec-peter
gs2023-r1	group	skupina F	kulik-samuel	vavra-marian	2	1	kulik-samuel
gs2023-r1	group	skupina F	kulik-samuel	ziska-vladimir	2	0	kulik-samuel
gs2023-r1	group	skupina F	kulik-samuel	markulik-jaroslav	2	0	kulik-samuel
gs2023-r1	group	skupina F	kulik-samuel	simko-erik	0	2	simko-erik
gs2023-r1	group	skupina F	jakubec-peter	vavra-marian	2	0	jakubec-peter
gs2023-r1	group	skupina F	jakubec-peter	ziska-vladimir	2	0	jakubec-peter
gs2023-r1	group	skupina F	jakubec-peter	markulik-jaroslav	2	0	jakubec-peter
gs2023-r1	group	skupina F	jakubec-peter	simko-erik	2	0	jakubec-peter
gs2023-r1	group	skupina F	vavra-marian	ziska-vladimir	2	0	vavra-marian
gs2023-r1	group	skupina F	vavra-marian	markulik-jaroslav	0	2	markulik-jaroslav
gs2023-r1	group	skupina F	vavra-marian	simko-erik	0	2	simko-erik
gs2023-r1	group	skupina F	ziska-vladimir	markulik-jaroslav	0	2	markulik-jaroslav
gs2023-r1	group	skupina F	ziska-vladimir	simko-erik	0	2	simko-erik
gs2023-r1	group	skupina F	markulik-jaroslav	simko-erik	0	2	simko-erik
gs2023-r1	group	skupina G	filatov-denys	burianova-nicol	2	0	filatov-denys
gs2023-r1	group	skupina G	filatov-denys	holecek-svetozar	2	1	filatov-denys
gs2023-r1	group	skupina G	filatov-denys	szellova-jana	2	1	filatov-denys
gs2023-r1	group	skupina G	filatov-denys	petrak-jozef	2	1	filatov-denys
gs2023-r1	group	skupina G	filatov-denys	valent-marian	2	0	filatov-denys
gs2023-r1	group	skupina G	filatov-denys	balon-lubos	2	0	filatov-denys
gs2023-r1	group	skupina G	filatov-denys	stellar-peter	0	2	stellar-peter
gs2023-r1	group	skupina G	burianova-nicol	holecek-svetozar	0	2	holecek-svetozar
gs2023-r1	group	skupina G	burianova-nicol	szellova-jana	0	2	szellova-jana
gs2023-r1	group	skupina G	burianova-nicol	petrak-jozef	0	2	petrak-jozef
gs2023-r1	group	skupina G	burianova-nicol	valent-marian	0	2	valent-marian
gs2023-r1	group	skupina G	burianova-nicol	balon-lubos	0	2	balon-lubos
gs2023-r1	group	skupina G	burianova-nicol	stellar-peter	0	2	stellar-peter
gs2023-r1	group	skupina G	holecek-svetozar	szellova-jana	0	2	szellova-jana
gs2023-r1	group	skupina G	holecek-svetozar	petrak-jozef	2	0	holecek-svetozar
gs2023-r1	group	skupina G	holecek-svetozar	valent-marian	2	1	holecek-svetozar
gs2023-r1	group	skupina G	holecek-svetozar	balon-lubos	2	1	holecek-svetozar
gs2023-r1	group	skupina G	holecek-svetozar	stellar-peter	0	2	stellar-peter
gs2023-r1	group	skupina G	szellova-jana	petrak-jozef	2	0	szellova-jana
gs2023-r1	group	skupina G	szellova-jana	valent-marian	0	2	valent-marian
gs2023-r1	group	skupina G	szellova-jana	balon-lubos	2	0	szellova-jana
gs2023-r1	group	skupina G	szellova-jana	stellar-peter	2	0	szellova-jana
gs2023-r1	group	skupina G	petrak-jozef	valent-marian	0	2	valent-marian
gs2023-r1	group	skupina G	petrak-jozef	balon-lubos	2	1	petrak-jozef
gs2023-r1	group	skupina G	petrak-jozef	stellar-peter	0	2	stellar-peter
gs2023-r1	group	skupina G	valent-marian	balon-lubos	2	0	valent-marian
gs2023-r1	group	skupina G	valent-marian	stellar-peter	2	0	valent-marian
gs2023-r1	group	skupina G	balon-lubos	stellar-peter	0	2	stellar-peter
gs2023-r1	group	skupina H	taborsky-dusan	kroslak-albert	2	0	taborsky-dusan
gs2023-r1	group	skupina H	taborsky-dusan	skyba-marek	2	0	taborsky-dusan
gs2023-r1	group	skupina H	taborsky-dusan	donoval-lubos	2	0	taborsky-dusan
gs2023-r1	group	skupina H	taborsky-dusan	hutka-vladimir	2	1	taborsky-dusan
gs2023-r1	group	skupina H	taborsky-dusan	krupansky-adam	2	0	taborsky-dusan
gs2023-r1	group	skupina H	taborsky-dusan	guzmicky-anton	2	1	taborsky-dusan
gs2023-r1	group	skupina H	taborsky-dusan	jurcekova-jana	0	2	jurcekova-jana
gs2023-r1	group	skupina H	taborsky-dusan	fares-amin	2	0	taborsky-dusan
gs2023-r1	group	skupina H	kroslak-albert	skyba-marek	1	2	skyba-marek
gs2023-r1	group	skupina H	kroslak-albert	donoval-lubos	0	2	donoval-lubos
gs2023-r1	group	skupina H	kroslak-albert	hutka-vladimir	1	2	hutka-vladimir
gs2023-r1	group	skupina H	kroslak-albert	krupansky-adam	0	2	krupansky-adam
gs2023-r1	group	skupina H	kroslak-albert	guzmicky-anton	2	0	kroslak-albert
gs2023-r1	group	skupina H	kroslak-albert	jurcekova-jana	0	2	jurcekova-jana
gs2023-r1	group	skupina H	kroslak-albert	fares-amin	0	2	fares-amin
gs2023-r1	group	skupina H	skyba-marek	donoval-lubos	0	2	donoval-lubos
gs2023-r1	group	skupina H	skyba-marek	hutka-vladimir	2	0	skyba-marek
gs2023-r1	group	skupina H	skyba-marek	krupansky-adam	2	0	skyba-marek
gs2023-r1	group	skupina H	skyba-marek	guzmicky-anton	2	0	skyba-marek
gs2023-r1	group	skupina H	skyba-marek	jurcekova-jana	1	2	jurcekova-jana
gs2023-r1	group	skupina H	skyba-marek	fares-amin	0	2	fares-amin
gs2023-r1	group	skupina H	donoval-lubos	hutka-vladimir	2	0	donoval-lubos
gs2023-r1	group	skupina H	donoval-lubos	krupansky-adam	2	0	donoval-lubos
gs2023-r1	group	skupina H	donoval-lubos	guzmicky-anton	2	0	donoval-lubos
gs2023-r1	group	skupina H	donoval-lubos	jurcekova-jana	0	2	jurcekova-jana
gs2023-r1	group	skupina H	donoval-lubos	fares-amin	1	2	fares-amin
gs2023-r1	group	skupina H	hutka-vladimir	krupansky-adam	2	0	hutka-vladimir
gs2023-r1	group	skupina H	hutka-vladimir	guzmicky-anton	2	0	hutka-vladimir
gs2023-r1	group	skupina H	hutka-vladimir	jurcekova-jana	0	2	jurcekova-jana
gs2023-r1	group	skupina H	hutka-vladimir	fares-amin	0	2	fares-amin
gs2023-r1	group	skupina H	krupansky-adam	guzmicky-anton	2	0	krupansky-adam
gs2023-r1	group	skupina H	krupansky-adam	jurcekova-jana	0	2	jurcekova-jana
gs2023-r1	group	skupina H	krupansky-adam	fares-amin	0	2	fares-amin
gs2023-r1	group	skupina H	guzmicky-anton	jurcekova-jana	0	2	jurcekova-jana
gs2023-r1	group	skupina H	guzmicky-anton	fares-amin	0	2	fares-amin
gs2023-r1	group	skupina H	jurcekova-jana	fares-amin	2	0	jurcekova-jana
gs2023-r1	playoff	16-finále	klempa-jan	klauco-michal	2	3	klauco-michal
gs2023-r1	playoff	16-finále	ryska-stefan	pollak-viliam	3	1	ryska-stefan
gs2023-r1	playoff	16-finále	palencik-patrik	markulik-jaroslav	3	0	palencik-patrik
gs2023-r1	playoff	16-finále	valent-marian	fares-amin	1	3	fares-amin
gs2023-r1	playoff	16-finále	klauco-emil	blecha-stanislav	0	3	blecha-stanislav
gs2023-r1	playoff	16-finále	kratky-vladimir	malisek-drahomir	2	3	malisek-drahomir
gs2023-r1	playoff	16-finále	jakus-michal	jakubec-peter	0	3	jakubec-peter
gs2023-r1	playoff	16-finále	szellova-jana	taborsky-dusan	0	3	taborsky-dusan
gs2023-r1	playoff	16-finále	klauco-matej	stofej-marian	3	0	klauco-matej
gs2023-r1	playoff	16-finále	andras-igor	kazimir-frantisek	3	0	andras-igor
gs2023-r1	playoff	16-finále	pastva-ondrej	kulik-samuel	1	3	kulik-samuel
gs2023-r1	playoff	16-finále	filatov-denys	donoval-lubos	3	0	filatov-denys
gs2023-r1	playoff	16-finále	sasko-igor	jerzova-katarina	2	3	jerzova-katarina
gs2023-r1	playoff	16-finále	spac-jozef	gros-pavol	0	3	gros-pavol
gs2023-r1	playoff	16-finále	slosarcik-stanislav	simko-erik	2	3	simko-erik
gs2023-r1	playoff	16-finále	stellar-peter	jurcekova-jana	2	3	jurcekova-jana
gs2023-r1	playoff	osemfinále	klauco-michal	ryska-stefan	3	2	klauco-michal
gs2023-r1	playoff	osemfinále	palencik-patrik	fares-amin	3	1	palencik-patrik
gs2023-r1	playoff	osemfinále	blecha-stanislav	malisek-drahomir	0	3	malisek-drahomir
gs2023-r1	playoff	osemfinále	jakubec-peter	taborsky-dusan	2	3	taborsky-dusan
gs2023-r1	playoff	osemfinále	klauco-matej	andras-igor	0	3	andras-igor
gs2023-r1	playoff	osemfinále	kulik-samuel	filatov-denys	0	3	filatov-denys
gs2023-r1	playoff	osemfinále	jerzova-katarina	gros-pavol	3	2	jerzova-katarina
gs2023-r1	playoff	osemfinále	simko-erik	jurcekova-jana	3	1	simko-erik
gs2023-r1	playoff	štvrťfinále	klauco-michal	palencik-patrik	3	0	klauco-michal
gs2023-r1	playoff	štvrťfinále	malisek-drahomir	taborsky-dusan	1	3	taborsky-dusan
gs2023-r1	playoff	štvrťfinále	andras-igor	filatov-denys	3	0	andras-igor
gs2023-r1	playoff	štvrťfinále	jerzova-katarina	simko-erik	3	1	jerzova-katarina
gs2023-r1	playoff	semifinále	klauco-michal	taborsky-dusan	0	3	taborsky-dusan
gs2023-r1	playoff	semifinále	andras-igor	jerzova-katarina	2	3	jerzova-katarina
gs2023-r1	playoff	finále	taborsky-dusan	jerzova-katarina	3	0	taborsky-dusan
gs2023-r1	playoff	o 3. miesto	klauco-michal	andras-igor	1	3	andras-igor
gs2023-r2	group	skupina A	jerzova-katarina	danis-milan	2	1	jerzova-katarina
gs2023-r2	group	skupina A	jerzova-katarina	hronsky-juraj	2	0	jerzova-katarina
gs2023-r2	group	skupina A	jerzova-katarina	kulik-samuel	2	0	jerzova-katarina
gs2023-r2	group	skupina A	jerzova-katarina	gajarsky-roman	2	0	jerzova-katarina
gs2023-r2	group	skupina A	jerzova-katarina	spac-jozef	2	0	jerzova-katarina
gs2023-r2	group	skupina A	jerzova-katarina	tereshchenko-vladimir	2	0	jerzova-katarina
gs2023-r2	group	skupina A	jerzova-katarina	klima-lubos	2	0	jerzova-katarina
gs2023-r2	group	skupina A	jerzova-katarina	subin-pavol	2	0	jerzova-katarina
gs2023-r2	group	skupina A	jerzova-katarina	srnec-radovan	2	0	jerzova-katarina
gs2023-r2	group	skupina A	danis-milan	hronsky-juraj	2	1	danis-milan
gs2023-r2	group	skupina A	danis-milan	kulik-samuel	2	1	danis-milan
gs2023-r2	group	skupina A	danis-milan	gajarsky-roman	2	0	danis-milan
gs2023-r2	group	skupina A	danis-milan	spac-jozef	2	0	danis-milan
gs2023-r2	group	skupina A	danis-milan	tereshchenko-vladimir	2	0	danis-milan
gs2023-r2	group	skupina A	danis-milan	klima-lubos	2	0	danis-milan
gs2023-r2	group	skupina A	danis-milan	subin-pavol	2	0	danis-milan
gs2023-r2	group	skupina A	danis-milan	srnec-radovan	2	0	danis-milan
gs2023-r2	group	skupina A	hronsky-juraj	kulik-samuel	0	2	kulik-samuel
gs2023-r2	group	skupina A	hronsky-juraj	gajarsky-roman	2	0	hronsky-juraj
gs2023-r2	group	skupina A	hronsky-juraj	spac-jozef	2	0	hronsky-juraj
gs2023-r2	group	skupina A	hronsky-juraj	tereshchenko-vladimir	2	0	hronsky-juraj
gs2023-r2	group	skupina A	hronsky-juraj	klima-lubos	2	0	hronsky-juraj
gs2023-r2	group	skupina A	hronsky-juraj	subin-pavol	2	0	hronsky-juraj
gs2023-r2	group	skupina A	hronsky-juraj	srnec-radovan	2	0	hronsky-juraj
gs2023-r2	group	skupina A	kulik-samuel	gajarsky-roman	0	2	gajarsky-roman
gs2023-r2	group	skupina A	kulik-samuel	spac-jozef	2	0	kulik-samuel
gs2023-r2	group	skupina A	kulik-samuel	tereshchenko-vladimir	2	0	kulik-samuel
gs2023-r2	group	skupina A	kulik-samuel	klima-lubos	2	0	kulik-samuel
gs2023-r2	group	skupina A	kulik-samuel	subin-pavol	2	0	kulik-samuel
gs2023-r2	group	skupina A	kulik-samuel	srnec-radovan	2	0	kulik-samuel
gs2023-r2	group	skupina A	gajarsky-roman	spac-jozef	2	0	gajarsky-roman
gs2023-r2	group	skupina A	gajarsky-roman	tereshchenko-vladimir	2	1	gajarsky-roman
gs2023-r2	group	skupina A	gajarsky-roman	klima-lubos	2	0	gajarsky-roman
gs2023-r2	group	skupina A	gajarsky-roman	subin-pavol	2	0	gajarsky-roman
gs2023-r2	group	skupina A	gajarsky-roman	srnec-radovan	2	0	gajarsky-roman
gs2023-r2	group	skupina A	spac-jozef	tereshchenko-vladimir	2	1	spac-jozef
gs2023-r2	group	skupina A	spac-jozef	klima-lubos	2	1	spac-jozef
gs2023-r2	group	skupina A	spac-jozef	subin-pavol	0	2	subin-pavol
gs2023-r2	group	skupina A	spac-jozef	srnec-radovan	2	0	spac-jozef
gs2023-r2	group	skupina A	tereshchenko-vladimir	klima-lubos	2	0	tereshchenko-vladimir
gs2023-r2	group	skupina A	tereshchenko-vladimir	subin-pavol	2	0	tereshchenko-vladimir
gs2023-r2	group	skupina A	tereshchenko-vladimir	srnec-radovan	2	0	tereshchenko-vladimir
gs2023-r2	group	skupina A	klima-lubos	subin-pavol	2	0	klima-lubos
gs2023-r2	group	skupina A	klima-lubos	srnec-radovan	2	0	klima-lubos
gs2023-r2	group	skupina A	subin-pavol	srnec-radovan	2	0	subin-pavol
gs2023-r2	group	skupina B	simko-erik	fulop-matej	2	1	simko-erik
gs2023-r2	group	skupina B	simko-erik	biacko-ivan	2	0	simko-erik
gs2023-r2	group	skupina B	simko-erik	liptak-daniel	2	0	simko-erik
gs2023-r2	group	skupina B	simko-erik	volanska-patricia	2	0	simko-erik
gs2023-r2	group	skupina B	simko-erik	sramko-michal	2	1	simko-erik
gs2023-r2	group	skupina B	simko-erik	ralbovska-jarmila	2	0	simko-erik
gs2023-r2	group	skupina B	simko-erik	barta-peter	2	0	simko-erik
gs2023-r2	group	skupina B	simko-erik	vajsabel-pavol	2	0	simko-erik
gs2023-r2	group	skupina B	fulop-matej	biacko-ivan	2	0	fulop-matej
gs2023-r2	group	skupina B	fulop-matej	liptak-daniel	2	0	fulop-matej
gs2023-r2	group	skupina B	fulop-matej	volanska-patricia	2	0	fulop-matej
gs2023-r2	group	skupina B	fulop-matej	sramko-michal	2	0	fulop-matej
gs2023-r2	group	skupina B	fulop-matej	ralbovska-jarmila	2	0	fulop-matej
gs2023-r2	group	skupina B	fulop-matej	barta-peter	2	0	fulop-matej
gs2023-r2	group	skupina B	fulop-matej	vajsabel-pavol	2	0	fulop-matej
gs2023-r2	group	skupina B	biacko-ivan	liptak-daniel	2	0	biacko-ivan
gs2023-r2	group	skupina B	biacko-ivan	volanska-patricia	2	0	biacko-ivan
gs2023-r2	group	skupina B	biacko-ivan	sramko-michal	2	0	biacko-ivan
gs2023-r2	group	skupina B	biacko-ivan	ralbovska-jarmila	2	0	biacko-ivan
gs2023-r2	group	skupina B	biacko-ivan	barta-peter	2	0	biacko-ivan
gs2023-r2	group	skupina B	biacko-ivan	vajsabel-pavol	2	1	biacko-ivan
gs2023-r2	group	skupina B	liptak-daniel	volanska-patricia	2	0	liptak-daniel
gs2023-r2	group	skupina B	liptak-daniel	sramko-michal	2	0	liptak-daniel
gs2023-r2	group	skupina B	liptak-daniel	ralbovska-jarmila	1	2	ralbovska-jarmila
gs2023-r2	group	skupina B	liptak-daniel	barta-peter	2	0	liptak-daniel
gs2023-r2	group	skupina B	liptak-daniel	vajsabel-pavol	2	1	liptak-daniel
gs2023-r2	group	skupina B	volanska-patricia	sramko-michal	2	0	volanska-patricia
gs2023-r2	group	skupina B	volanska-patricia	ralbovska-jarmila	2	1	volanska-patricia
gs2023-r2	group	skupina B	volanska-patricia	barta-peter	2	0	volanska-patricia
gs2023-r2	group	skupina B	volanska-patricia	vajsabel-pavol	2	0	volanska-patricia
gs2023-r2	group	skupina B	sramko-michal	ralbovska-jarmila	2	1	sramko-michal
gs2023-r2	group	skupina B	sramko-michal	barta-peter	2	0	sramko-michal
gs2023-r2	group	skupina B	sramko-michal	vajsabel-pavol	2	1	sramko-michal
gs2023-r2	group	skupina B	ralbovska-jarmila	barta-peter	2	0	ralbovska-jarmila
gs2023-r2	group	skupina B	ralbovska-jarmila	vajsabel-pavol	2	1	ralbovska-jarmila
gs2023-r2	group	skupina B	barta-peter	vajsabel-pavol	2	0	barta-peter
gs2023-r2	group	skupina C	fares-amin	lajda-jan	2	0	fares-amin
gs2023-r2	group	skupina C	fares-amin	szellova-jana	2	0	fares-amin
gs2023-r2	group	skupina C	fares-amin	fikar-miroslav	2	0	fares-amin
gs2023-r2	group	skupina C	fares-amin	holan-marek	2	0	fares-amin
gs2023-r2	group	skupina C	fares-amin	horvath-lubomir	0	2	horvath-lubomir
gs2023-r2	group	skupina C	fares-amin	polak-frantisek	2	0	fares-amin
gs2023-r2	group	skupina C	fares-amin	martinec-david	2	0	fares-amin
gs2023-r2	group	skupina C	fares-amin	tereshchenko-dmytro	2	0	fares-amin
gs2023-r2	group	skupina C	lajda-jan	szellova-jana	2	1	lajda-jan
gs2023-r2	group	skupina C	lajda-jan	fikar-miroslav	2	0	lajda-jan
gs2023-r2	group	skupina C	lajda-jan	holan-marek	2	0	lajda-jan
gs2023-r2	group	skupina C	lajda-jan	horvath-lubomir	2	1	lajda-jan
gs2023-r2	group	skupina C	lajda-jan	polak-frantisek	2	0	lajda-jan
gs2023-r2	group	skupina C	lajda-jan	martinec-david	2	0	lajda-jan
gs2023-r2	group	skupina C	lajda-jan	tereshchenko-dmytro	2	0	lajda-jan
gs2023-r2	group	skupina C	szellova-jana	fikar-miroslav	2	1	szellova-jana
gs2023-r2	group	skupina C	szellova-jana	holan-marek	2	0	szellova-jana
gs2023-r2	group	skupina C	szellova-jana	horvath-lubomir	2	0	szellova-jana
gs2023-r2	group	skupina C	szellova-jana	polak-frantisek	2	0	szellova-jana
gs2023-r2	group	skupina C	szellova-jana	martinec-david	2	0	szellova-jana
gs2023-r2	group	skupina C	szellova-jana	tereshchenko-dmytro	2	0	szellova-jana
gs2023-r2	group	skupina C	fikar-miroslav	holan-marek	2	0	fikar-miroslav
gs2023-r2	group	skupina C	fikar-miroslav	horvath-lubomir	2	0	fikar-miroslav
gs2023-r2	group	skupina C	fikar-miroslav	polak-frantisek	2	0	fikar-miroslav
gs2023-r2	group	skupina C	fikar-miroslav	martinec-david	2	0	fikar-miroslav
gs2023-r2	group	skupina C	fikar-miroslav	tereshchenko-dmytro	2	0	fikar-miroslav
gs2023-r2	group	skupina C	holan-marek	horvath-lubomir	2	1	holan-marek
gs2023-r2	group	skupina C	holan-marek	polak-frantisek	2	0	holan-marek
gs2023-r2	group	skupina C	holan-marek	martinec-david	0	2	martinec-david
gs2023-r2	group	skupina C	holan-marek	tereshchenko-dmytro	2	1	holan-marek
gs2023-r2	group	skupina C	horvath-lubomir	polak-frantisek	0	2	polak-frantisek
gs2023-r2	group	skupina C	horvath-lubomir	martinec-david	2	0	horvath-lubomir
gs2023-r2	group	skupina C	horvath-lubomir	tereshchenko-dmytro	2	1	horvath-lubomir
gs2023-r2	group	skupina C	polak-frantisek	martinec-david	2	0	polak-frantisek
gs2023-r2	group	skupina C	polak-frantisek	tereshchenko-dmytro	1	2	tereshchenko-dmytro
gs2023-r2	group	skupina C	martinec-david	tereshchenko-dmytro	2	0	martinec-david
gs2023-r2	group	skupina D	taborsky-dusan	pacal-dusan	2	0	taborsky-dusan
gs2023-r2	group	skupina D	taborsky-dusan	stellar-peter	2	0	taborsky-dusan
gs2023-r2	group	skupina D	taborsky-dusan	molnar-martin	2	0	taborsky-dusan
gs2023-r2	group	skupina D	taborsky-dusan	belak-ali	2	0	taborsky-dusan
gs2023-r2	group	skupina D	taborsky-dusan	kravcenko-sergii	2	0	taborsky-dusan
gs2023-r2	group	skupina D	taborsky-dusan	kratky-vladimir	2	0	taborsky-dusan
gs2023-r2	group	skupina D	taborsky-dusan	jurcekova-katarina	2	0	taborsky-dusan
gs2023-r2	group	skupina D	taborsky-dusan	pavelka-timotej	2	0	taborsky-dusan
gs2023-r2	group	skupina D	pacal-dusan	stellar-peter	2	0	pacal-dusan
gs2023-r2	group	skupina D	pacal-dusan	molnar-martin	2	1	pacal-dusan
gs2023-r2	group	skupina D	pacal-dusan	belak-ali	2	0	pacal-dusan
gs2023-r2	group	skupina D	pacal-dusan	kravcenko-sergii	2	0	pacal-dusan
gs2023-r2	group	skupina D	pacal-dusan	kratky-vladimir	2	0	pacal-dusan
gs2023-r2	group	skupina D	pacal-dusan	jurcekova-katarina	2	0	pacal-dusan
gs2023-r2	group	skupina D	pacal-dusan	pavelka-timotej	2	0	pacal-dusan
gs2023-r2	group	skupina D	stellar-peter	molnar-martin	2	1	stellar-peter
gs2023-r2	group	skupina D	stellar-peter	belak-ali	2	0	stellar-peter
gs2023-r2	group	skupina D	stellar-peter	kravcenko-sergii	2	0	stellar-peter
gs2023-r2	group	skupina D	stellar-peter	kratky-vladimir	2	0	stellar-peter
gs2023-r2	group	skupina D	stellar-peter	jurcekova-katarina	2	0	stellar-peter
gs2023-r2	group	skupina D	stellar-peter	pavelka-timotej	2	0	stellar-peter
gs2023-r2	group	skupina D	molnar-martin	belak-ali	2	0	molnar-martin
gs2023-r2	group	skupina D	molnar-martin	kravcenko-sergii	2	0	molnar-martin
gs2023-r2	group	skupina D	molnar-martin	kratky-vladimir	2	1	molnar-martin
gs2023-r2	group	skupina D	molnar-martin	jurcekova-katarina	2	1	molnar-martin
gs2023-r2	group	skupina D	molnar-martin	pavelka-timotej	2	0	molnar-martin
gs2023-r2	group	skupina D	belak-ali	kravcenko-sergii	2	1	belak-ali
gs2023-r2	group	skupina D	belak-ali	kratky-vladimir	2	0	belak-ali
gs2023-r2	group	skupina D	belak-ali	jurcekova-katarina	2	0	belak-ali
gs2023-r2	group	skupina D	belak-ali	pavelka-timotej	2	0	belak-ali
gs2023-r2	group	skupina D	kravcenko-sergii	kratky-vladimir	2	0	kravcenko-sergii
gs2023-r2	group	skupina D	kravcenko-sergii	jurcekova-katarina	2	1	kravcenko-sergii
gs2023-r2	group	skupina D	kravcenko-sergii	pavelka-timotej	2	0	kravcenko-sergii
gs2023-r2	group	skupina D	kratky-vladimir	jurcekova-katarina	2	0	kratky-vladimir
gs2023-r2	group	skupina D	kratky-vladimir	pavelka-timotej	2	0	kratky-vladimir
gs2023-r2	group	skupina D	jurcekova-katarina	pavelka-timotej	2	0	jurcekova-katarina
gs2023-r2	group	skupina E	palencik-patrik	slosarcik-stanislav	2	1	palencik-patrik
gs2023-r2	group	skupina E	palencik-patrik	mikula-michal	2	0	palencik-patrik
gs2023-r2	group	skupina E	palencik-patrik	filatov-denys	2	0	palencik-patrik
gs2023-r2	group	skupina E	palencik-patrik	vavra-marian	2	0	palencik-patrik
gs2023-r2	group	skupina E	palencik-patrik	ort-mertl-stano	2	0	palencik-patrik
gs2023-r2	group	skupina E	palencik-patrik	polakova-silvia	2	0	palencik-patrik
gs2023-r2	group	skupina E	palencik-patrik	polak-daniel	2	0	palencik-patrik
gs2023-r2	group	skupina E	palencik-patrik	zradula-radoslav	2	0	palencik-patrik
gs2023-r2	group	skupina E	slosarcik-stanislav	mikula-michal	2	0	slosarcik-stanislav
gs2023-r2	group	skupina E	slosarcik-stanislav	filatov-denys	2	0	slosarcik-stanislav
gs2023-r2	group	skupina E	slosarcik-stanislav	vavra-marian	2	0	slosarcik-stanislav
gs2023-r2	group	skupina E	slosarcik-stanislav	ort-mertl-stano	2	0	slosarcik-stanislav
gs2023-r2	group	skupina E	slosarcik-stanislav	polakova-silvia	2	0	slosarcik-stanislav
gs2023-r2	group	skupina E	slosarcik-stanislav	polak-daniel	2	0	slosarcik-stanislav
gs2023-r2	group	skupina E	slosarcik-stanislav	zradula-radoslav	2	1	slosarcik-stanislav
gs2023-r2	group	skupina E	mikula-michal	filatov-denys	2	0	mikula-michal
gs2023-r2	group	skupina E	mikula-michal	vavra-marian	2	0	mikula-michal
gs2023-r2	group	skupina E	mikula-michal	ort-mertl-stano	2	1	mikula-michal
gs2023-r2	group	skupina E	mikula-michal	polakova-silvia	2	0	mikula-michal
gs2023-r2	group	skupina E	mikula-michal	polak-daniel	2	0	mikula-michal
gs2023-r2	group	skupina E	mikula-michal	zradula-radoslav	2	0	mikula-michal
gs2023-r2	group	skupina E	filatov-denys	vavra-marian	2	0	filatov-denys
gs2023-r2	group	skupina E	filatov-denys	ort-mertl-stano	2	0	filatov-denys
gs2023-r2	group	skupina E	filatov-denys	polakova-silvia	2	0	filatov-denys
gs2023-r2	group	skupina E	filatov-denys	polak-daniel	2	0	filatov-denys
gs2023-r2	group	skupina E	filatov-denys	zradula-radoslav	2	0	filatov-denys
gs2023-r2	group	skupina E	vavra-marian	ort-mertl-stano	2	0	vavra-marian
gs2023-r2	group	skupina E	vavra-marian	polakova-silvia	2	1	vavra-marian
gs2023-r2	group	skupina E	vavra-marian	polak-daniel	2	0	vavra-marian
gs2023-r2	group	skupina E	vavra-marian	zradula-radoslav	2	1	vavra-marian
gs2023-r2	group	skupina E	ort-mertl-stano	polakova-silvia	2	1	ort-mertl-stano
gs2023-r2	group	skupina E	ort-mertl-stano	polak-daniel	2	0	ort-mertl-stano
gs2023-r2	group	skupina E	ort-mertl-stano	zradula-radoslav	2	0	ort-mertl-stano
gs2023-r2	group	skupina E	polakova-silvia	polak-daniel	2	1	polakova-silvia
gs2023-r2	group	skupina E	polakova-silvia	zradula-radoslav	2	0	polakova-silvia
gs2023-r2	group	skupina E	polak-daniel	zradula-radoslav	2	1	polak-daniel
gs2023-r2	group	skupina F	skyba-marek	malisek-drahomir	2	0	skyba-marek
gs2023-r2	group	skupina F	skyba-marek	stofej-marian	2	1	skyba-marek
gs2023-r2	group	skupina F	skyba-marek	sedlacek-michal	2	1	skyba-marek
gs2023-r2	group	skupina F	skyba-marek	pastva-ondrej	2	0	skyba-marek
gs2023-r2	group	skupina F	skyba-marek	zabransky-martin	2	0	skyba-marek
gs2023-r2	group	skupina F	skyba-marek	belosic-dusan	2	0	skyba-marek
gs2023-r2	group	skupina F	skyba-marek	studenic-robo	2	0	skyba-marek
gs2023-r2	group	skupina F	skyba-marek	mrazkova-viera	2	0	skyba-marek
gs2023-r2	group	skupina F	malisek-drahomir	stofej-marian	2	0	malisek-drahomir
gs2023-r2	group	skupina F	malisek-drahomir	sedlacek-michal	2	1	malisek-drahomir
gs2023-r2	group	skupina F	malisek-drahomir	pastva-ondrej	2	1	malisek-drahomir
gs2023-r2	group	skupina F	malisek-drahomir	zabransky-martin	2	0	malisek-drahomir
gs2023-r2	group	skupina F	malisek-drahomir	belosic-dusan	2	0	malisek-drahomir
gs2023-r2	group	skupina F	malisek-drahomir	studenic-robo	2	0	malisek-drahomir
gs2023-r2	group	skupina F	malisek-drahomir	mrazkova-viera	2	0	malisek-drahomir
gs2023-r2	group	skupina F	stofej-marian	sedlacek-michal	2	1	stofej-marian
gs2023-r2	group	skupina F	stofej-marian	pastva-ondrej	2	0	stofej-marian
gs2023-r2	group	skupina F	stofej-marian	zabransky-martin	2	0	stofej-marian
gs2023-r2	group	skupina F	stofej-marian	belosic-dusan	2	0	stofej-marian
gs2023-r2	group	skupina F	stofej-marian	studenic-robo	2	0	stofej-marian
gs2023-r2	group	skupina F	stofej-marian	mrazkova-viera	2	0	stofej-marian
gs2023-r2	group	skupina F	sedlacek-michal	pastva-ondrej	2	0	sedlacek-michal
gs2023-r2	group	skupina F	sedlacek-michal	zabransky-martin	2	0	sedlacek-michal
gs2023-r2	group	skupina F	sedlacek-michal	belosic-dusan	2	0	sedlacek-michal
gs2023-r2	group	skupina F	sedlacek-michal	studenic-robo	2	0	sedlacek-michal
gs2023-r2	group	skupina F	sedlacek-michal	mrazkova-viera	2	0	sedlacek-michal
gs2023-r2	group	skupina F	pastva-ondrej	zabransky-martin	2	0	pastva-ondrej
gs2023-r2	group	skupina F	pastva-ondrej	belosic-dusan	2	0	pastva-ondrej
gs2023-r2	group	skupina F	pastva-ondrej	studenic-robo	2	0	pastva-ondrej
gs2023-r2	group	skupina F	pastva-ondrej	mrazkova-viera	2	0	pastva-ondrej
gs2023-r2	group	skupina F	zabransky-martin	belosic-dusan	2	1	zabransky-martin
gs2023-r2	group	skupina F	zabransky-martin	studenic-robo	2	0	zabransky-martin
gs2023-r2	group	skupina F	zabransky-martin	mrazkova-viera	2	0	zabransky-martin
gs2023-r2	group	skupina F	belosic-dusan	studenic-robo	2	0	belosic-dusan
gs2023-r2	group	skupina F	belosic-dusan	mrazkova-viera	2	0	belosic-dusan
gs2023-r2	group	skupina F	studenic-robo	mrazkova-viera	2	0	studenic-robo
gs2023-r2	group	skupina G	jurcekova-jana	jakubec-peter	2	0	jurcekova-jana
gs2023-r2	group	skupina G	jurcekova-jana	stan-milan	0	2	stan-milan
gs2023-r2	group	skupina G	jurcekova-jana	mracek-lubomir	2	0	jurcekova-jana
gs2023-r2	group	skupina G	jurcekova-jana	dulay-jan	2	1	jurcekova-jana
gs2023-r2	group	skupina G	jurcekova-jana	beber-frantisek	2	0	jurcekova-jana
gs2023-r2	group	skupina G	jurcekova-jana	poliak-miroslav	2	1	jurcekova-jana
gs2023-r2	group	skupina G	jurcekova-jana	holcz-robert	2	0	jurcekova-jana
gs2023-r2	group	skupina G	jurcekova-jana	nepsinsky-martin	2	0	jurcekova-jana
gs2023-r2	group	skupina G	jakubec-peter	stan-milan	2	0	jakubec-peter
gs2023-r2	group	skupina G	jakubec-peter	mracek-lubomir	2	0	jakubec-peter
gs2023-r2	group	skupina G	jakubec-peter	dulay-jan	2	0	jakubec-peter
gs2023-r2	group	skupina G	jakubec-peter	beber-frantisek	2	0	jakubec-peter
gs2023-r2	group	skupina G	jakubec-peter	poliak-miroslav	2	0	jakubec-peter
gs2023-r2	group	skupina G	jakubec-peter	holcz-robert	2	0	jakubec-peter
gs2023-r2	group	skupina G	jakubec-peter	nepsinsky-martin	2	0	jakubec-peter
gs2023-r2	group	skupina G	stan-milan	mracek-lubomir	2	1	stan-milan
gs2023-r2	group	skupina G	stan-milan	dulay-jan	0	2	dulay-jan
gs2023-r2	group	skupina G	stan-milan	beber-frantisek	2	0	stan-milan
gs2023-r2	group	skupina G	stan-milan	poliak-miroslav	2	0	stan-milan
gs2023-r2	group	skupina G	stan-milan	holcz-robert	2	0	stan-milan
gs2023-r2	group	skupina G	stan-milan	nepsinsky-martin	2	0	stan-milan
gs2023-r2	group	skupina G	mracek-lubomir	dulay-jan	2	1	mracek-lubomir
gs2023-r2	group	skupina G	mracek-lubomir	beber-frantisek	2	0	mracek-lubomir
gs2023-r2	group	skupina G	mracek-lubomir	poliak-miroslav	2	0	mracek-lubomir
gs2023-r2	group	skupina G	mracek-lubomir	holcz-robert	2	0	mracek-lubomir
gs2023-r2	group	skupina G	mracek-lubomir	nepsinsky-martin	2	0	mracek-lubomir
gs2023-r2	group	skupina G	dulay-jan	beber-frantisek	2	0	dulay-jan
gs2023-r2	group	skupina G	dulay-jan	poliak-miroslav	2	1	dulay-jan
gs2023-r2	group	skupina G	dulay-jan	holcz-robert	2	0	dulay-jan
gs2023-r2	group	skupina G	dulay-jan	nepsinsky-martin	2	0	dulay-jan
gs2023-r2	group	skupina G	beber-frantisek	poliak-miroslav	2	1	beber-frantisek
gs2023-r2	group	skupina G	beber-frantisek	holcz-robert	2	0	beber-frantisek
gs2023-r2	group	skupina G	beber-frantisek	nepsinsky-martin	1	2	nepsinsky-martin
gs2023-r2	group	skupina G	poliak-miroslav	holcz-robert	2	0	poliak-miroslav
gs2023-r2	group	skupina G	poliak-miroslav	nepsinsky-martin	2	0	poliak-miroslav
gs2023-r2	group	skupina G	holcz-robert	nepsinsky-martin	2	0	holcz-robert
gs2023-r2	group	skupina H	markaj-mark	ryska-stefan	2	0	markaj-mark
gs2023-r2	group	skupina H	markaj-mark	suranovsky-martin	2	0	markaj-mark
gs2023-r2	group	skupina H	markaj-mark	blecha-stanislav	2	1	markaj-mark
gs2023-r2	group	skupina H	markaj-mark	nagyova-katarina	0	2	nagyova-katarina
gs2023-r2	group	skupina H	markaj-mark	misanik-branislav	2	0	markaj-mark
gs2023-r2	group	skupina H	markaj-mark	palencik-gabriel	2	0	markaj-mark
gs2023-r2	group	skupina H	markaj-mark	polak-peter	2	0	markaj-mark
gs2023-r2	group	skupina H	markaj-mark	mikus-erik	2	1	markaj-mark
gs2023-r2	group	skupina H	ryska-stefan	suranovsky-martin	2	1	ryska-stefan
gs2023-r2	group	skupina H	ryska-stefan	blecha-stanislav	2	1	ryska-stefan
gs2023-r2	group	skupina H	ryska-stefan	nagyova-katarina	2	0	ryska-stefan
gs2023-r2	group	skupina H	ryska-stefan	misanik-branislav	2	0	ryska-stefan
gs2023-r2	group	skupina H	ryska-stefan	palencik-gabriel	2	0	ryska-stefan
gs2023-r2	group	skupina H	ryska-stefan	polak-peter	2	1	ryska-stefan
gs2023-r2	group	skupina H	ryska-stefan	mikus-erik	2	0	ryska-stefan
gs2023-r2	group	skupina H	suranovsky-martin	blecha-stanislav	2	0	suranovsky-martin
gs2023-r2	group	skupina H	suranovsky-martin	nagyova-katarina	2	1	suranovsky-martin
gs2023-r2	group	skupina H	suranovsky-martin	misanik-branislav	2	0	suranovsky-martin
gs2023-r2	group	skupina H	suranovsky-martin	palencik-gabriel	1	2	palencik-gabriel
gs2023-r2	group	skupina H	suranovsky-martin	polak-peter	2	0	suranovsky-martin
gs2023-r2	group	skupina H	suranovsky-martin	mikus-erik	2	0	suranovsky-martin
gs2023-r2	group	skupina H	blecha-stanislav	nagyova-katarina	0	2	nagyova-katarina
gs2023-r2	group	skupina H	blecha-stanislav	misanik-branislav	2	0	blecha-stanislav
gs2023-r2	group	skupina H	blecha-stanislav	palencik-gabriel	2	0	blecha-stanislav
gs2023-r2	group	skupina H	blecha-stanislav	polak-peter	2	0	blecha-stanislav
gs2023-r2	group	skupina H	blecha-stanislav	mikus-erik	2	0	blecha-stanislav
gs2023-r2	group	skupina H	nagyova-katarina	misanik-branislav	0	2	misanik-branislav
gs2023-r2	group	skupina H	nagyova-katarina	palencik-gabriel	2	0	nagyova-katarina
gs2023-r2	group	skupina H	nagyova-katarina	polak-peter	2	0	nagyova-katarina
gs2023-r2	group	skupina H	nagyova-katarina	mikus-erik	1	2	mikus-erik
gs2023-r2	group	skupina H	misanik-branislav	palencik-gabriel	2	0	misanik-branislav
gs2023-r2	group	skupina H	misanik-branislav	polak-peter	2	0	misanik-branislav
gs2023-r2	group	skupina H	misanik-branislav	mikus-erik	2	0	misanik-branislav
gs2023-r2	group	skupina H	palencik-gabriel	polak-peter	2	1	palencik-gabriel
gs2023-r2	group	skupina H	palencik-gabriel	mikus-erik	2	0	palencik-gabriel
gs2023-r2	group	skupina H	polak-peter	mikus-erik	2	0	polak-peter
gs2023-r2	group	skupina I	raslavsky-tomas	gros-pavol	2	0	raslavsky-tomas
gs2023-r2	group	skupina I	raslavsky-tomas	klempa-jan	2	1	raslavsky-tomas
gs2023-r2	group	skupina I	raslavsky-tomas	kubalcova-xenia	2	0	raslavsky-tomas
gs2023-r2	group	skupina I	raslavsky-tomas	hutka-vladimir	2	1	raslavsky-tomas
gs2023-r2	group	skupina I	raslavsky-tomas	duriac-matej	2	0	raslavsky-tomas
gs2023-r2	group	skupina I	raslavsky-tomas	slahor-maxim	2	0	raslavsky-tomas
gs2023-r2	group	skupina I	raslavsky-tomas	porubcan-miroslav	2	0	raslavsky-tomas
gs2023-r2	group	skupina I	raslavsky-tomas	stas-jozef	2	0	raslavsky-tomas
gs2023-r2	group	skupina I	gros-pavol	klempa-jan	2	0	gros-pavol
gs2023-r2	group	skupina I	gros-pavol	kubalcova-xenia	2	1	gros-pavol
gs2023-r2	group	skupina I	gros-pavol	hutka-vladimir	2	1	gros-pavol
gs2023-r2	group	skupina I	gros-pavol	duriac-matej	2	0	gros-pavol
gs2023-r2	group	skupina I	gros-pavol	slahor-maxim	2	0	gros-pavol
gs2023-r2	group	skupina I	gros-pavol	porubcan-miroslav	2	0	gros-pavol
gs2023-r2	group	skupina I	gros-pavol	stas-jozef	2	0	gros-pavol
gs2023-r2	group	skupina I	klempa-jan	kubalcova-xenia	2	0	klempa-jan
gs2023-r2	group	skupina I	klempa-jan	hutka-vladimir	2	0	klempa-jan
gs2023-r2	group	skupina I	klempa-jan	duriac-matej	2	0	klempa-jan
gs2023-r2	group	skupina I	klempa-jan	slahor-maxim	2	0	klempa-jan
gs2023-r2	group	skupina I	klempa-jan	porubcan-miroslav	2	0	klempa-jan
gs2023-r2	group	skupina I	klempa-jan	stas-jozef	2	0	klempa-jan
gs2023-r2	group	skupina I	kubalcova-xenia	hutka-vladimir	2	0	kubalcova-xenia
gs2023-r2	group	skupina I	kubalcova-xenia	duriac-matej	1	2	duriac-matej
gs2023-r2	group	skupina I	kubalcova-xenia	slahor-maxim	2	0	kubalcova-xenia
gs2023-r2	group	skupina I	kubalcova-xenia	porubcan-miroslav	2	0	kubalcova-xenia
gs2023-r2	group	skupina I	kubalcova-xenia	stas-jozef	2	0	kubalcova-xenia
gs2023-r2	group	skupina I	hutka-vladimir	duriac-matej	2	0	hutka-vladimir
gs2023-r2	group	skupina I	hutka-vladimir	slahor-maxim	2	0	hutka-vladimir
gs2023-r2	group	skupina I	hutka-vladimir	porubcan-miroslav	2	0	hutka-vladimir
gs2023-r2	group	skupina I	hutka-vladimir	stas-jozef	2	0	hutka-vladimir
gs2023-r2	group	skupina I	duriac-matej	slahor-maxim	2	0	duriac-matej
gs2023-r2	group	skupina I	duriac-matej	porubcan-miroslav	1	2	porubcan-miroslav
gs2023-r2	group	skupina I	duriac-matej	stas-jozef	2	0	duriac-matej
gs2023-r2	group	skupina I	slahor-maxim	porubcan-miroslav	2	0	slahor-maxim
gs2023-r2	group	skupina I	slahor-maxim	stas-jozef	2	0	slahor-maxim
gs2023-r2	group	skupina I	porubcan-miroslav	stas-jozef	2	0	porubcan-miroslav
gs2023-r2	group	skupina J	mateasik-dominik	donoval-lubos	2	0	mateasik-dominik
gs2023-r2	group	skupina J	mateasik-dominik	krajcovic-vlado	2	0	mateasik-dominik
gs2023-r2	group	skupina J	mateasik-dominik	sturdik-marian	2	0	mateasik-dominik
gs2023-r2	group	skupina J	mateasik-dominik	szalayova-sylvia	2	0	mateasik-dominik
gs2023-r2	group	skupina J	mateasik-dominik	klima-marian	2	1	mateasik-dominik
gs2023-r2	group	skupina J	mateasik-dominik	ziska-vladimir	2	0	mateasik-dominik
gs2023-r2	group	skupina J	mateasik-dominik	hutka-samuel	2	0	mateasik-dominik
gs2023-r2	group	skupina J	mateasik-dominik	masarova-jana	2	0	mateasik-dominik
gs2023-r2	group	skupina J	donoval-lubos	krajcovic-vlado	2	1	donoval-lubos
gs2023-r2	group	skupina J	donoval-lubos	sturdik-marian	2	1	donoval-lubos
gs2023-r2	group	skupina J	donoval-lubos	szalayova-sylvia	0	2	szalayova-sylvia
gs2023-r2	group	skupina J	donoval-lubos	klima-marian	2	1	donoval-lubos
gs2023-r2	group	skupina J	donoval-lubos	ziska-vladimir	2	0	donoval-lubos
gs2023-r2	group	skupina J	donoval-lubos	hutka-samuel	2	0	donoval-lubos
gs2023-r2	group	skupina J	donoval-lubos	masarova-jana	2	0	donoval-lubos
gs2023-r2	group	skupina J	krajcovic-vlado	sturdik-marian	2	0	krajcovic-vlado
gs2023-r2	group	skupina J	krajcovic-vlado	szalayova-sylvia	2	0	krajcovic-vlado
gs2023-r2	group	skupina J	krajcovic-vlado	klima-marian	0	2	klima-marian
gs2023-r2	group	skupina J	krajcovic-vlado	ziska-vladimir	2	0	krajcovic-vlado
gs2023-r2	group	skupina J	krajcovic-vlado	hutka-samuel	2	0	krajcovic-vlado
gs2023-r2	group	skupina J	krajcovic-vlado	masarova-jana	2	0	krajcovic-vlado
gs2023-r2	group	skupina J	sturdik-marian	szalayova-sylvia	2	0	sturdik-marian
gs2023-r2	group	skupina J	sturdik-marian	klima-marian	2	0	sturdik-marian
gs2023-r2	group	skupina J	sturdik-marian	ziska-vladimir	2	0	sturdik-marian
gs2023-r2	group	skupina J	sturdik-marian	hutka-samuel	2	0	sturdik-marian
gs2023-r2	group	skupina J	sturdik-marian	masarova-jana	2	0	sturdik-marian
gs2023-r2	group	skupina J	szalayova-sylvia	klima-marian	2	0	szalayova-sylvia
gs2023-r2	group	skupina J	szalayova-sylvia	ziska-vladimir	2	1	szalayova-sylvia
gs2023-r2	group	skupina J	szalayova-sylvia	hutka-samuel	2	0	szalayova-sylvia
gs2023-r2	group	skupina J	szalayova-sylvia	masarova-jana	2	0	szalayova-sylvia
gs2023-r2	group	skupina J	klima-marian	ziska-vladimir	2	0	klima-marian
gs2023-r2	group	skupina J	klima-marian	hutka-samuel	2	0	klima-marian
gs2023-r2	group	skupina J	klima-marian	masarova-jana	2	0	klima-marian
gs2023-r2	group	skupina J	ziska-vladimir	hutka-samuel	2	0	ziska-vladimir
gs2023-r2	group	skupina J	ziska-vladimir	masarova-jana	2	0	ziska-vladimir
gs2023-r2	group	skupina J	hutka-samuel	masarova-jana	2	0	hutka-samuel
gs2023-r2	group	skupina K	goda-ivan	gallo-viliam	2	0	goda-ivan
gs2023-r2	group	skupina K	goda-ivan	jakus-michal	2	1	goda-ivan
gs2023-r2	group	skupina K	goda-ivan	zitny-vojtech	1	2	zitny-vojtech
gs2023-r2	group	skupina K	goda-ivan	szolnoki-attila	2	0	goda-ivan
gs2023-r2	group	skupina K	goda-ivan	hlavati-zdeno	2	0	goda-ivan
gs2023-r2	group	skupina K	goda-ivan	petrak-jozef	2	1	goda-ivan
gs2023-r2	group	skupina K	goda-ivan	kravcak-milan	2	1	goda-ivan
gs2023-r2	group	skupina K	goda-ivan	danisova-silvia	2	0	goda-ivan
gs2023-r2	group	skupina K	gallo-viliam	jakus-michal	2	0	gallo-viliam
gs2023-r2	group	skupina K	gallo-viliam	zitny-vojtech	0	2	zitny-vojtech
gs2023-r2	group	skupina K	gallo-viliam	szolnoki-attila	2	1	gallo-viliam
gs2023-r2	group	skupina K	gallo-viliam	hlavati-zdeno	2	0	gallo-viliam
gs2023-r2	group	skupina K	gallo-viliam	petrak-jozef	2	0	gallo-viliam
gs2023-r2	group	skupina K	gallo-viliam	kravcak-milan	2	0	gallo-viliam
gs2023-r2	group	skupina K	gallo-viliam	danisova-silvia	2	0	gallo-viliam
gs2023-r2	group	skupina K	jakus-michal	zitny-vojtech	2	0	jakus-michal
gs2023-r2	group	skupina K	jakus-michal	szolnoki-attila	2	0	jakus-michal
gs2023-r2	group	skupina K	jakus-michal	hlavati-zdeno	2	1	jakus-michal
gs2023-r2	group	skupina K	jakus-michal	petrak-jozef	2	0	jakus-michal
gs2023-r2	group	skupina K	jakus-michal	kravcak-milan	2	0	jakus-michal
gs2023-r2	group	skupina K	jakus-michal	danisova-silvia	2	0	jakus-michal
gs2023-r2	group	skupina K	zitny-vojtech	szolnoki-attila	2	0	zitny-vojtech
gs2023-r2	group	skupina K	zitny-vojtech	hlavati-zdeno	1	2	hlavati-zdeno
gs2023-r2	group	skupina K	zitny-vojtech	petrak-jozef	1	2	petrak-jozef
gs2023-r2	group	skupina K	zitny-vojtech	kravcak-milan	2	0	zitny-vojtech
gs2023-r2	group	skupina K	zitny-vojtech	danisova-silvia	2	0	zitny-vojtech
gs2023-r2	group	skupina K	szolnoki-attila	hlavati-zdeno	2	0	szolnoki-attila
gs2023-r2	group	skupina K	szolnoki-attila	petrak-jozef	2	0	szolnoki-attila
gs2023-r2	group	skupina K	szolnoki-attila	kravcak-milan	2	0	szolnoki-attila
gs2023-r2	group	skupina K	szolnoki-attila	danisova-silvia	2	0	szolnoki-attila
gs2023-r2	group	skupina K	hlavati-zdeno	petrak-jozef	2	0	hlavati-zdeno
gs2023-r2	group	skupina K	hlavati-zdeno	kravcak-milan	0	2	kravcak-milan
gs2023-r2	group	skupina K	hlavati-zdeno	danisova-silvia	2	0	hlavati-zdeno
gs2023-r2	group	skupina K	petrak-jozef	kravcak-milan	2	0	petrak-jozef
gs2023-r2	group	skupina K	petrak-jozef	danisova-silvia	2	1	petrak-jozef
gs2023-r2	group	skupina K	kravcak-milan	danisova-silvia	2	0	kravcak-milan
gs2023-r2	group	skupina L	andras-igor	vyskoc-roman	2	1	andras-igor
gs2023-r2	group	skupina L	andras-igor	holecek-svetozar	2	0	andras-igor
gs2023-r2	group	skupina L	andras-igor	sasko-igor	2	1	andras-igor
gs2023-r2	group	skupina L	andras-igor	olexa-patrik	2	0	andras-igor
gs2023-r2	group	skupina L	andras-igor	hritzova-zuzana	0	2	hritzova-zuzana
gs2023-r2	group	skupina L	andras-igor	caro-pavol	2	0	andras-igor
gs2023-r2	group	skupina L	andras-igor	slahor-radovan	2	0	andras-igor
gs2023-r2	group	skupina L	andras-igor	hrtan-filip	2	0	andras-igor
gs2023-r2	group	skupina L	andras-igor	hajko-fero	2	0	andras-igor
gs2023-r2	group	skupina L	vyskoc-roman	holecek-svetozar	2	0	vyskoc-roman
gs2023-r2	group	skupina L	vyskoc-roman	sasko-igor	2	0	vyskoc-roman
gs2023-r2	group	skupina L	vyskoc-roman	olexa-patrik	2	0	vyskoc-roman
gs2023-r2	group	skupina L	vyskoc-roman	hritzova-zuzana	2	1	vyskoc-roman
gs2023-r2	group	skupina L	vyskoc-roman	caro-pavol	2	0	vyskoc-roman
gs2023-r2	group	skupina L	vyskoc-roman	slahor-radovan	2	1	vyskoc-roman
gs2023-r2	group	skupina L	vyskoc-roman	hrtan-filip	2	0	vyskoc-roman
gs2023-r2	group	skupina L	vyskoc-roman	hajko-fero	2	0	vyskoc-roman
gs2023-r2	group	skupina L	holecek-svetozar	sasko-igor	2	1	holecek-svetozar
gs2023-r2	group	skupina L	holecek-svetozar	olexa-patrik	2	0	holecek-svetozar
gs2023-r2	group	skupina L	holecek-svetozar	hritzova-zuzana	2	0	holecek-svetozar
gs2023-r2	group	skupina L	holecek-svetozar	caro-pavol	2	0	holecek-svetozar
gs2023-r2	group	skupina L	holecek-svetozar	slahor-radovan	2	0	holecek-svetozar
gs2023-r2	group	skupina L	holecek-svetozar	hrtan-filip	2	1	holecek-svetozar
gs2023-r2	group	skupina L	holecek-svetozar	hajko-fero	2	0	holecek-svetozar
gs2023-r2	group	skupina L	sasko-igor	olexa-patrik	2	1	sasko-igor
gs2023-r2	group	skupina L	sasko-igor	hritzova-zuzana	2	0	sasko-igor
gs2023-r2	group	skupina L	sasko-igor	caro-pavol	2	0	sasko-igor
gs2023-r2	group	skupina L	sasko-igor	slahor-radovan	2	1	sasko-igor
gs2023-r2	group	skupina L	sasko-igor	hrtan-filip	2	0	sasko-igor
gs2023-r2	group	skupina L	sasko-igor	hajko-fero	2	0	sasko-igor
gs2023-r2	group	skupina L	olexa-patrik	hritzova-zuzana	2	1	olexa-patrik
gs2023-r2	group	skupina L	olexa-patrik	caro-pavol	2	0	olexa-patrik
gs2023-r2	group	skupina L	olexa-patrik	slahor-radovan	2	0	olexa-patrik
gs2023-r2	group	skupina L	olexa-patrik	hrtan-filip	2	0	olexa-patrik
gs2023-r2	group	skupina L	olexa-patrik	hajko-fero	2	0	olexa-patrik
gs2023-r2	group	skupina L	hritzova-zuzana	caro-pavol	2	0	hritzova-zuzana
gs2023-r2	group	skupina L	hritzova-zuzana	slahor-radovan	1	2	slahor-radovan
gs2023-r2	group	skupina L	hritzova-zuzana	hrtan-filip	1	2	hrtan-filip
gs2023-r2	group	skupina L	hritzova-zuzana	hajko-fero	2	0	hritzova-zuzana
gs2023-r2	group	skupina L	caro-pavol	slahor-radovan	2	0	caro-pavol
gs2023-r2	group	skupina L	caro-pavol	hrtan-filip	2	0	caro-pavol
gs2023-r2	group	skupina L	caro-pavol	hajko-fero	2	0	caro-pavol
gs2023-r2	group	skupina L	slahor-radovan	hrtan-filip	2	0	slahor-radovan
gs2023-r2	group	skupina L	slahor-radovan	hajko-fero	2	0	slahor-radovan
gs2023-r2	group	skupina L	hrtan-filip	hajko-fero	0	2	hajko-fero
gs2023-r2	playoff	baráž	misanik-branislav	hlavati-zdeno	1	2	hlavati-zdeno
gs2023-r2	playoff	baráž	hritzova-zuzana	vavra-marian	0	2	vavra-marian
gs2023-r2	playoff	baráž	belak-ali	beber-frantisek	1	2	beber-frantisek
gs2023-r2	playoff	baráž	duriac-matej	horvath-lubomir	0	2	horvath-lubomir
gs2023-r2	playoff	baráž	kravcenko-sergii	ort-mertl-stano	2	1	kravcenko-sergii
gs2023-r2	playoff	baráž	sramko-michal	klima-marian	1	2	klima-marian
gs2023-r2	playoff	1. kolo	palencik-patrik	hlavati-zdeno	3	1	palencik-patrik
gs2023-r2	playoff	1. kolo	kulik-samuel	biacko-ivan	2	3	biacko-ivan
gs2023-r2	playoff	1. kolo	malisek-drahomir	blecha-stanislav	3	0	malisek-drahomir
gs2023-r2	playoff	1. kolo	szalayova-sylvia	slosarcik-stanislav	1	3	slosarcik-stanislav
gs2023-r2	playoff	1. kolo	jurcekova-jana	pastva-ondrej	2	3	pastva-ondrej
gs2023-r2	playoff	1. kolo	molnar-martin	ryska-stefan	3	2	molnar-martin
gs2023-r2	playoff	1. kolo	szellova-jana	sedlacek-michal	3	0	szellova-jana
gs2023-r2	playoff	1. kolo	vavra-marian	skyba-marek	0	3	skyba-marek
gs2023-r2	playoff	1. kolo	raslavsky-tomas	beber-frantisek	3	1	raslavsky-tomas
gs2023-r2	playoff	1. kolo	zitny-vojtech	stofej-marian	0	3	stofej-marian
gs2023-r2	playoff	1. kolo	gallo-viliam	sasko-igor	2	3	sasko-igor
gs2023-r2	playoff	1. kolo	szolnoki-attila	andras-igor	2	3	andras-igor
gs2023-r2	playoff	1. kolo	jakubec-peter	dulay-jan	3	1	jakubec-peter
gs2023-r2	playoff	1. kolo	nagyova-katarina	pacal-dusan	3	2	nagyova-katarina
gs2023-r2	playoff	1. kolo	mikula-michal	suranovsky-martin	0	3	suranovsky-martin
gs2023-r2	playoff	1. kolo	horvath-lubomir	jerzova-katarina	0	3	jerzova-katarina
gs2023-r2	playoff	1. kolo	taborsky-dusan	kravcenko-sergii	3	1	taborsky-dusan
gs2023-r2	playoff	1. kolo	holecek-svetozar	stan-milan	1	3	stan-milan
gs2023-r2	playoff	1. kolo	vyskoc-roman	kubalcova-xenia	3	0	vyskoc-roman
gs2023-r2	playoff	1. kolo	liptak-daniel	danis-milan	1	3	danis-milan
gs2023-r2	playoff	1. kolo	goda-ivan	olexa-patrik	3	2	goda-ivan
gs2023-r2	playoff	1. kolo	sturdik-marian	donoval-lubos	1	3	donoval-lubos
gs2023-r2	playoff	1. kolo	klempa-jan	fikar-miroslav	3	0	klempa-jan
gs2023-r2	playoff	1. kolo	volanska-patricia	fares-amin	0	3	fares-amin
gs2023-r2	playoff	1. kolo	simko-erik	zabransky-martin	3	0	simko-erik
gs2023-r2	playoff	1. kolo	krajcovic-vlado	jakus-michal	2	3	jakus-michal
gs2023-r2	playoff	1. kolo	lajda-jan	mracek-lubomir	3	0	lajda-jan
gs2023-r2	playoff	1. kolo	hutka-vladimir	markaj-mark	1	3	markaj-mark
gs2023-r2	playoff	1. kolo	fulop-matej	gajarsky-roman	3	0	fulop-matej
gs2023-r2	playoff	1. kolo	filatov-denys	gros-pavol	0	3	gros-pavol
gs2023-r2	playoff	1. kolo	stellar-peter	hronsky-juraj	1	3	hronsky-juraj
gs2023-r2	playoff	1. kolo	klima-marian	mateasik-dominik	0	3	mateasik-dominik
gs2023-r2	playoff	16-finále	palencik-patrik	biacko-ivan	3	2	palencik-patrik
gs2023-r2	playoff	16-finále	malisek-drahomir	slosarcik-stanislav	3	1	malisek-drahomir
gs2023-r2	playoff	16-finále	pastva-ondrej	molnar-martin	0	3	molnar-martin
gs2023-r2	playoff	16-finále	szellova-jana	skyba-marek	3	1	szellova-jana
gs2023-r2	playoff	16-finále	raslavsky-tomas	stofej-marian	3	0	raslavsky-tomas
gs2023-r2	playoff	16-finále	sasko-igor	andras-igor	3	0	sasko-igor
gs2023-r2	playoff	16-finále	jakubec-peter	nagyova-katarina	3	0	jakubec-peter
gs2023-r2	playoff	16-finále	suranovsky-martin	jerzova-katarina	3	1	suranovsky-martin
gs2023-r2	playoff	16-finále	taborsky-dusan	stan-milan	3	2	taborsky-dusan
gs2023-r2	playoff	16-finále	vyskoc-roman	danis-milan	3	0	vyskoc-roman
gs2023-r2	playoff	16-finále	goda-ivan	donoval-lubos	0	3	donoval-lubos
gs2023-r2	playoff	16-finále	klempa-jan	fares-amin	3	2	klempa-jan
gs2023-r2	playoff	16-finále	simko-erik	jakus-michal	3	0	simko-erik
gs2023-r2	playoff	16-finále	lajda-jan	markaj-mark	1	3	markaj-mark
gs2023-r2	playoff	16-finále	fulop-matej	gros-pavol	0	3	gros-pavol
gs2023-r2	playoff	16-finále	hronsky-juraj	mateasik-dominik	1	3	mateasik-dominik
gs2023-r2	playoff	osemfinále	palencik-patrik	malisek-drahomir	3	0	palencik-patrik
gs2023-r2	playoff	osemfinále	molnar-martin	szellova-jana	3	0	molnar-martin
gs2023-r2	playoff	osemfinále	raslavsky-tomas	sasko-igor	3	0	raslavsky-tomas
gs2023-r2	playoff	osemfinále	jakubec-peter	suranovsky-martin	3	0	jakubec-peter
gs2023-r2	playoff	osemfinále	taborsky-dusan	vyskoc-roman	3	0	taborsky-dusan
gs2023-r2	playoff	osemfinále	donoval-lubos	klempa-jan	1	3	klempa-jan
gs2023-r2	playoff	osemfinále	simko-erik	markaj-mark	2	3	markaj-mark
gs2023-r2	playoff	osemfinále	gros-pavol	mateasik-dominik	3	2	gros-pavol
gs2023-r2	playoff	štvrťfinále	palencik-patrik	molnar-martin	3	1	palencik-patrik
gs2023-r2	playoff	štvrťfinále	raslavsky-tomas	jakubec-peter	1	3	jakubec-peter
gs2023-r2	playoff	štvrťfinále	taborsky-dusan	klempa-jan	0	3	klempa-jan
gs2023-r2	playoff	štvrťfinále	markaj-mark	gros-pavol	3	1	markaj-mark
gs2023-r2	playoff	semifinále	palencik-patrik	jakubec-peter	0	3	jakubec-peter
gs2023-r2	playoff	semifinále	klempa-jan	markaj-mark	3	2	klempa-jan
gs2023-r2	playoff	finále	klempa-jan	jakubec-peter	3	2	klempa-jan
gs2023-r2	women	ženy: osemfinále	nagyova-katarina	kubalcova-xenia	2	1	nagyova-katarina
gs2023-r2	women	ženy: osemfinále	danisova-silvia	szalayova-sylvia	0	2	szalayova-sylvia
gs2023-r2	women	ženy: osemfinále	masarova-jana	jurcekova-katarina	0	2	jurcekova-katarina
gs2023-r2	women	ženy: osemfinále	szellova-jana	volanska-patricia	2	0	szellova-jana
gs2023-r2	women	ženy: osemfinále	ralbovska-jarmila	hritzova-zuzana	0	2	hritzova-zuzana
gs2023-r2	women	ženy: osemfinále	mrazkova-viera	polakova-silvia	0	2	polakova-silvia
gs2023-r2	women	ženy: štvrťfinále	jurcekova-jana	nagyova-katarina	2	0	jurcekova-jana
gs2023-r2	women	ženy: štvrťfinále	szalayova-sylvia	jurcekova-katarina	2	0	szalayova-sylvia
gs2023-r2	women	ženy: štvrťfinále	szellova-jana	hritzova-zuzana	2	0	szellova-jana
gs2023-r2	women	ženy: štvrťfinále	polakova-silvia	jerzova-katarina	0	2	jerzova-katarina
gs2023-r2	women	ženy: semifinále	jurcekova-jana	szalayova-sylvia	2	0	jurcekova-jana
gs2023-r2	women	ženy: semifinále	szellova-jana	jerzova-katarina	0	2	jerzova-katarina
gs2023-r2	women	ženy: finále	jurcekova-jana	jerzova-katarina	1	3	jerzova-katarina
gs2023-r3	group	skupina A	palencik-patrik	pastva-ondrej	2	0	palencik-patrik
gs2023-r3	group	skupina A	palencik-patrik	filatov-denys	1	2	filatov-denys
gs2023-r3	group	skupina A	palencik-patrik	horvath-lubomir	2	0	palencik-patrik
gs2023-r3	group	skupina A	palencik-patrik	szalayova-sylvia	2	0	palencik-patrik
gs2023-r3	group	skupina A	palencik-patrik	misanik-branislav	2	0	palencik-patrik
gs2023-r3	group	skupina A	palencik-patrik	klaco-jaroslav	2	0	palencik-patrik
gs2023-r3	group	skupina A	palencik-patrik	malisek-timotej	2	0	palencik-patrik
gs2023-r3	group	skupina A	pastva-ondrej	filatov-denys	2	1	pastva-ondrej
gs2023-r3	group	skupina A	pastva-ondrej	horvath-lubomir	2	0	pastva-ondrej
gs2023-r3	group	skupina A	pastva-ondrej	szalayova-sylvia	2	1	pastva-ondrej
gs2023-r3	group	skupina A	pastva-ondrej	misanik-branislav	2	0	pastva-ondrej
gs2023-r3	group	skupina A	pastva-ondrej	klaco-jaroslav	2	0	pastva-ondrej
gs2023-r3	group	skupina A	pastva-ondrej	malisek-timotej	2	0	pastva-ondrej
gs2023-r3	group	skupina A	filatov-denys	horvath-lubomir	0	2	horvath-lubomir
gs2023-r3	group	skupina A	filatov-denys	szalayova-sylvia	2	0	filatov-denys
gs2023-r3	group	skupina A	filatov-denys	misanik-branislav	2	0	filatov-denys
gs2023-r3	group	skupina A	filatov-denys	klaco-jaroslav	2	0	filatov-denys
gs2023-r3	group	skupina A	filatov-denys	malisek-timotej	2	0	filatov-denys
gs2023-r3	group	skupina A	horvath-lubomir	szalayova-sylvia	2	0	horvath-lubomir
gs2023-r3	group	skupina A	horvath-lubomir	misanik-branislav	2	0	horvath-lubomir
gs2023-r3	group	skupina A	horvath-lubomir	klaco-jaroslav	2	0	horvath-lubomir
gs2023-r3	group	skupina A	horvath-lubomir	malisek-timotej	1	2	malisek-timotej
gs2023-r3	group	skupina A	szalayova-sylvia	misanik-branislav	2	0	szalayova-sylvia
gs2023-r3	group	skupina A	szalayova-sylvia	klaco-jaroslav	2	0	szalayova-sylvia
gs2023-r3	group	skupina A	szalayova-sylvia	malisek-timotej	0	2	malisek-timotej
gs2023-r3	group	skupina A	misanik-branislav	klaco-jaroslav	0	2	klaco-jaroslav
gs2023-r3	group	skupina A	misanik-branislav	malisek-timotej	2	0	misanik-branislav
gs2023-r3	group	skupina A	klaco-jaroslav	malisek-timotej	2	0	klaco-jaroslav
gs2023-r3	group	skupina B	andras-igor	jakus-michal	2	1	andras-igor
gs2023-r3	group	skupina B	andras-igor	mateasik-dominik	2	1	andras-igor
gs2023-r3	group	skupina B	andras-igor	krc-miroslav	1	2	krc-miroslav
gs2023-r3	group	skupina B	andras-igor	jelemensky-daniel	2	0	andras-igor
gs2023-r3	group	skupina B	andras-igor	klimek-stefan	2	0	andras-igor
gs2023-r3	group	skupina B	andras-igor	zitny-vojtech	2	1	andras-igor
gs2023-r3	group	skupina B	andras-igor	malisek-gabriel-st	2	0	andras-igor
gs2023-r3	group	skupina B	jakus-michal	mateasik-dominik	0	2	mateasik-dominik
gs2023-r3	group	skupina B	jakus-michal	krc-miroslav	1	2	krc-miroslav
gs2023-r3	group	skupina B	jakus-michal	jelemensky-daniel	1	2	jelemensky-daniel
gs2023-r3	group	skupina B	jakus-michal	klimek-stefan	2	0	jakus-michal
gs2023-r3	group	skupina B	jakus-michal	zitny-vojtech	2	1	jakus-michal
gs2023-r3	group	skupina B	jakus-michal	malisek-gabriel-st	2	0	jakus-michal
gs2023-r3	group	skupina B	mateasik-dominik	krc-miroslav	2	0	mateasik-dominik
gs2023-r3	group	skupina B	mateasik-dominik	jelemensky-daniel	2	1	mateasik-dominik
gs2023-r3	group	skupina B	mateasik-dominik	klimek-stefan	2	0	mateasik-dominik
gs2023-r3	group	skupina B	mateasik-dominik	zitny-vojtech	2	0	mateasik-dominik
gs2023-r3	group	skupina B	mateasik-dominik	malisek-gabriel-st	2	0	mateasik-dominik
gs2023-r3	group	skupina B	krc-miroslav	jelemensky-daniel	1	2	jelemensky-daniel
gs2023-r3	group	skupina B	krc-miroslav	klimek-stefan	2	0	krc-miroslav
gs2023-r3	group	skupina B	krc-miroslav	zitny-vojtech	2	1	krc-miroslav
gs2023-r3	group	skupina B	krc-miroslav	malisek-gabriel-st	2	0	krc-miroslav
gs2023-r3	group	skupina B	jelemensky-daniel	klimek-stefan	2	0	jelemensky-daniel
gs2023-r3	group	skupina B	jelemensky-daniel	zitny-vojtech	2	1	jelemensky-daniel
gs2023-r3	group	skupina B	jelemensky-daniel	malisek-gabriel-st	2	0	jelemensky-daniel
gs2023-r3	group	skupina B	klimek-stefan	zitny-vojtech	2	0	klimek-stefan
gs2023-r3	group	skupina B	klimek-stefan	malisek-gabriel-st	1	2	malisek-gabriel-st
gs2023-r3	group	skupina B	zitny-vojtech	malisek-gabriel-st	2	0	zitny-vojtech
gs2023-r3	group	skupina C	simko-erik	klauco-matej	2	0	simko-erik
gs2023-r3	group	skupina C	simko-erik	blecha-stanislav	2	1	simko-erik
gs2023-r3	group	skupina C	simko-erik	kratky-vladimir	2	1	simko-erik
gs2023-r3	group	skupina C	simko-erik	sebesta-jan	2	0	simko-erik
gs2023-r3	group	skupina C	simko-erik	klima-marian	2	0	simko-erik
gs2023-r3	group	skupina C	simko-erik	izakovic-jozef	2	0	simko-erik
gs2023-r3	group	skupina C	simko-erik	cavojsky-vladimir-st	1	2	cavojsky-vladimir-st
gs2023-r3	group	skupina C	klauco-matej	blecha-stanislav	2	1	klauco-matej
gs2023-r3	group	skupina C	klauco-matej	kratky-vladimir	2	0	klauco-matej
gs2023-r3	group	skupina C	klauco-matej	sebesta-jan	2	0	klauco-matej
gs2023-r3	group	skupina C	klauco-matej	klima-marian	2	1	klauco-matej
gs2023-r3	group	skupina C	klauco-matej	izakovic-jozef	2	0	klauco-matej
gs2023-r3	group	skupina C	klauco-matej	cavojsky-vladimir-st	2	0	klauco-matej
gs2023-r3	group	skupina C	blecha-stanislav	kratky-vladimir	2	0	blecha-stanislav
gs2023-r3	group	skupina C	blecha-stanislav	sebesta-jan	2	0	blecha-stanislav
gs2023-r3	group	skupina C	blecha-stanislav	klima-marian	2	0	blecha-stanislav
gs2023-r3	group	skupina C	blecha-stanislav	izakovic-jozef	2	0	blecha-stanislav
gs2023-r3	group	skupina C	blecha-stanislav	cavojsky-vladimir-st	2	1	blecha-stanislav
gs2023-r3	group	skupina C	kratky-vladimir	sebesta-jan	2	0	kratky-vladimir
gs2023-r3	group	skupina C	kratky-vladimir	klima-marian	2	1	kratky-vladimir
gs2023-r3	group	skupina C	kratky-vladimir	izakovic-jozef	2	0	kratky-vladimir
gs2023-r3	group	skupina C	kratky-vladimir	cavojsky-vladimir-st	2	1	kratky-vladimir
gs2023-r3	group	skupina C	sebesta-jan	klima-marian	1	2	klima-marian
gs2023-r3	group	skupina C	sebesta-jan	izakovic-jozef	2	0	sebesta-jan
gs2023-r3	group	skupina C	sebesta-jan	cavojsky-vladimir-st	0	2	cavojsky-vladimir-st
gs2023-r3	group	skupina C	klima-marian	izakovic-jozef	2	0	klima-marian
gs2023-r3	group	skupina C	klima-marian	cavojsky-vladimir-st	1	2	cavojsky-vladimir-st
gs2023-r3	group	skupina C	izakovic-jozef	cavojsky-vladimir-st	0	2	cavojsky-vladimir-st
gs2023-r3	group	skupina D	lajda-jan	caro-pavol	2	0	lajda-jan
gs2023-r3	group	skupina D	lajda-jan	jurcekova-jana	1	2	jurcekova-jana
gs2023-r3	group	skupina D	lajda-jan	chochlik-peter	2	0	lajda-jan
gs2023-r3	group	skupina D	lajda-jan	nagyova-katarina	2	0	lajda-jan
gs2023-r3	group	skupina D	lajda-jan	klima-lubos	2	0	lajda-jan
gs2023-r3	group	skupina D	lajda-jan	malisek-drahomir	1	2	malisek-drahomir
gs2023-r3	group	skupina D	lajda-jan	cavojsky-vladimir-ml	2	0	lajda-jan
gs2023-r3	group	skupina D	caro-pavol	jurcekova-jana	1	2	jurcekova-jana
gs2023-r3	group	skupina D	caro-pavol	chochlik-peter	1	2	chochlik-peter
gs2023-r3	group	skupina D	caro-pavol	nagyova-katarina	2	1	caro-pavol
gs2023-r3	group	skupina D	caro-pavol	klima-lubos	2	0	caro-pavol
gs2023-r3	group	skupina D	caro-pavol	malisek-drahomir	0	2	malisek-drahomir
gs2023-r3	group	skupina D	caro-pavol	cavojsky-vladimir-ml	2	0	caro-pavol
gs2023-r3	group	skupina D	jurcekova-jana	chochlik-peter	2	0	jurcekova-jana
gs2023-r3	group	skupina D	jurcekova-jana	nagyova-katarina	2	0	jurcekova-jana
gs2023-r3	group	skupina D	jurcekova-jana	klima-lubos	2	0	jurcekova-jana
gs2023-r3	group	skupina D	jurcekova-jana	malisek-drahomir	1	2	malisek-drahomir
gs2023-r3	group	skupina D	jurcekova-jana	cavojsky-vladimir-ml	2	0	jurcekova-jana
gs2023-r3	group	skupina D	chochlik-peter	nagyova-katarina	1	2	nagyova-katarina
gs2023-r3	group	skupina D	chochlik-peter	klima-lubos	2	0	chochlik-peter
gs2023-r3	group	skupina D	chochlik-peter	malisek-drahomir	0	2	malisek-drahomir
gs2023-r3	group	skupina D	chochlik-peter	cavojsky-vladimir-ml	2	0	chochlik-peter
gs2023-r3	group	skupina D	nagyova-katarina	klima-lubos	2	0	nagyova-katarina
gs2023-r3	group	skupina D	nagyova-katarina	malisek-drahomir	1	2	malisek-drahomir
gs2023-r3	group	skupina D	nagyova-katarina	cavojsky-vladimir-ml	2	1	nagyova-katarina
gs2023-r3	group	skupina D	klima-lubos	malisek-drahomir	0	2	malisek-drahomir
gs2023-r3	group	skupina D	klima-lubos	cavojsky-vladimir-ml	0	2	cavojsky-vladimir-ml
gs2023-r3	group	skupina D	malisek-drahomir	cavojsky-vladimir-ml	2	1	malisek-drahomir
gs2023-r3	group	skupina E	klempa-jan	gros-pavol	2	1	klempa-jan
gs2023-r3	group	skupina E	klempa-jan	goda-ivan	2	0	klempa-jan
gs2023-r3	group	skupina E	klempa-jan	vajsabel-pavol	2	0	klempa-jan
gs2023-r3	group	skupina E	klempa-jan	stellar-peter	2	0	klempa-jan
gs2023-r3	group	skupina E	klempa-jan	benca-peter	2	0	klempa-jan
gs2023-r3	group	skupina E	klempa-jan	vavra-marian	2	0	klempa-jan
gs2023-r3	group	skupina E	klempa-jan	cavojsky-ivan	2	1	klempa-jan
gs2023-r3	group	skupina E	klempa-jan	donoval-lubos	2	1	klempa-jan
gs2023-r3	group	skupina E	gros-pavol	goda-ivan	2	0	gros-pavol
gs2023-r3	group	skupina E	gros-pavol	vajsabel-pavol	2	0	gros-pavol
gs2023-r3	group	skupina E	gros-pavol	stellar-peter	2	0	gros-pavol
gs2023-r3	group	skupina E	gros-pavol	benca-peter	2	0	gros-pavol
gs2023-r3	group	skupina E	gros-pavol	vavra-marian	2	0	gros-pavol
gs2023-r3	group	skupina E	gros-pavol	cavojsky-ivan	2	1	gros-pavol
gs2023-r3	group	skupina E	gros-pavol	donoval-lubos	2	0	gros-pavol
gs2023-r3	group	skupina E	goda-ivan	vajsabel-pavol	2	0	goda-ivan
gs2023-r3	group	skupina E	goda-ivan	stellar-peter	0	2	stellar-peter
gs2023-r3	group	skupina E	goda-ivan	benca-peter	2	0	goda-ivan
gs2023-r3	group	skupina E	goda-ivan	vavra-marian	2	0	goda-ivan
gs2023-r3	group	skupina E	goda-ivan	cavojsky-ivan	1	2	cavojsky-ivan
gs2023-r3	group	skupina E	goda-ivan	donoval-lubos	0	2	donoval-lubos
gs2023-r3	group	skupina E	vajsabel-pavol	stellar-peter	0	2	stellar-peter
gs2023-r3	group	skupina E	vajsabel-pavol	benca-peter	2	1	vajsabel-pavol
gs2023-r3	group	skupina E	vajsabel-pavol	vavra-marian	0	2	vavra-marian
gs2023-r3	group	skupina E	vajsabel-pavol	cavojsky-ivan	0	2	cavojsky-ivan
gs2023-r3	group	skupina E	vajsabel-pavol	donoval-lubos	0	2	donoval-lubos
gs2023-r3	group	skupina E	stellar-peter	benca-peter	2	0	stellar-peter
gs2023-r3	group	skupina E	stellar-peter	vavra-marian	2	0	stellar-peter
gs2023-r3	group	skupina E	stellar-peter	cavojsky-ivan	2	0	stellar-peter
gs2023-r3	group	skupina E	stellar-peter	donoval-lubos	1	2	donoval-lubos
gs2023-r3	group	skupina E	benca-peter	vavra-marian	2	0	benca-peter
gs2023-r3	group	skupina E	benca-peter	cavojsky-ivan	0	2	cavojsky-ivan
gs2023-r3	group	skupina E	benca-peter	donoval-lubos	0	2	donoval-lubos
gs2023-r3	group	skupina E	vavra-marian	cavojsky-ivan	0	2	cavojsky-ivan
gs2023-r3	group	skupina E	vavra-marian	donoval-lubos	0	2	donoval-lubos
gs2023-r3	group	skupina E	cavojsky-ivan	donoval-lubos	0	2	donoval-lubos
gs2023-r3	group	skupina F	skyba-marek	jerzova-katarina	0	2	jerzova-katarina
gs2023-r3	group	skupina F	skyba-marek	sasko-igor	0	2	sasko-igor
gs2023-r3	group	skupina F	skyba-marek	chochlik-tibor	2	0	skyba-marek
gs2023-r3	group	skupina F	skyba-marek	kandrnal-ladislav	0	2	kandrnal-ladislav
gs2023-r3	group	skupina F	skyba-marek	belosic-dusan-st	2	0	skyba-marek
gs2023-r3	group	skupina F	skyba-marek	gajarsky-roman	2	0	skyba-marek
gs2023-r3	group	skupina F	skyba-marek	krupansky-roman	1	2	krupansky-roman
gs2023-r3	group	skupina F	skyba-marek	dedacek-miroslav	2	0	skyba-marek
gs2023-r3	group	skupina F	jerzova-katarina	sasko-igor	2	0	jerzova-katarina
gs2023-r3	group	skupina F	jerzova-katarina	chochlik-tibor	1	2	chochlik-tibor
gs2023-r3	group	skupina F	jerzova-katarina	kandrnal-ladislav	2	0	jerzova-katarina
gs2023-r3	group	skupina F	jerzova-katarina	belosic-dusan-st	2	0	jerzova-katarina
gs2023-r3	group	skupina F	jerzova-katarina	gajarsky-roman	2	0	jerzova-katarina
gs2023-r3	group	skupina F	jerzova-katarina	krupansky-roman	2	0	jerzova-katarina
gs2023-r3	group	skupina F	jerzova-katarina	dedacek-miroslav	2	0	jerzova-katarina
gs2023-r3	group	skupina F	sasko-igor	chochlik-tibor	2	1	sasko-igor
gs2023-r3	group	skupina F	sasko-igor	kandrnal-ladislav	0	2	kandrnal-ladislav
gs2023-r3	group	skupina F	sasko-igor	belosic-dusan-st	2	1	sasko-igor
gs2023-r3	group	skupina F	sasko-igor	gajarsky-roman	2	0	sasko-igor
gs2023-r3	group	skupina F	sasko-igor	krupansky-roman	2	1	sasko-igor
gs2023-r3	group	skupina F	sasko-igor	dedacek-miroslav	2	1	sasko-igor
gs2023-r3	group	skupina F	chochlik-tibor	kandrnal-ladislav	2	1	chochlik-tibor
gs2023-r3	group	skupina F	chochlik-tibor	belosic-dusan-st	0	2	belosic-dusan-st
gs2023-r3	group	skupina F	chochlik-tibor	gajarsky-roman	2	0	chochlik-tibor
gs2023-r3	group	skupina F	chochlik-tibor	krupansky-roman	2	0	chochlik-tibor
gs2023-r3	group	skupina F	chochlik-tibor	dedacek-miroslav	1	2	dedacek-miroslav
gs2023-r3	group	skupina F	kandrnal-ladislav	belosic-dusan-st	2	1	kandrnal-ladislav
gs2023-r3	group	skupina F	kandrnal-ladislav	gajarsky-roman	2	0	kandrnal-ladislav
gs2023-r3	group	skupina F	kandrnal-ladislav	krupansky-roman	2	0	kandrnal-ladislav
gs2023-r3	group	skupina F	kandrnal-ladislav	dedacek-miroslav	2	0	kandrnal-ladislav
gs2023-r3	group	skupina F	belosic-dusan-st	gajarsky-roman	2	0	belosic-dusan-st
gs2023-r3	group	skupina F	belosic-dusan-st	krupansky-roman	2	1	belosic-dusan-st
gs2023-r3	group	skupina F	belosic-dusan-st	dedacek-miroslav	1	2	dedacek-miroslav
gs2023-r3	group	skupina F	gajarsky-roman	krupansky-roman	0	2	krupansky-roman
gs2023-r3	group	skupina F	gajarsky-roman	dedacek-miroslav	0	2	dedacek-miroslav
gs2023-r3	group	skupina F	krupansky-roman	dedacek-miroslav	0	2	dedacek-miroslav
gs2023-r3	group	skupina G	taborsky-dusan	klauco-michal	2	0	taborsky-dusan
gs2023-r3	group	skupina G	taborsky-dusan	stofej-marian	2	0	taborsky-dusan
gs2023-r3	group	skupina G	taborsky-dusan	ryba-lubos	2	0	taborsky-dusan
gs2023-r3	group	skupina G	taborsky-dusan	chabicova-eva	2	0	taborsky-dusan
gs2023-r3	group	skupina G	taborsky-dusan	cvecka-peter	2	1	taborsky-dusan
gs2023-r3	group	skupina G	taborsky-dusan	sturdik-maros	2	1	taborsky-dusan
gs2023-r3	group	skupina G	taborsky-dusan	kopunek-mario	2	0	taborsky-dusan
gs2023-r3	group	skupina G	klauco-michal	stofej-marian	2	0	klauco-michal
gs2023-r3	group	skupina G	klauco-michal	ryba-lubos	2	0	klauco-michal
gs2023-r3	group	skupina G	klauco-michal	chabicova-eva	2	0	klauco-michal
gs2023-r3	group	skupina G	klauco-michal	cvecka-peter	2	0	klauco-michal
gs2023-r3	group	skupina G	klauco-michal	sturdik-maros	2	1	klauco-michal
gs2023-r3	group	skupina G	klauco-michal	kopunek-mario	2	1	klauco-michal
gs2023-r3	group	skupina G	stofej-marian	ryba-lubos	2	0	stofej-marian
gs2023-r3	group	skupina G	stofej-marian	chabicova-eva	2	0	stofej-marian
gs2023-r3	group	skupina G	stofej-marian	cvecka-peter	2	1	stofej-marian
gs2023-r3	group	skupina G	stofej-marian	sturdik-maros	2	1	stofej-marian
gs2023-r3	group	skupina G	stofej-marian	kopunek-mario	1	2	kopunek-mario
gs2023-r3	group	skupina G	ryba-lubos	chabicova-eva	2	0	ryba-lubos
gs2023-r3	group	skupina G	ryba-lubos	cvecka-peter	0	2	cvecka-peter
gs2023-r3	group	skupina G	ryba-lubos	sturdik-maros	0	2	sturdik-maros
gs2023-r3	group	skupina G	ryba-lubos	kopunek-mario	1	2	kopunek-mario
gs2023-r3	group	skupina G	chabicova-eva	cvecka-peter	0	2	cvecka-peter
gs2023-r3	group	skupina G	chabicova-eva	sturdik-maros	0	2	sturdik-maros
gs2023-r3	group	skupina G	chabicova-eva	kopunek-mario	0	2	kopunek-mario
gs2023-r3	group	skupina G	cvecka-peter	sturdik-maros	1	2	sturdik-maros
gs2023-r3	group	skupina G	cvecka-peter	kopunek-mario	0	2	kopunek-mario
gs2023-r3	group	skupina G	sturdik-maros	kopunek-mario	2	0	sturdik-maros
gs2023-r3	group	skupina H	jakubec-peter	szellova-jana	2	0	jakubec-peter
gs2023-r3	group	skupina H	jakubec-peter	kulik-samuel	2	0	jakubec-peter
gs2023-r3	group	skupina H	jakubec-peter	petrak-jozef	2	0	jakubec-peter
gs2023-r3	group	skupina H	jakubec-peter	gasparovic-frantisek	2	0	jakubec-peter
gs2023-r3	group	skupina H	jakubec-peter	pilka-pavol	2	1	jakubec-peter
gs2023-r3	group	skupina H	jakubec-peter	ryska-stefan	2	0	jakubec-peter
gs2023-r3	group	skupina H	jakubec-peter	novak-stanislav	2	0	jakubec-peter
gs2023-r3	group	skupina H	szellova-jana	kulik-samuel	0	2	kulik-samuel
gs2023-r3	group	skupina H	szellova-jana	petrak-jozef	1	2	petrak-jozef
gs2023-r3	group	skupina H	szellova-jana	gasparovic-frantisek	2	0	szellova-jana
gs2023-r3	group	skupina H	szellova-jana	pilka-pavol	1	2	pilka-pavol
gs2023-r3	group	skupina H	szellova-jana	ryska-stefan	0	2	ryska-stefan
gs2023-r3	group	skupina H	szellova-jana	novak-stanislav	2	1	szellova-jana
gs2023-r3	group	skupina H	kulik-samuel	petrak-jozef	0	2	petrak-jozef
gs2023-r3	group	skupina H	kulik-samuel	gasparovic-frantisek	1	2	gasparovic-frantisek
gs2023-r3	group	skupina H	kulik-samuel	pilka-pavol	2	1	kulik-samuel
gs2023-r3	group	skupina H	kulik-samuel	ryska-stefan	2	0	kulik-samuel
gs2023-r3	group	skupina H	kulik-samuel	novak-stanislav	2	0	kulik-samuel
gs2023-r3	group	skupina H	petrak-jozef	gasparovic-frantisek	2	0	petrak-jozef
gs2023-r3	group	skupina H	petrak-jozef	pilka-pavol	2	1	petrak-jozef
gs2023-r3	group	skupina H	petrak-jozef	ryska-stefan	1	2	ryska-stefan
gs2023-r3	group	skupina H	petrak-jozef	novak-stanislav	0	2	novak-stanislav
gs2023-r3	group	skupina H	gasparovic-frantisek	pilka-pavol	0	2	pilka-pavol
gs2023-r3	group	skupina H	gasparovic-frantisek	ryska-stefan	0	2	ryska-stefan
gs2023-r3	group	skupina H	gasparovic-frantisek	novak-stanislav	1	2	novak-stanislav
gs2023-r3	group	skupina H	pilka-pavol	ryska-stefan	0	2	ryska-stefan
gs2023-r3	group	skupina H	pilka-pavol	novak-stanislav	0	2	novak-stanislav
gs2023-r3	group	skupina H	ryska-stefan	novak-stanislav	2	1	ryska-stefan
gs2023-r3	playoff	16-finále	palencik-patrik	krc-miroslav	3	0	palencik-patrik
gs2023-r3	playoff	16-finále	lajda-jan	klauco-matej	1	3	klauco-matej
gs2023-r3	playoff	16-finále	klempa-jan	chochlik-tibor	3	0	klempa-jan
gs2023-r3	playoff	16-finále	klauco-michal	kulik-samuel	3	2	klauco-michal
gs2023-r3	playoff	16-finále	horvath-lubomir	mateasik-dominik	0	3	mateasik-dominik
gs2023-r3	playoff	16-finále	blecha-stanislav	jurcekova-jana	0	3	jurcekova-jana
gs2023-r3	playoff	16-finále	stellar-peter	jerzova-katarina	0	3	jerzova-katarina
gs2023-r3	playoff	16-finále	sturdik-maros	ryska-stefan	1	3	ryska-stefan
gs2023-r3	playoff	16-finále	pastva-ondrej	jelemensky-daniel	3	1	pastva-ondrej
gs2023-r3	playoff	16-finále	simko-erik	caro-pavol	3	0	simko-erik
gs2023-r3	playoff	16-finále	gros-pavol	sasko-igor	3	0	gros-pavol
gs2023-r3	playoff	16-finále	taborsky-dusan	petrak-jozef	3	0	taborsky-dusan
gs2023-r3	playoff	16-finále	filatov-denys	andras-igor	1	3	andras-igor
gs2023-r3	playoff	16-finále	cavojsky-vladimir-st	malisek-drahomir	0	3	malisek-drahomir
gs2023-r3	playoff	16-finále	donoval-lubos	kandrnal-ladislav	3	0	donoval-lubos
gs2023-r3	playoff	16-finále	kopunek-mario	jakubec-peter	0	3	jakubec-peter
gs2023-r3	playoff	osemfinále	palencik-patrik	klauco-matej	0	3	klauco-matej
gs2023-r3	playoff	osemfinále	klempa-jan	klauco-michal	3	2	klempa-jan
gs2023-r3	playoff	osemfinále	mateasik-dominik	jurcekova-jana	1	3	jurcekova-jana
gs2023-r3	playoff	osemfinále	jerzova-katarina	ryska-stefan	3	0	jerzova-katarina
gs2023-r3	playoff	osemfinále	pastva-ondrej	simko-erik	0	3	simko-erik
gs2023-r3	playoff	osemfinále	gros-pavol	taborsky-dusan	1	3	taborsky-dusan
gs2023-r3	playoff	osemfinále	andras-igor	malisek-drahomir	1	3	malisek-drahomir
gs2023-r3	playoff	osemfinále	donoval-lubos	jakubec-peter	2	3	jakubec-peter
gs2023-r3	playoff	štvrťfinále	klempa-jan	klauco-matej	2	3	klauco-matej
gs2023-r3	playoff	štvrťfinále	jurcekova-jana	jerzova-katarina	0	3	jerzova-katarina
gs2023-r3	playoff	štvrťfinále	simko-erik	taborsky-dusan	1	3	taborsky-dusan
gs2023-r3	playoff	štvrťfinále	malisek-drahomir	jakubec-peter	0	3	jakubec-peter
gs2023-r3	playoff	semifinále	klauco-matej	jerzova-katarina	1	3	jerzova-katarina
gs2023-r3	playoff	semifinále	jakubec-peter	taborsky-dusan	0	3	taborsky-dusan
gs2023-r3	playoff	finále	jerzova-katarina	taborsky-dusan	0	3	taborsky-dusan
gs2023-r3	playoff	o 3. miesto	klauco-matej	jakubec-peter	1	3	jakubec-peter
gs2024-r1	group	skupina A	mocik-tomas	sipos-jaromir-st	2	0	mocik-tomas
gs2024-r1	group	skupina A	mocik-tomas	foldvary-jozef	2	0	mocik-tomas
gs2024-r1	group	skupina A	mocik-tomas	svancara-lubomir	2	1	mocik-tomas
gs2024-r1	group	skupina A	mocik-tomas	rusyn-yurii	2	0	mocik-tomas
gs2024-r1	group	skupina A	mocik-tomas	sivcak-ondrej	2	0	mocik-tomas
gs2024-r1	group	skupina A	mocik-tomas	kozmer-andrej	2	0	mocik-tomas
gs2024-r1	group	skupina A	mocik-tomas	shevchuk-andrii	2	0	mocik-tomas
gs2024-r1	group	skupina A	mocik-tomas	hutka-vladimir	2	1	mocik-tomas
gs2024-r1	group	skupina A	sipos-jaromir-st	foldvary-jozef	2	0	sipos-jaromir-st
gs2024-r1	group	skupina A	sipos-jaromir-st	svancara-lubomir	0	2	svancara-lubomir
gs2024-r1	group	skupina A	sipos-jaromir-st	rusyn-yurii	2	0	sipos-jaromir-st
gs2024-r1	group	skupina A	sipos-jaromir-st	sivcak-ondrej	2	1	sipos-jaromir-st
gs2024-r1	group	skupina A	sipos-jaromir-st	kozmer-andrej	2	0	sipos-jaromir-st
gs2024-r1	group	skupina A	sipos-jaromir-st	shevchuk-andrii	0	2	shevchuk-andrii
gs2024-r1	group	skupina A	sipos-jaromir-st	hutka-vladimir	0	2	hutka-vladimir
gs2024-r1	group	skupina A	foldvary-jozef	svancara-lubomir	0	2	svancara-lubomir
gs2024-r1	group	skupina A	foldvary-jozef	rusyn-yurii	1	2	rusyn-yurii
gs2024-r1	group	skupina A	foldvary-jozef	sivcak-ondrej	0	2	sivcak-ondrej
gs2024-r1	group	skupina A	foldvary-jozef	kozmer-andrej	1	2	kozmer-andrej
gs2024-r1	group	skupina A	foldvary-jozef	shevchuk-andrii	0	2	shevchuk-andrii
gs2024-r1	group	skupina A	foldvary-jozef	hutka-vladimir	0	2	hutka-vladimir
gs2024-r1	group	skupina A	svancara-lubomir	rusyn-yurii	2	0	svancara-lubomir
gs2024-r1	group	skupina A	svancara-lubomir	sivcak-ondrej	2	0	svancara-lubomir
gs2024-r1	group	skupina A	svancara-lubomir	kozmer-andrej	2	0	svancara-lubomir
gs2024-r1	group	skupina A	svancara-lubomir	shevchuk-andrii	1	2	shevchuk-andrii
gs2024-r1	group	skupina A	svancara-lubomir	hutka-vladimir	0	2	hutka-vladimir
gs2024-r1	group	skupina A	rusyn-yurii	sivcak-ondrej	0	2	sivcak-ondrej
gs2024-r1	group	skupina A	rusyn-yurii	kozmer-andrej	2	0	rusyn-yurii
gs2024-r1	group	skupina A	rusyn-yurii	shevchuk-andrii	0	2	shevchuk-andrii
gs2024-r1	group	skupina A	rusyn-yurii	hutka-vladimir	0	2	hutka-vladimir
gs2024-r1	group	skupina A	sivcak-ondrej	kozmer-andrej	2	0	sivcak-ondrej
gs2024-r1	group	skupina A	sivcak-ondrej	shevchuk-andrii	0	2	shevchuk-andrii
gs2024-r1	group	skupina A	sivcak-ondrej	hutka-vladimir	0	2	hutka-vladimir
gs2024-r1	group	skupina A	kozmer-andrej	shevchuk-andrii	0	2	shevchuk-andrii
gs2024-r1	group	skupina A	kozmer-andrej	hutka-vladimir	0	2	hutka-vladimir
gs2024-r1	group	skupina A	shevchuk-andrii	hutka-vladimir	0	2	hutka-vladimir
gs2024-r1	group	skupina B	klauco-matej	klauco-emil	2	0	klauco-matej
gs2024-r1	group	skupina B	klauco-matej	capkovic-milan	2	0	klauco-matej
gs2024-r1	group	skupina B	klauco-matej	mako-jozef	2	1	klauco-matej
gs2024-r1	group	skupina B	klauco-matej	mateasik-dominik	0	2	mateasik-dominik
gs2024-r1	group	skupina B	klauco-matej	valovcan-jaroslav-st	2	1	klauco-matej
gs2024-r1	group	skupina B	klauco-matej	michalczyk-lukasz	2	0	klauco-matej
gs2024-r1	group	skupina B	klauco-matej	polakova-silvia	2	0	klauco-matej
gs2024-r1	group	skupina B	klauco-emil	capkovic-milan	2	1	klauco-emil
gs2024-r1	group	skupina B	klauco-emil	mako-jozef	2	1	klauco-emil
gs2024-r1	group	skupina B	klauco-emil	mateasik-dominik	1	2	mateasik-dominik
gs2024-r1	group	skupina B	klauco-emil	valovcan-jaroslav-st	0	2	valovcan-jaroslav-st
gs2024-r1	group	skupina B	klauco-emil	michalczyk-lukasz	2	0	klauco-emil
gs2024-r1	group	skupina B	klauco-emil	polakova-silvia	2	0	klauco-emil
gs2024-r1	group	skupina B	capkovic-milan	mako-jozef	2	0	capkovic-milan
gs2024-r1	group	skupina B	capkovic-milan	mateasik-dominik	0	2	mateasik-dominik
gs2024-r1	group	skupina B	capkovic-milan	valovcan-jaroslav-st	0	2	valovcan-jaroslav-st
gs2024-r1	group	skupina B	capkovic-milan	michalczyk-lukasz	2	0	capkovic-milan
gs2024-r1	group	skupina B	capkovic-milan	polakova-silvia	2	1	capkovic-milan
gs2024-r1	group	skupina B	mako-jozef	mateasik-dominik	0	2	mateasik-dominik
gs2024-r1	group	skupina B	mako-jozef	valovcan-jaroslav-st	0	2	valovcan-jaroslav-st
gs2024-r1	group	skupina B	mako-jozef	michalczyk-lukasz	2	0	mako-jozef
gs2024-r1	group	skupina B	mako-jozef	polakova-silvia	2	0	mako-jozef
gs2024-r1	group	skupina B	mateasik-dominik	valovcan-jaroslav-st	2	1	mateasik-dominik
gs2024-r1	group	skupina B	mateasik-dominik	michalczyk-lukasz	2	0	mateasik-dominik
gs2024-r1	group	skupina B	mateasik-dominik	polakova-silvia	2	0	mateasik-dominik
gs2024-r1	group	skupina B	valovcan-jaroslav-st	michalczyk-lukasz	2	0	valovcan-jaroslav-st
gs2024-r1	group	skupina B	valovcan-jaroslav-st	polakova-silvia	2	0	valovcan-jaroslav-st
gs2024-r1	group	skupina B	michalczyk-lukasz	polakova-silvia	0	2	polakova-silvia
gs2024-r1	group	skupina C	donoval-lubos	sajankova-zuzana	2	0	donoval-lubos
gs2024-r1	group	skupina C	donoval-lubos	takacs-tamas	2	0	donoval-lubos
gs2024-r1	group	skupina C	donoval-lubos	balon-lubos	2	0	donoval-lubos
gs2024-r1	group	skupina C	donoval-lubos	turza-milan	2	0	donoval-lubos
gs2024-r1	group	skupina C	donoval-lubos	viktorin-andrej	2	0	donoval-lubos
gs2024-r1	group	skupina C	donoval-lubos	drabik-martin	2	0	donoval-lubos
gs2024-r1	group	skupina C	donoval-lubos	kulich-jozef	2	0	donoval-lubos
gs2024-r1	group	skupina C	donoval-lubos	belohorsky-martin	2	0	donoval-lubos
gs2024-r1	group	skupina C	sajankova-zuzana	takacs-tamas	2	0	sajankova-zuzana
gs2024-r1	group	skupina C	sajankova-zuzana	balon-lubos	2	0	sajankova-zuzana
gs2024-r1	group	skupina C	sajankova-zuzana	turza-milan	1	2	turza-milan
gs2024-r1	group	skupina C	sajankova-zuzana	viktorin-andrej	2	0	sajankova-zuzana
gs2024-r1	group	skupina C	sajankova-zuzana	drabik-martin	2	0	sajankova-zuzana
gs2024-r1	group	skupina C	sajankova-zuzana	kulich-jozef	2	0	sajankova-zuzana
gs2024-r1	group	skupina C	sajankova-zuzana	belohorsky-martin	2	0	sajankova-zuzana
gs2024-r1	group	skupina C	takacs-tamas	balon-lubos	2	1	takacs-tamas
gs2024-r1	group	skupina C	takacs-tamas	turza-milan	0	2	turza-milan
gs2024-r1	group	skupina C	takacs-tamas	viktorin-andrej	2	0	takacs-tamas
gs2024-r1	group	skupina C	takacs-tamas	drabik-martin	2	1	takacs-tamas
gs2024-r1	group	skupina C	takacs-tamas	kulich-jozef	2	0	takacs-tamas
gs2024-r1	group	skupina C	takacs-tamas	belohorsky-martin	2	0	takacs-tamas
gs2024-r1	group	skupina C	balon-lubos	turza-milan	1	2	turza-milan
gs2024-r1	group	skupina C	balon-lubos	viktorin-andrej	2	0	balon-lubos
gs2024-r1	group	skupina C	balon-lubos	drabik-martin	2	0	balon-lubos
gs2024-r1	group	skupina C	balon-lubos	kulich-jozef	0	2	kulich-jozef
gs2024-r1	group	skupina C	balon-lubos	belohorsky-martin	2	0	balon-lubos
gs2024-r1	group	skupina C	turza-milan	viktorin-andrej	2	0	turza-milan
gs2024-r1	group	skupina C	turza-milan	drabik-martin	2	0	turza-milan
gs2024-r1	group	skupina C	turza-milan	kulich-jozef	2	0	turza-milan
gs2024-r1	group	skupina C	turza-milan	belohorsky-martin	2	0	turza-milan
gs2024-r1	group	skupina C	viktorin-andrej	drabik-martin	0	2	drabik-martin
gs2024-r1	group	skupina C	viktorin-andrej	kulich-jozef	0	2	kulich-jozef
gs2024-r1	group	skupina C	viktorin-andrej	belohorsky-martin	2	0	viktorin-andrej
gs2024-r1	group	skupina C	drabik-martin	kulich-jozef	1	2	kulich-jozef
gs2024-r1	group	skupina C	drabik-martin	belohorsky-martin	2	0	drabik-martin
gs2024-r1	group	skupina C	kulich-jozef	belohorsky-martin	2	0	kulich-jozef
gs2024-r1	group	skupina D	raslavsky-tomas	dandar-marek	2	0	raslavsky-tomas
gs2024-r1	group	skupina D	raslavsky-tomas	slahor-radovan	2	0	raslavsky-tomas
gs2024-r1	group	skupina D	raslavsky-tomas	skyba-marek	2	0	raslavsky-tomas
gs2024-r1	group	skupina D	raslavsky-tomas	bilyk-valentin	2	0	raslavsky-tomas
gs2024-r1	group	skupina D	raslavsky-tomas	humena-maria	2	0	raslavsky-tomas
gs2024-r1	group	skupina D	raslavsky-tomas	horvath-lubomir	2	1	raslavsky-tomas
gs2024-r1	group	skupina D	raslavsky-tomas	szolnoki-attila	1	2	szolnoki-attila
gs2024-r1	group	skupina D	dandar-marek	slahor-radovan	1	2	slahor-radovan
gs2024-r1	group	skupina D	dandar-marek	skyba-marek	2	1	dandar-marek
gs2024-r1	group	skupina D	dandar-marek	bilyk-valentin	2	0	dandar-marek
gs2024-r1	group	skupina D	dandar-marek	humena-maria	2	0	dandar-marek
gs2024-r1	group	skupina D	dandar-marek	horvath-lubomir	2	0	dandar-marek
gs2024-r1	group	skupina D	dandar-marek	szolnoki-attila	0	2	szolnoki-attila
gs2024-r1	group	skupina D	slahor-radovan	skyba-marek	0	2	skyba-marek
gs2024-r1	group	skupina D	slahor-radovan	bilyk-valentin	2	0	slahor-radovan
gs2024-r1	group	skupina D	slahor-radovan	humena-maria	2	0	slahor-radovan
gs2024-r1	group	skupina D	slahor-radovan	horvath-lubomir	0	2	horvath-lubomir
gs2024-r1	group	skupina D	slahor-radovan	szolnoki-attila	1	2	szolnoki-attila
gs2024-r1	group	skupina D	skyba-marek	bilyk-valentin	2	0	skyba-marek
gs2024-r1	group	skupina D	skyba-marek	humena-maria	2	0	skyba-marek
gs2024-r1	group	skupina D	skyba-marek	horvath-lubomir	2	0	skyba-marek
gs2024-r1	group	skupina D	skyba-marek	szolnoki-attila	2	0	skyba-marek
gs2024-r1	group	skupina D	bilyk-valentin	humena-maria	0	2	humena-maria
gs2024-r1	group	skupina D	bilyk-valentin	horvath-lubomir	0	2	horvath-lubomir
gs2024-r1	group	skupina D	bilyk-valentin	szolnoki-attila	0	2	szolnoki-attila
gs2024-r1	group	skupina D	humena-maria	horvath-lubomir	0	2	horvath-lubomir
gs2024-r1	group	skupina D	humena-maria	szolnoki-attila	0	2	szolnoki-attila
gs2024-r1	group	skupina D	horvath-lubomir	szolnoki-attila	1	2	szolnoki-attila
gs2024-r1	group	skupina E	srnec-radovan	burtnyj-sergej	2	0	srnec-radovan
gs2024-r1	group	skupina E	srnec-radovan	satka-miroslav	2	0	srnec-radovan
gs2024-r1	group	skupina E	srnec-radovan	hornak-peter	1	2	hornak-peter
gs2024-r1	group	skupina E	srnec-radovan	goda-ivan	0	2	goda-ivan
gs2024-r1	group	skupina E	srnec-radovan	caro-pavol	2	1	srnec-radovan
gs2024-r1	group	skupina E	srnec-radovan	vozar-vladimir	1	2	vozar-vladimir
gs2024-r1	group	skupina E	srnec-radovan	formanek-david	2	0	srnec-radovan
gs2024-r1	group	skupina E	burtnyj-sergej	satka-miroslav	2	0	burtnyj-sergej
gs2024-r1	group	skupina E	burtnyj-sergej	hornak-peter	0	2	hornak-peter
gs2024-r1	group	skupina E	burtnyj-sergej	goda-ivan	0	2	goda-ivan
gs2024-r1	group	skupina E	burtnyj-sergej	caro-pavol	0	2	caro-pavol
gs2024-r1	group	skupina E	burtnyj-sergej	vozar-vladimir	0	2	vozar-vladimir
gs2024-r1	group	skupina E	burtnyj-sergej	formanek-david	2	0	burtnyj-sergej
gs2024-r1	group	skupina E	satka-miroslav	hornak-peter	1	2	hornak-peter
gs2024-r1	group	skupina E	satka-miroslav	goda-ivan	1	2	goda-ivan
gs2024-r1	group	skupina E	satka-miroslav	caro-pavol	0	2	caro-pavol
gs2024-r1	group	skupina E	satka-miroslav	vozar-vladimir	0	2	vozar-vladimir
gs2024-r1	group	skupina E	satka-miroslav	formanek-david	2	0	satka-miroslav
gs2024-r1	group	skupina E	hornak-peter	goda-ivan	0	2	goda-ivan
gs2024-r1	group	skupina E	hornak-peter	caro-pavol	2	1	hornak-peter
gs2024-r1	group	skupina E	hornak-peter	vozar-vladimir	2	0	hornak-peter
gs2024-r1	group	skupina E	hornak-peter	formanek-david	2	0	hornak-peter
gs2024-r1	group	skupina E	goda-ivan	caro-pavol	1	2	caro-pavol
gs2024-r1	group	skupina E	goda-ivan	vozar-vladimir	2	0	goda-ivan
gs2024-r1	group	skupina E	goda-ivan	formanek-david	2	0	goda-ivan
gs2024-r1	group	skupina E	caro-pavol	vozar-vladimir	2	0	caro-pavol
gs2024-r1	group	skupina E	caro-pavol	formanek-david	2	0	caro-pavol
gs2024-r1	group	skupina E	vozar-vladimir	formanek-david	2	0	vozar-vladimir
gs2024-r1	group	skupina F	fulop-matej	poliak-miroslav	2	0	fulop-matej
gs2024-r1	group	skupina F	fulop-matej	galas-jan	2	0	fulop-matej
gs2024-r1	group	skupina F	fulop-matej	dulay-jan	1	2	dulay-jan
gs2024-r1	group	skupina F	fulop-matej	valovcan-jaroslav-ml	2	0	fulop-matej
gs2024-r1	group	skupina F	fulop-matej	svitek-martin	2	0	fulop-matej
gs2024-r1	group	skupina F	fulop-matej	palenik-boris	2	0	fulop-matej
gs2024-r1	group	skupina F	fulop-matej	jajcaj-branislav	2	0	fulop-matej
gs2024-r1	group	skupina F	poliak-miroslav	galas-jan	0	2	galas-jan
gs2024-r1	group	skupina F	poliak-miroslav	dulay-jan	0	2	dulay-jan
gs2024-r1	group	skupina F	poliak-miroslav	valovcan-jaroslav-ml	0	2	valovcan-jaroslav-ml
gs2024-r1	group	skupina F	poliak-miroslav	svitek-martin	0	2	svitek-martin
gs2024-r1	group	skupina F	poliak-miroslav	palenik-boris	1	2	palenik-boris
gs2024-r1	group	skupina F	poliak-miroslav	jajcaj-branislav	2	0	poliak-miroslav
gs2024-r1	group	skupina F	galas-jan	dulay-jan	0	2	dulay-jan
gs2024-r1	group	skupina F	galas-jan	valovcan-jaroslav-ml	2	1	galas-jan
gs2024-r1	group	skupina F	galas-jan	svitek-martin	0	2	svitek-martin
gs2024-r1	group	skupina F	galas-jan	palenik-boris	2	0	galas-jan
gs2024-r1	group	skupina F	galas-jan	jajcaj-branislav	0	2	jajcaj-branislav
gs2024-r1	group	skupina F	dulay-jan	valovcan-jaroslav-ml	2	0	dulay-jan
gs2024-r1	group	skupina F	dulay-jan	svitek-martin	0	2	svitek-martin
gs2024-r1	group	skupina F	dulay-jan	palenik-boris	2	1	dulay-jan
gs2024-r1	group	skupina F	dulay-jan	jajcaj-branislav	2	0	dulay-jan
gs2024-r1	group	skupina F	valovcan-jaroslav-ml	svitek-martin	0	2	svitek-martin
gs2024-r1	group	skupina F	valovcan-jaroslav-ml	palenik-boris	2	0	valovcan-jaroslav-ml
gs2024-r1	group	skupina F	valovcan-jaroslav-ml	jajcaj-branislav	2	0	valovcan-jaroslav-ml
gs2024-r1	group	skupina F	svitek-martin	palenik-boris	2	0	svitek-martin
gs2024-r1	group	skupina F	svitek-martin	jajcaj-branislav	2	0	svitek-martin
gs2024-r1	group	skupina F	palenik-boris	jajcaj-branislav	1	2	jajcaj-branislav
gs2024-r1	group	skupina G	holan-marek	mitro-adam	0	2	mitro-adam
gs2024-r1	group	skupina G	holan-marek	jakubec-peter	0	2	jakubec-peter
gs2024-r1	group	skupina G	holan-marek	jagrik-stanislav	0	2	jagrik-stanislav
gs2024-r1	group	skupina G	holan-marek	jakubik-jozef	2	0	holan-marek
gs2024-r1	group	skupina G	holan-marek	vavra-marian	2	1	holan-marek
gs2024-r1	group	skupina G	holan-marek	burian-branislav	2	0	holan-marek
gs2024-r1	group	skupina G	holan-marek	polak-frantisek	2	0	holan-marek
gs2024-r1	group	skupina G	mitro-adam	jakubec-peter	2	1	mitro-adam
gs2024-r1	group	skupina G	mitro-adam	jagrik-stanislav	2	0	mitro-adam
gs2024-r1	group	skupina G	mitro-adam	jakubik-jozef	2	0	mitro-adam
gs2024-r1	group	skupina G	mitro-adam	vavra-marian	2	0	mitro-adam
gs2024-r1	group	skupina G	mitro-adam	burian-branislav	2	0	mitro-adam
gs2024-r1	group	skupina G	mitro-adam	polak-frantisek	2	0	mitro-adam
gs2024-r1	group	skupina G	jakubec-peter	jagrik-stanislav	2	1	jakubec-peter
gs2024-r1	group	skupina G	jakubec-peter	jakubik-jozef	2	0	jakubec-peter
gs2024-r1	group	skupina G	jakubec-peter	vavra-marian	2	0	jakubec-peter
gs2024-r1	group	skupina G	jakubec-peter	burian-branislav	2	0	jakubec-peter
gs2024-r1	group	skupina G	jakubec-peter	polak-frantisek	2	0	jakubec-peter
gs2024-r1	group	skupina G	jagrik-stanislav	jakubik-jozef	2	0	jagrik-stanislav
gs2024-r1	group	skupina G	jagrik-stanislav	vavra-marian	2	0	jagrik-stanislav
gs2024-r1	group	skupina G	jagrik-stanislav	burian-branislav	2	0	jagrik-stanislav
gs2024-r1	group	skupina G	jagrik-stanislav	polak-frantisek	2	0	jagrik-stanislav
gs2024-r1	group	skupina G	jakubik-jozef	vavra-marian	0	2	vavra-marian
gs2024-r1	group	skupina G	jakubik-jozef	burian-branislav	0	2	burian-branislav
gs2024-r1	group	skupina G	jakubik-jozef	polak-frantisek	2	0	jakubik-jozef
gs2024-r1	group	skupina G	vavra-marian	burian-branislav	2	0	vavra-marian
gs2024-r1	group	skupina G	vavra-marian	polak-frantisek	2	0	vavra-marian
gs2024-r1	group	skupina G	burian-branislav	polak-frantisek	2	1	burian-branislav
gs2024-r1	group	skupina H	pastva-ondrej	szalayova-sylvia	2	1	pastva-ondrej
gs2024-r1	group	skupina H	pastva-ondrej	vanek-richard	0	2	vanek-richard
gs2024-r1	group	skupina H	pastva-ondrej	palencik-patrik	0	2	palencik-patrik
gs2024-r1	group	skupina H	pastva-ondrej	pajbach-michal	2	1	pastva-ondrej
gs2024-r1	group	skupina H	pastva-ondrej	sivcak-matus	2	0	pastva-ondrej
gs2024-r1	group	skupina H	pastva-ondrej	laurov-miroslav	2	0	pastva-ondrej
gs2024-r1	group	skupina H	pastva-ondrej	zabransky-martin	1	2	zabransky-martin
gs2024-r1	group	skupina H	pastva-ondrej	ziska-vladimir	2	0	pastva-ondrej
gs2024-r1	group	skupina H	szalayova-sylvia	vanek-richard	0	2	vanek-richard
gs2024-r1	group	skupina H	szalayova-sylvia	palencik-patrik	0	2	palencik-patrik
gs2024-r1	group	skupina H	szalayova-sylvia	pajbach-michal	0	2	pajbach-michal
gs2024-r1	group	skupina H	szalayova-sylvia	sivcak-matus	0	2	sivcak-matus
gs2024-r1	group	skupina H	szalayova-sylvia	laurov-miroslav	2	1	szalayova-sylvia
gs2024-r1	group	skupina H	szalayova-sylvia	zabransky-martin	0	2	zabransky-martin
gs2024-r1	group	skupina H	szalayova-sylvia	ziska-vladimir	2	1	szalayova-sylvia
gs2024-r1	group	skupina H	vanek-richard	palencik-patrik	2	0	vanek-richard
gs2024-r1	group	skupina H	vanek-richard	pajbach-michal	2	0	vanek-richard
gs2024-r1	group	skupina H	vanek-richard	sivcak-matus	2	0	vanek-richard
gs2024-r1	group	skupina H	vanek-richard	laurov-miroslav	2	0	vanek-richard
gs2024-r1	group	skupina H	vanek-richard	zabransky-martin	2	0	vanek-richard
gs2024-r1	group	skupina H	vanek-richard	ziska-vladimir	2	0	vanek-richard
gs2024-r1	group	skupina H	palencik-patrik	pajbach-michal	2	0	palencik-patrik
gs2024-r1	group	skupina H	palencik-patrik	sivcak-matus	2	1	palencik-patrik
gs2024-r1	group	skupina H	palencik-patrik	laurov-miroslav	2	0	palencik-patrik
gs2024-r1	group	skupina H	palencik-patrik	zabransky-martin	2	0	palencik-patrik
gs2024-r1	group	skupina H	palencik-patrik	ziska-vladimir	2	0	palencik-patrik
gs2024-r1	group	skupina H	pajbach-michal	sivcak-matus	2	1	pajbach-michal
gs2024-r1	group	skupina H	pajbach-michal	laurov-miroslav	2	0	pajbach-michal
gs2024-r1	group	skupina H	pajbach-michal	zabransky-martin	2	0	pajbach-michal
gs2024-r1	group	skupina H	pajbach-michal	ziska-vladimir	2	0	pajbach-michal
gs2024-r1	group	skupina H	sivcak-matus	laurov-miroslav	2	0	sivcak-matus
gs2024-r1	group	skupina H	sivcak-matus	zabransky-martin	1	2	zabransky-martin
gs2024-r1	group	skupina H	sivcak-matus	ziska-vladimir	1	2	ziska-vladimir
gs2024-r1	group	skupina H	laurov-miroslav	zabransky-martin	0	2	zabransky-martin
gs2024-r1	group	skupina H	laurov-miroslav	ziska-vladimir	0	2	ziska-vladimir
gs2024-r1	group	skupina H	zabransky-martin	ziska-vladimir	2	0	zabransky-martin
gs2024-r1	group	skupina I	klauco-michal	kubalcova-xenia	2	0	klauco-michal
gs2024-r1	group	skupina I	klauco-michal	gula-karol	2	0	klauco-michal
gs2024-r1	group	skupina I	klauco-michal	slahor-maxim	2	0	klauco-michal
gs2024-r1	group	skupina I	klauco-michal	mrazkova-viera	2	0	klauco-michal
gs2024-r1	group	skupina I	klauco-michal	petrak-jozef	2	0	klauco-michal
gs2024-r1	group	skupina I	klauco-michal	burianova-nicol	2	0	klauco-michal
gs2024-r1	group	skupina I	klauco-michal	kravchenko-sergii	2	0	klauco-michal
gs2024-r1	group	skupina I	kubalcova-xenia	gula-karol	0	2	gula-karol
gs2024-r1	group	skupina I	kubalcova-xenia	slahor-maxim	2	0	kubalcova-xenia
gs2024-r1	group	skupina I	kubalcova-xenia	mrazkova-viera	1	2	mrazkova-viera
gs2024-r1	group	skupina I	kubalcova-xenia	petrak-jozef	0	2	petrak-jozef
gs2024-r1	group	skupina I	kubalcova-xenia	burianova-nicol	2	0	kubalcova-xenia
gs2024-r1	group	skupina I	kubalcova-xenia	kravchenko-sergii	2	1	kubalcova-xenia
gs2024-r1	group	skupina I	gula-karol	slahor-maxim	2	0	gula-karol
gs2024-r1	group	skupina I	gula-karol	mrazkova-viera	2	0	gula-karol
gs2024-r1	group	skupina I	gula-karol	petrak-jozef	2	1	gula-karol
gs2024-r1	group	skupina I	gula-karol	burianova-nicol	2	0	gula-karol
gs2024-r1	group	skupina I	gula-karol	kravchenko-sergii	2	1	gula-karol
gs2024-r1	group	skupina I	slahor-maxim	mrazkova-viera	0	2	mrazkova-viera
gs2024-r1	group	skupina I	slahor-maxim	petrak-jozef	1	2	petrak-jozef
gs2024-r1	group	skupina I	slahor-maxim	burianova-nicol	0	2	burianova-nicol
gs2024-r1	group	skupina I	slahor-maxim	kravchenko-sergii	0	2	kravchenko-sergii
gs2024-r1	group	skupina I	mrazkova-viera	petrak-jozef	1	2	petrak-jozef
gs2024-r1	group	skupina I	mrazkova-viera	burianova-nicol	2	0	mrazkova-viera
gs2024-r1	group	skupina I	mrazkova-viera	kravchenko-sergii	0	2	kravchenko-sergii
gs2024-r1	group	skupina I	petrak-jozef	burianova-nicol	2	0	petrak-jozef
gs2024-r1	group	skupina I	petrak-jozef	kravchenko-sergii	2	1	petrak-jozef
gs2024-r1	group	skupina I	burianova-nicol	kravchenko-sergii	0	2	kravchenko-sergii
gs2024-r1	group	skupina J	jerzova-katarina	sipos-jaromir-ml	2	0	jerzova-katarina
gs2024-r1	group	skupina J	jerzova-katarina	mikula-michal	2	0	jerzova-katarina
gs2024-r1	group	skupina J	jerzova-katarina	zapalac-mario	2	0	jerzova-katarina
gs2024-r1	group	skupina J	jerzova-katarina	kubik-peter	2	0	jerzova-katarina
gs2024-r1	group	skupina J	jerzova-katarina	andras-igor	2	0	jerzova-katarina
gs2024-r1	group	skupina J	jerzova-katarina	masaryk-robert	2	1	jerzova-katarina
gs2024-r1	group	skupina J	jerzova-katarina	bittner-peter	2	0	jerzova-katarina
gs2024-r1	group	skupina J	sipos-jaromir-ml	mikula-michal	0	2	mikula-michal
gs2024-r1	group	skupina J	sipos-jaromir-ml	zapalac-mario	0	2	zapalac-mario
gs2024-r1	group	skupina J	sipos-jaromir-ml	kubik-peter	0	2	kubik-peter
gs2024-r1	group	skupina J	sipos-jaromir-ml	andras-igor	0	2	andras-igor
gs2024-r1	group	skupina J	sipos-jaromir-ml	masaryk-robert	0	2	masaryk-robert
gs2024-r1	group	skupina J	sipos-jaromir-ml	bittner-peter	0	2	bittner-peter
gs2024-r1	group	skupina J	mikula-michal	zapalac-mario	2	0	mikula-michal
gs2024-r1	group	skupina J	mikula-michal	kubik-peter	2	0	mikula-michal
gs2024-r1	group	skupina J	mikula-michal	andras-igor	0	2	andras-igor
gs2024-r1	group	skupina J	mikula-michal	masaryk-robert	2	0	mikula-michal
gs2024-r1	group	skupina J	mikula-michal	bittner-peter	2	0	mikula-michal
gs2024-r1	group	skupina J	zapalac-mario	kubik-peter	1	2	kubik-peter
gs2024-r1	group	skupina J	zapalac-mario	andras-igor	0	2	andras-igor
gs2024-r1	group	skupina J	zapalac-mario	masaryk-robert	0	2	masaryk-robert
gs2024-r1	group	skupina J	zapalac-mario	bittner-peter	0	2	bittner-peter
gs2024-r1	group	skupina J	kubik-peter	andras-igor	0	2	andras-igor
gs2024-r1	group	skupina J	kubik-peter	masaryk-robert	0	2	masaryk-robert
gs2024-r1	group	skupina J	kubik-peter	bittner-peter	0	2	bittner-peter
gs2024-r1	group	skupina J	andras-igor	masaryk-robert	2	0	andras-igor
gs2024-r1	group	skupina J	andras-igor	bittner-peter	2	0	andras-igor
gs2024-r1	group	skupina J	masaryk-robert	bittner-peter	2	0	masaryk-robert
gs2024-r1	group	skupina K	gros-pavol	sasko-igor	2	0	gros-pavol
gs2024-r1	group	skupina K	gros-pavol	formanek-mate	2	0	gros-pavol
gs2024-r1	group	skupina K	gros-pavol	jastrab-jaroslav	2	0	gros-pavol
gs2024-r1	group	skupina K	gros-pavol	tsifrynets-maksym	2	0	gros-pavol
gs2024-r1	group	skupina K	gros-pavol	simko-erik	0	2	simko-erik
gs2024-r1	group	skupina K	gros-pavol	michalco-martin	2	0	gros-pavol
gs2024-r1	group	skupina K	gros-pavol	ciffra-adam	2	0	gros-pavol
gs2024-r1	group	skupina K	sasko-igor	formanek-mate	2	0	sasko-igor
gs2024-r1	group	skupina K	sasko-igor	jastrab-jaroslav	2	0	sasko-igor
gs2024-r1	group	skupina K	sasko-igor	tsifrynets-maksym	2	0	sasko-igor
gs2024-r1	group	skupina K	sasko-igor	simko-erik	0	2	simko-erik
gs2024-r1	group	skupina K	sasko-igor	michalco-martin	2	0	sasko-igor
gs2024-r1	group	skupina K	sasko-igor	ciffra-adam	2	0	sasko-igor
gs2024-r1	group	skupina K	formanek-mate	jastrab-jaroslav	0	2	jastrab-jaroslav
gs2024-r1	group	skupina K	formanek-mate	tsifrynets-maksym	0	2	tsifrynets-maksym
gs2024-r1	group	skupina K	formanek-mate	simko-erik	0	2	simko-erik
gs2024-r1	group	skupina K	formanek-mate	michalco-martin	0	2	michalco-martin
gs2024-r1	group	skupina K	formanek-mate	ciffra-adam	2	0	formanek-mate
gs2024-r1	group	skupina K	jastrab-jaroslav	tsifrynets-maksym	2	0	jastrab-jaroslav
gs2024-r1	group	skupina K	jastrab-jaroslav	simko-erik	1	2	simko-erik
gs2024-r1	group	skupina K	jastrab-jaroslav	michalco-martin	2	0	jastrab-jaroslav
gs2024-r1	group	skupina K	jastrab-jaroslav	ciffra-adam	2	0	jastrab-jaroslav
gs2024-r1	group	skupina K	tsifrynets-maksym	simko-erik	0	2	simko-erik
gs2024-r1	group	skupina K	tsifrynets-maksym	michalco-martin	2	0	tsifrynets-maksym
gs2024-r1	group	skupina K	tsifrynets-maksym	ciffra-adam	2	0	tsifrynets-maksym
gs2024-r1	group	skupina K	simko-erik	michalco-martin	2	0	simko-erik
gs2024-r1	group	skupina K	simko-erik	ciffra-adam	2	0	simko-erik
gs2024-r1	group	skupina K	michalco-martin	ciffra-adam	2	0	michalco-martin
gs2024-r1	group	skupina L	holecek-svetozar	szellova-jana	2	1	holecek-svetozar
gs2024-r1	group	skupina L	holecek-svetozar	kulik-samuel	2	0	holecek-svetozar
gs2024-r1	group	skupina L	holecek-svetozar	tuzinsky-filip	2	0	holecek-svetozar
gs2024-r1	group	skupina L	holecek-svetozar	markaj-mark	1	2	markaj-mark
gs2024-r1	group	skupina L	holecek-svetozar	sokol-filip	2	0	holecek-svetozar
gs2024-r1	group	skupina L	holecek-svetozar	misanik-branislav	2	0	holecek-svetozar
gs2024-r1	group	skupina L	holecek-svetozar	bujdak-juraj	2	1	holecek-svetozar
gs2024-r1	group	skupina L	szellova-jana	kulik-samuel	2	0	szellova-jana
gs2024-r1	group	skupina L	szellova-jana	tuzinsky-filip	0	2	tuzinsky-filip
gs2024-r1	group	skupina L	szellova-jana	markaj-mark	0	2	markaj-mark
gs2024-r1	group	skupina L	szellova-jana	sokol-filip	2	0	szellova-jana
gs2024-r1	group	skupina L	szellova-jana	misanik-branislav	2	1	szellova-jana
gs2024-r1	group	skupina L	szellova-jana	bujdak-juraj	2	0	szellova-jana
gs2024-r1	group	skupina L	kulik-samuel	tuzinsky-filip	1	2	tuzinsky-filip
gs2024-r1	group	skupina L	kulik-samuel	markaj-mark	0	2	markaj-mark
gs2024-r1	group	skupina L	kulik-samuel	sokol-filip	2	0	kulik-samuel
gs2024-r1	group	skupina L	kulik-samuel	misanik-branislav	2	0	kulik-samuel
gs2024-r1	group	skupina L	kulik-samuel	bujdak-juraj	2	0	kulik-samuel
gs2024-r1	group	skupina L	tuzinsky-filip	markaj-mark	0	2	markaj-mark
gs2024-r1	group	skupina L	tuzinsky-filip	sokol-filip	2	0	tuzinsky-filip
gs2024-r1	group	skupina L	tuzinsky-filip	misanik-branislav	2	0	tuzinsky-filip
gs2024-r1	group	skupina L	tuzinsky-filip	bujdak-juraj	2	0	tuzinsky-filip
gs2024-r1	group	skupina L	markaj-mark	sokol-filip	2	0	markaj-mark
gs2024-r1	group	skupina L	markaj-mark	misanik-branislav	2	0	markaj-mark
gs2024-r1	group	skupina L	markaj-mark	bujdak-juraj	2	0	markaj-mark
gs2024-r1	group	skupina L	sokol-filip	misanik-branislav	2	1	sokol-filip
gs2024-r1	group	skupina L	sokol-filip	bujdak-juraj	2	0	sokol-filip
gs2024-r1	group	skupina L	misanik-branislav	bujdak-juraj	2	0	misanik-branislav
gs2024-r1	playoff	predkolo	sasko-igor	srnec-radovan	2	0	sasko-igor
gs2024-r1	playoff	predkolo	palencik-patrik	dandar-marek	2	1	palencik-patrik
gs2024-r1	playoff	predkolo	valovcan-jaroslav-ml	gula-karol	2	1	valovcan-jaroslav-ml
gs2024-r1	playoff	predkolo	mikula-michal	jagrik-stanislav	2	0	mikula-michal
gs2024-r1	playoff	predkolo	petrak-jozef	pajbach-michal	2	0	petrak-jozef
gs2024-r1	playoff	predkolo	andras-igor	takacs-tamas	2	0	andras-igor
gs2024-r1	playoff	predkolo	tuzinsky-filip	klauco-emil	2	1	tuzinsky-filip
gs2024-r1	playoff	predkolo	jakubec-peter	svancara-lubomir	2	0	jakubec-peter
gs2024-r1	playoff	predkolo	szellova-jana	svitek-martin	2	1	szellova-jana
gs2024-r1	playoff	predkolo	jastrab-jaroslav	shevchuk-andrii	2	1	jastrab-jaroslav
gs2024-r1	playoff	predkolo	masaryk-robert	turza-milan	2	1	masaryk-robert
gs2024-r1	playoff	predkolo	skyba-marek	caro-pavol	2	0	skyba-marek
gs2024-r1	playoff	predkolo	dulay-jan	sajankova-zuzana	2	0	dulay-jan
gs2024-r1	playoff	predkolo	szolnoki-attila	holan-marek	2	1	szolnoki-attila
gs2024-r1	playoff	predkolo	kravchenko-sergii	hornak-peter	2	0	kravchenko-sergii
gs2024-r1	playoff	predkolo	valovcan-jaroslav-st	pastva-ondrej	2	0	valovcan-jaroslav-st
gs2024-r1	playoff	16-finále	mocik-tomas	sasko-igor	3	0	mocik-tomas
gs2024-r1	playoff	16-finále	mateasik-dominik	palencik-patrik	3	2	mateasik-dominik
gs2024-r1	playoff	16-finále	donoval-lubos	valovcan-jaroslav-ml	3	1	donoval-lubos
gs2024-r1	playoff	16-finále	mikula-michal	holecek-svetozar	3	0	mikula-michal
gs2024-r1	playoff	16-finále	raslavsky-tomas	petrak-jozef	3	2	raslavsky-tomas
gs2024-r1	playoff	16-finále	gros-pavol	andras-igor	3	1	gros-pavol
gs2024-r1	playoff	16-finále	tuzinsky-filip	goda-ivan	3	0	tuzinsky-filip
gs2024-r1	playoff	16-finále	jakubec-peter	fulop-matej	3	2	jakubec-peter
gs2024-r1	playoff	16-finále	mitro-adam	szellova-jana	3	0	mitro-adam
gs2024-r1	playoff	16-finále	vanek-richard	jastrab-jaroslav	3	0	vanek-richard
gs2024-r1	playoff	16-finále	klauco-michal	masaryk-robert	3	0	klauco-michal
gs2024-r1	playoff	16-finále	skyba-marek	klauco-matej	3	2	skyba-marek
gs2024-r1	playoff	16-finále	jerzova-katarina	dulay-jan	3	0	jerzova-katarina
gs2024-r1	playoff	16-finále	szolnoki-attila	hutka-vladimir	3	0	szolnoki-attila
gs2024-r1	playoff	16-finále	simko-erik	kravchenko-sergii	3	0	simko-erik
gs2024-r1	playoff	16-finále	markaj-mark	valovcan-jaroslav-st	3	1	markaj-mark
gs2024-r1	playoff	osemfinále	mocik-tomas	mateasik-dominik	3	0	mocik-tomas
gs2024-r1	playoff	osemfinále	donoval-lubos	mikula-michal	3	2	donoval-lubos
gs2024-r1	playoff	osemfinále	gros-pavol	raslavsky-tomas	3	0	gros-pavol
gs2024-r1	playoff	osemfinále	jakubec-peter	tuzinsky-filip	3	0	jakubec-peter
gs2024-r1	playoff	osemfinále	vanek-richard	mitro-adam	3	1	vanek-richard
gs2024-r1	playoff	osemfinále	klauco-michal	skyba-marek	3	0	klauco-michal
gs2024-r1	playoff	osemfinále	jerzova-katarina	szolnoki-attila	3	0	jerzova-katarina
gs2024-r1	playoff	osemfinále	simko-erik	markaj-mark	3	2	simko-erik
gs2024-r1	playoff	štvrťfinále	mocik-tomas	donoval-lubos	3	0	mocik-tomas
gs2024-r1	playoff	štvrťfinále	jakubec-peter	gros-pavol	3	1	jakubec-peter
gs2024-r1	playoff	štvrťfinále	vanek-richard	klauco-michal	3	0	vanek-richard
gs2024-r1	playoff	štvrťfinále	simko-erik	jerzova-katarina	3	2	simko-erik
gs2024-r1	playoff	semifinále	jakubec-peter	mocik-tomas	3	1	jakubec-peter
gs2024-r1	playoff	semifinále	vanek-richard	simko-erik	3	1	vanek-richard
gs2024-r1	playoff	finále	vanek-richard	jakubec-peter	3	0	vanek-richard
gs2024-r1	playoff	o 3. miesto	mocik-tomas	simko-erik	3	1	mocik-tomas
gs2024-r2	group	skupina A	jerzova-katarina	mikula-michal	2	0	jerzova-katarina
gs2024-r2	group	skupina A	jerzova-katarina	svitek-martin	0	2	svitek-martin
gs2024-r2	group	skupina A	jerzova-katarina	bittner-peter	2	0	jerzova-katarina
gs2024-r2	group	skupina A	jerzova-katarina	sokol-filip	2	0	jerzova-katarina
gs2024-r2	group	skupina A	jerzova-katarina	hlavati-zdeno	2	0	jerzova-katarina
gs2024-r2	group	skupina A	jerzova-katarina	gajarsky-roman	2	0	jerzova-katarina
gs2024-r2	group	skupina A	jerzova-katarina	matousek-juraj	2	0	jerzova-katarina
gs2024-r2	group	skupina A	mikula-michal	svitek-martin	0	2	svitek-martin
gs2024-r2	group	skupina A	mikula-michal	bittner-peter	2	0	mikula-michal
gs2024-r2	group	skupina A	mikula-michal	sokol-filip	2	0	mikula-michal
gs2024-r2	group	skupina A	mikula-michal	hlavati-zdeno	0	2	hlavati-zdeno
gs2024-r2	group	skupina A	mikula-michal	gajarsky-roman	2	1	mikula-michal
gs2024-r2	group	skupina A	mikula-michal	matousek-juraj	2	0	mikula-michal
gs2024-r2	group	skupina A	svitek-martin	bittner-peter	2	0	svitek-martin
gs2024-r2	group	skupina A	svitek-martin	sokol-filip	2	1	svitek-martin
gs2024-r2	group	skupina A	svitek-martin	hlavati-zdeno	1	2	hlavati-zdeno
gs2024-r2	group	skupina A	svitek-martin	gajarsky-roman	2	1	svitek-martin
gs2024-r2	group	skupina A	svitek-martin	matousek-juraj	2	1	svitek-martin
gs2024-r2	group	skupina A	bittner-peter	sokol-filip	1	2	sokol-filip
gs2024-r2	group	skupina A	bittner-peter	hlavati-zdeno	0	2	hlavati-zdeno
gs2024-r2	group	skupina A	bittner-peter	gajarsky-roman	0	2	gajarsky-roman
gs2024-r2	group	skupina A	bittner-peter	matousek-juraj	0	2	matousek-juraj
gs2024-r2	group	skupina A	sokol-filip	hlavati-zdeno	2	0	sokol-filip
gs2024-r2	group	skupina A	sokol-filip	gajarsky-roman	2	0	sokol-filip
gs2024-r2	group	skupina A	sokol-filip	matousek-juraj	2	0	sokol-filip
gs2024-r2	group	skupina A	hlavati-zdeno	gajarsky-roman	2	0	hlavati-zdeno
gs2024-r2	group	skupina A	hlavati-zdeno	matousek-juraj	1	2	matousek-juraj
gs2024-r2	group	skupina A	gajarsky-roman	matousek-juraj	2	1	gajarsky-roman
gs2024-r2	group	skupina B	gros-pavol	holecek-svetozar	2	1	gros-pavol
gs2024-r2	group	skupina B	gros-pavol	klauco-emil	2	0	gros-pavol
gs2024-r2	group	skupina B	gros-pavol	kulich-jozef	2	0	gros-pavol
gs2024-r2	group	skupina B	gros-pavol	satka-miroslav	2	0	gros-pavol
gs2024-r2	group	skupina B	gros-pavol	klima-luboslav	2	0	gros-pavol
gs2024-r2	group	skupina B	gros-pavol	sedivy-pavol	2	0	gros-pavol
gs2024-r2	group	skupina B	gros-pavol	kreits-daniel	2	0	gros-pavol
gs2024-r2	group	skupina B	holecek-svetozar	klauco-emil	2	1	holecek-svetozar
gs2024-r2	group	skupina B	holecek-svetozar	kulich-jozef	2	1	holecek-svetozar
gs2024-r2	group	skupina B	holecek-svetozar	satka-miroslav	2	0	holecek-svetozar
gs2024-r2	group	skupina B	holecek-svetozar	klima-luboslav	2	0	holecek-svetozar
gs2024-r2	group	skupina B	holecek-svetozar	sedivy-pavol	2	1	holecek-svetozar
gs2024-r2	group	skupina B	holecek-svetozar	kreits-daniel	0	2	kreits-daniel
gs2024-r2	group	skupina B	klauco-emil	kulich-jozef	2	1	klauco-emil
gs2024-r2	group	skupina B	klauco-emil	satka-miroslav	2	0	klauco-emil
gs2024-r2	group	skupina B	klauco-emil	klima-luboslav	2	1	klauco-emil
gs2024-r2	group	skupina B	klauco-emil	sedivy-pavol	2	0	klauco-emil
gs2024-r2	group	skupina B	klauco-emil	kreits-daniel	0	2	kreits-daniel
gs2024-r2	group	skupina B	kulich-jozef	satka-miroslav	2	0	kulich-jozef
gs2024-r2	group	skupina B	kulich-jozef	klima-luboslav	0	2	klima-luboslav
gs2024-r2	group	skupina B	kulich-jozef	sedivy-pavol	0	2	sedivy-pavol
gs2024-r2	group	skupina B	kulich-jozef	kreits-daniel	0	2	kreits-daniel
gs2024-r2	group	skupina B	satka-miroslav	klima-luboslav	2	1	satka-miroslav
gs2024-r2	group	skupina B	satka-miroslav	sedivy-pavol	0	2	sedivy-pavol
gs2024-r2	group	skupina B	satka-miroslav	kreits-daniel	0	2	kreits-daniel
gs2024-r2	group	skupina B	klima-luboslav	sedivy-pavol	0	2	sedivy-pavol
gs2024-r2	group	skupina B	klima-luboslav	kreits-daniel	0	2	kreits-daniel
gs2024-r2	group	skupina B	sedivy-pavol	kreits-daniel	0	2	kreits-daniel
gs2024-r2	group	skupina C	mitro-adam	hutka-vladimir	2	0	mitro-adam
gs2024-r2	group	skupina C	mitro-adam	gula-karol	2	0	mitro-adam
gs2024-r2	group	skupina C	mitro-adam	holan-marek	2	0	mitro-adam
gs2024-r2	group	skupina C	mitro-adam	szalayova-sylvia	2	0	mitro-adam
gs2024-r2	group	skupina C	mitro-adam	zakovic-julius	2	0	mitro-adam
gs2024-r2	group	skupina C	mitro-adam	breziansky-ivan	2	0	mitro-adam
gs2024-r2	group	skupina C	mitro-adam	sestak-marek	2	0	mitro-adam
gs2024-r2	group	skupina C	hutka-vladimir	gula-karol	0	2	gula-karol
gs2024-r2	group	skupina C	hutka-vladimir	holan-marek	2	0	hutka-vladimir
gs2024-r2	group	skupina C	hutka-vladimir	szalayova-sylvia	2	0	hutka-vladimir
gs2024-r2	group	skupina C	hutka-vladimir	zakovic-julius	2	0	hutka-vladimir
gs2024-r2	group	skupina C	hutka-vladimir	breziansky-ivan	2	0	hutka-vladimir
gs2024-r2	group	skupina C	hutka-vladimir	sestak-marek	2	0	hutka-vladimir
gs2024-r2	group	skupina C	gula-karol	holan-marek	2	0	gula-karol
gs2024-r2	group	skupina C	gula-karol	szalayova-sylvia	2	1	gula-karol
gs2024-r2	group	skupina C	gula-karol	zakovic-julius	2	0	gula-karol
gs2024-r2	group	skupina C	gula-karol	breziansky-ivan	2	0	gula-karol
gs2024-r2	group	skupina C	gula-karol	sestak-marek	2	0	gula-karol
gs2024-r2	group	skupina C	holan-marek	szalayova-sylvia	2	0	holan-marek
gs2024-r2	group	skupina C	holan-marek	zakovic-julius	2	0	holan-marek
gs2024-r2	group	skupina C	holan-marek	breziansky-ivan	2	0	holan-marek
gs2024-r2	group	skupina C	holan-marek	sestak-marek	2	0	holan-marek
gs2024-r2	group	skupina C	szalayova-sylvia	zakovic-julius	2	0	szalayova-sylvia
gs2024-r2	group	skupina C	szalayova-sylvia	breziansky-ivan	2	0	szalayova-sylvia
gs2024-r2	group	skupina C	szalayova-sylvia	sestak-marek	2	0	szalayova-sylvia
gs2024-r2	group	skupina C	zakovic-julius	breziansky-ivan	0	2	breziansky-ivan
gs2024-r2	group	skupina C	zakovic-julius	sestak-marek	2	0	zakovic-julius
gs2024-r2	group	skupina C	breziansky-ivan	sestak-marek	2	1	breziansky-ivan
gs2024-r2	group	skupina D	donoval-lubos	tuzinsky-filip	2	1	donoval-lubos
gs2024-r2	group	skupina D	donoval-lubos	hornak-peter	2	1	donoval-lubos
gs2024-r2	group	skupina D	donoval-lubos	capkovic-milan	2	0	donoval-lubos
gs2024-r2	group	skupina D	donoval-lubos	galik-dominik	2	0	donoval-lubos
gs2024-r2	group	skupina D	donoval-lubos	hrtan-filip	1	2	hrtan-filip
gs2024-r2	group	skupina D	donoval-lubos	ochotnicky-miroslav	2	0	donoval-lubos
gs2024-r2	group	skupina D	donoval-lubos	cebik-mario	2	0	donoval-lubos
gs2024-r2	group	skupina D	tuzinsky-filip	hornak-peter	2	0	tuzinsky-filip
gs2024-r2	group	skupina D	tuzinsky-filip	capkovic-milan	2	0	tuzinsky-filip
gs2024-r2	group	skupina D	tuzinsky-filip	galik-dominik	2	0	tuzinsky-filip
gs2024-r2	group	skupina D	tuzinsky-filip	hrtan-filip	2	0	tuzinsky-filip
gs2024-r2	group	skupina D	tuzinsky-filip	ochotnicky-miroslav	2	0	tuzinsky-filip
gs2024-r2	group	skupina D	tuzinsky-filip	cebik-mario	2	0	tuzinsky-filip
gs2024-r2	group	skupina D	hornak-peter	capkovic-milan	2	1	hornak-peter
gs2024-r2	group	skupina D	hornak-peter	galik-dominik	2	0	hornak-peter
gs2024-r2	group	skupina D	hornak-peter	hrtan-filip	1	2	hrtan-filip
gs2024-r2	group	skupina D	hornak-peter	ochotnicky-miroslav	2	0	hornak-peter
gs2024-r2	group	skupina D	hornak-peter	cebik-mario	2	0	hornak-peter
gs2024-r2	group	skupina D	capkovic-milan	galik-dominik	2	0	capkovic-milan
gs2024-r2	group	skupina D	capkovic-milan	hrtan-filip	1	2	hrtan-filip
gs2024-r2	group	skupina D	capkovic-milan	ochotnicky-miroslav	2	0	capkovic-milan
gs2024-r2	group	skupina D	capkovic-milan	cebik-mario	1	2	cebik-mario
gs2024-r2	group	skupina D	galik-dominik	hrtan-filip	0	2	hrtan-filip
gs2024-r2	group	skupina D	galik-dominik	ochotnicky-miroslav	0	2	ochotnicky-miroslav
gs2024-r2	group	skupina D	galik-dominik	cebik-mario	0	2	cebik-mario
gs2024-r2	group	skupina D	hrtan-filip	ochotnicky-miroslav	2	0	hrtan-filip
gs2024-r2	group	skupina D	hrtan-filip	cebik-mario	2	0	hrtan-filip
gs2024-r2	group	skupina D	ochotnicky-miroslav	cebik-mario	0	2	cebik-mario
gs2024-r2	group	skupina E	simko-erik	sasko-igor	2	0	simko-erik
gs2024-r2	group	skupina E	simko-erik	sajankova-zuzana	2	0	simko-erik
gs2024-r2	group	skupina E	simko-erik	vozar-vladimir	2	0	simko-erik
gs2024-r2	group	skupina E	simko-erik	misanik-branislav	2	0	simko-erik
gs2024-r2	group	skupina E	simko-erik	fischerova-michaela	2	0	simko-erik
gs2024-r2	group	skupina E	simko-erik	maglocky-milan	2	0	simko-erik
gs2024-r2	group	skupina E	simko-erik	bojtos-roland	2	0	simko-erik
gs2024-r2	group	skupina E	sasko-igor	sajankova-zuzana	1	2	sajankova-zuzana
gs2024-r2	group	skupina E	sasko-igor	vozar-vladimir	2	0	sasko-igor
gs2024-r2	group	skupina E	sasko-igor	misanik-branislav	2	0	sasko-igor
gs2024-r2	group	skupina E	sasko-igor	fischerova-michaela	2	0	sasko-igor
gs2024-r2	group	skupina E	sasko-igor	maglocky-milan	2	0	sasko-igor
gs2024-r2	group	skupina E	sasko-igor	bojtos-roland	1	2	bojtos-roland
gs2024-r2	group	skupina E	sajankova-zuzana	vozar-vladimir	2	0	sajankova-zuzana
gs2024-r2	group	skupina E	sajankova-zuzana	misanik-branislav	0	2	misanik-branislav
gs2024-r2	group	skupina E	sajankova-zuzana	fischerova-michaela	2	0	sajankova-zuzana
gs2024-r2	group	skupina E	sajankova-zuzana	maglocky-milan	2	1	sajankova-zuzana
gs2024-r2	group	skupina E	sajankova-zuzana	bojtos-roland	2	1	sajankova-zuzana
gs2024-r2	group	skupina E	vozar-vladimir	misanik-branislav	1	2	misanik-branislav
gs2024-r2	group	skupina E	vozar-vladimir	fischerova-michaela	2	1	vozar-vladimir
gs2024-r2	group	skupina E	vozar-vladimir	maglocky-milan	2	0	vozar-vladimir
gs2024-r2	group	skupina E	vozar-vladimir	bojtos-roland	0	2	bojtos-roland
gs2024-r2	group	skupina E	misanik-branislav	fischerova-michaela	2	0	misanik-branislav
gs2024-r2	group	skupina E	misanik-branislav	maglocky-milan	0	2	maglocky-milan
gs2024-r2	group	skupina E	misanik-branislav	bojtos-roland	2	0	misanik-branislav
gs2024-r2	group	skupina E	fischerova-michaela	maglocky-milan	0	2	maglocky-milan
gs2024-r2	group	skupina E	fischerova-michaela	bojtos-roland	0	2	bojtos-roland
gs2024-r2	group	skupina E	maglocky-milan	bojtos-roland	0	2	bojtos-roland
gs2024-r2	group	skupina F	markaj-mark	andras-igor	1	2	andras-igor
gs2024-r2	group	skupina F	markaj-mark	kravchenko-sergii	2	1	markaj-mark
gs2024-r2	group	skupina F	markaj-mark	burtnyj-sergej	2	1	markaj-mark
gs2024-r2	group	skupina F	markaj-mark	jakubik-jozef	2	0	markaj-mark
gs2024-r2	group	skupina F	markaj-mark	valent-marian	0	2	valent-marian
gs2024-r2	group	skupina F	markaj-mark	skandik-vladimir	0	2	skandik-vladimir
gs2024-r2	group	skupina F	markaj-mark	korgo-roman	2	0	markaj-mark
gs2024-r2	group	skupina F	andras-igor	kravchenko-sergii	2	0	andras-igor
gs2024-r2	group	skupina F	andras-igor	burtnyj-sergej	2	0	andras-igor
gs2024-r2	group	skupina F	andras-igor	jakubik-jozef	2	0	andras-igor
gs2024-r2	group	skupina F	andras-igor	valent-marian	2	1	andras-igor
gs2024-r2	group	skupina F	andras-igor	skandik-vladimir	2	0	andras-igor
gs2024-r2	group	skupina F	andras-igor	korgo-roman	2	0	andras-igor
gs2024-r2	group	skupina F	kravchenko-sergii	burtnyj-sergej	2	0	kravchenko-sergii
gs2024-r2	group	skupina F	kravchenko-sergii	jakubik-jozef	2	0	kravchenko-sergii
gs2024-r2	group	skupina F	kravchenko-sergii	valent-marian	0	2	valent-marian
gs2024-r2	group	skupina F	kravchenko-sergii	skandik-vladimir	0	2	skandik-vladimir
gs2024-r2	group	skupina F	kravchenko-sergii	korgo-roman	2	0	kravchenko-sergii
gs2024-r2	group	skupina F	burtnyj-sergej	jakubik-jozef	2	0	burtnyj-sergej
gs2024-r2	group	skupina F	burtnyj-sergej	valent-marian	0	2	valent-marian
gs2024-r2	group	skupina F	burtnyj-sergej	skandik-vladimir	0	2	skandik-vladimir
gs2024-r2	group	skupina F	burtnyj-sergej	korgo-roman	2	0	burtnyj-sergej
gs2024-r2	group	skupina F	jakubik-jozef	valent-marian	0	2	valent-marian
gs2024-r2	group	skupina F	jakubik-jozef	skandik-vladimir	0	2	skandik-vladimir
gs2024-r2	group	skupina F	jakubik-jozef	korgo-roman	2	0	jakubik-jozef
gs2024-r2	group	skupina F	valent-marian	skandik-vladimir	1	2	skandik-vladimir
gs2024-r2	group	skupina F	valent-marian	korgo-roman	2	0	valent-marian
gs2024-r2	group	skupina F	skandik-vladimir	korgo-roman	2	0	skandik-vladimir
gs2024-r2	group	skupina G	vanek-richard	goda-ivan	2	0	vanek-richard
gs2024-r2	group	skupina G	vanek-richard	pajbach-michal	2	0	vanek-richard
gs2024-r2	group	skupina G	vanek-richard	galas-jan	2	0	vanek-richard
gs2024-r2	group	skupina G	vanek-richard	ziska-vladimir	2	0	vanek-richard
gs2024-r2	group	skupina G	vanek-richard	baranek-jan	2	1	vanek-richard
gs2024-r2	group	skupina G	vanek-richard	rusnakova-marta	2	1	vanek-richard
gs2024-r2	group	skupina G	vanek-richard	godova-lena	2	0	vanek-richard
gs2024-r2	group	skupina G	goda-ivan	pajbach-michal	1	2	pajbach-michal
gs2024-r2	group	skupina G	goda-ivan	galas-jan	2	1	goda-ivan
gs2024-r2	group	skupina G	goda-ivan	ziska-vladimir	2	0	goda-ivan
gs2024-r2	group	skupina G	goda-ivan	baranek-jan	2	1	goda-ivan
gs2024-r2	group	skupina G	goda-ivan	rusnakova-marta	2	1	goda-ivan
gs2024-r2	group	skupina G	goda-ivan	godova-lena	1	2	godova-lena
gs2024-r2	group	skupina G	pajbach-michal	galas-jan	2	0	pajbach-michal
gs2024-r2	group	skupina G	pajbach-michal	ziska-vladimir	2	0	pajbach-michal
gs2024-r2	group	skupina G	pajbach-michal	baranek-jan	2	1	pajbach-michal
gs2024-r2	group	skupina G	pajbach-michal	rusnakova-marta	0	2	rusnakova-marta
gs2024-r2	group	skupina G	pajbach-michal	godova-lena	2	0	pajbach-michal
gs2024-r2	group	skupina G	galas-jan	ziska-vladimir	2	1	galas-jan
gs2024-r2	group	skupina G	galas-jan	baranek-jan	1	2	baranek-jan
gs2024-r2	group	skupina G	galas-jan	rusnakova-marta	0	2	rusnakova-marta
gs2024-r2	group	skupina G	galas-jan	godova-lena	2	1	galas-jan
gs2024-r2	group	skupina G	ziska-vladimir	baranek-jan	2	0	ziska-vladimir
gs2024-r2	group	skupina G	ziska-vladimir	rusnakova-marta	2	0	ziska-vladimir
gs2024-r2	group	skupina G	ziska-vladimir	godova-lena	2	1	ziska-vladimir
gs2024-r2	group	skupina G	baranek-jan	rusnakova-marta	0	2	rusnakova-marta
gs2024-r2	group	skupina G	baranek-jan	godova-lena	0	2	godova-lena
gs2024-r2	group	skupina G	rusnakova-marta	godova-lena	2	1	rusnakova-marta
gs2024-r2	group	skupina H	mateasik-dominik	petrak-jozef	2	0	mateasik-dominik
gs2024-r2	group	skupina H	mateasik-dominik	pastva-ondrej	2	1	mateasik-dominik
gs2024-r2	group	skupina H	mateasik-dominik	sivcak-ondrej	2	0	mateasik-dominik
gs2024-r2	group	skupina H	mateasik-dominik	sivcak-matus	2	0	mateasik-dominik
gs2024-r2	group	skupina H	mateasik-dominik	ochotnicka-hana	2	0	mateasik-dominik
gs2024-r2	group	skupina H	mateasik-dominik	sturdik-maros	2	0	mateasik-dominik
gs2024-r2	group	skupina H	mateasik-dominik	bulak-roman	2	0	mateasik-dominik
gs2024-r2	group	skupina H	petrak-jozef	pastva-ondrej	2	1	petrak-jozef
gs2024-r2	group	skupina H	petrak-jozef	sivcak-ondrej	2	0	petrak-jozef
gs2024-r2	group	skupina H	petrak-jozef	sivcak-matus	2	0	petrak-jozef
gs2024-r2	group	skupina H	petrak-jozef	ochotnicka-hana	2	0	petrak-jozef
gs2024-r2	group	skupina H	petrak-jozef	sturdik-maros	1	2	sturdik-maros
gs2024-r2	group	skupina H	petrak-jozef	bulak-roman	1	2	bulak-roman
gs2024-r2	group	skupina H	pastva-ondrej	sivcak-ondrej	2	0	pastva-ondrej
gs2024-r2	group	skupina H	pastva-ondrej	sivcak-matus	2	0	pastva-ondrej
gs2024-r2	group	skupina H	pastva-ondrej	ochotnicka-hana	2	0	pastva-ondrej
gs2024-r2	group	skupina H	pastva-ondrej	sturdik-maros	2	0	pastva-ondrej
gs2024-r2	group	skupina H	pastva-ondrej	bulak-roman	2	1	pastva-ondrej
gs2024-r2	group	skupina H	sivcak-ondrej	sivcak-matus	0	2	sivcak-matus
gs2024-r2	group	skupina H	sivcak-ondrej	ochotnicka-hana	2	1	sivcak-ondrej
gs2024-r2	group	skupina H	sivcak-ondrej	sturdik-maros	0	2	sturdik-maros
gs2024-r2	group	skupina H	sivcak-ondrej	bulak-roman	0	2	bulak-roman
gs2024-r2	group	skupina H	sivcak-matus	ochotnicka-hana	2	0	sivcak-matus
gs2024-r2	group	skupina H	sivcak-matus	sturdik-maros	0	2	sturdik-maros
gs2024-r2	group	skupina H	sivcak-matus	bulak-roman	0	2	bulak-roman
gs2024-r2	group	skupina H	ochotnicka-hana	sturdik-maros	0	2	sturdik-maros
gs2024-r2	group	skupina H	ochotnicka-hana	bulak-roman	0	2	bulak-roman
gs2024-r2	group	skupina H	sturdik-maros	bulak-roman	1	2	bulak-roman
gs2024-r2	group	skupina I	mocik-tomas	palencik-patrik	2	0	mocik-tomas
gs2024-r2	group	skupina I	mocik-tomas	caro-pavol	2	0	mocik-tomas
gs2024-r2	group	skupina I	mocik-tomas	mrazkova-viera	2	0	mocik-tomas
gs2024-r2	group	skupina I	mocik-tomas	zapalac-mario	2	0	mocik-tomas
gs2024-r2	group	skupina I	mocik-tomas	baca-tomas	2	0	mocik-tomas
gs2024-r2	group	skupina I	mocik-tomas	zitny-vojtech	2	0	mocik-tomas
gs2024-r2	group	skupina I	mocik-tomas	bachraty-matej	2	0	mocik-tomas
gs2024-r2	group	skupina I	palencik-patrik	caro-pavol	2	0	palencik-patrik
gs2024-r2	group	skupina I	palencik-patrik	mrazkova-viera	2	0	palencik-patrik
gs2024-r2	group	skupina I	palencik-patrik	zapalac-mario	2	0	palencik-patrik
gs2024-r2	group	skupina I	palencik-patrik	baca-tomas	2	0	palencik-patrik
gs2024-r2	group	skupina I	palencik-patrik	zitny-vojtech	2	0	palencik-patrik
gs2024-r2	group	skupina I	palencik-patrik	bachraty-matej	2	1	palencik-patrik
gs2024-r2	group	skupina I	caro-pavol	mrazkova-viera	2	0	caro-pavol
gs2024-r2	group	skupina I	caro-pavol	zapalac-mario	2	0	caro-pavol
gs2024-r2	group	skupina I	caro-pavol	baca-tomas	2	0	caro-pavol
gs2024-r2	group	skupina I	caro-pavol	zitny-vojtech	1	2	zitny-vojtech
gs2024-r2	group	skupina I	caro-pavol	bachraty-matej	2	1	caro-pavol
gs2024-r2	group	skupina I	mrazkova-viera	zapalac-mario	1	2	zapalac-mario
gs2024-r2	group	skupina I	mrazkova-viera	baca-tomas	0	2	baca-tomas
gs2024-r2	group	skupina I	mrazkova-viera	zitny-vojtech	0	2	zitny-vojtech
gs2024-r2	group	skupina I	mrazkova-viera	bachraty-matej	0	2	bachraty-matej
gs2024-r2	group	skupina I	zapalac-mario	baca-tomas	1	2	baca-tomas
gs2024-r2	group	skupina I	zapalac-mario	zitny-vojtech	0	2	zitny-vojtech
gs2024-r2	group	skupina I	zapalac-mario	bachraty-matej	0	2	bachraty-matej
gs2024-r2	group	skupina I	baca-tomas	zitny-vojtech	1	2	zitny-vojtech
gs2024-r2	group	skupina I	baca-tomas	bachraty-matej	0	2	bachraty-matej
gs2024-r2	group	skupina I	zitny-vojtech	bachraty-matej	2	1	zitny-vojtech
gs2024-r2	group	skupina J	skyba-marek	klauco-matej	0	2	klauco-matej
gs2024-r2	group	skupina J	skyba-marek	szellova-jana	0	2	szellova-jana
gs2024-r2	group	skupina J	skyba-marek	slahor-radovan	2	0	skyba-marek
gs2024-r2	group	skupina J	skyba-marek	burianova-nicol	2	0	skyba-marek
gs2024-r2	group	skupina J	skyba-marek	malisek-drahomir	2	1	skyba-marek
gs2024-r2	group	skupina J	skyba-marek	bitarovska-dagmar	2	0	skyba-marek
gs2024-r2	group	skupina J	skyba-marek	pivko-miroslav	2	0	skyba-marek
gs2024-r2	group	skupina J	skyba-marek	slahor-maxim	2	0	skyba-marek
gs2024-r2	group	skupina J	klauco-matej	szellova-jana	2	0	klauco-matej
gs2024-r2	group	skupina J	klauco-matej	slahor-radovan	2	0	klauco-matej
gs2024-r2	group	skupina J	klauco-matej	burianova-nicol	2	0	klauco-matej
gs2024-r2	group	skupina J	klauco-matej	malisek-drahomir	2	1	klauco-matej
gs2024-r2	group	skupina J	klauco-matej	bitarovska-dagmar	2	0	klauco-matej
gs2024-r2	group	skupina J	klauco-matej	pivko-miroslav	2	0	klauco-matej
gs2024-r2	group	skupina J	klauco-matej	slahor-maxim	2	0	klauco-matej
gs2024-r2	group	skupina J	szellova-jana	slahor-radovan	1	2	slahor-radovan
gs2024-r2	group	skupina J	szellova-jana	burianova-nicol	2	0	szellova-jana
gs2024-r2	group	skupina J	szellova-jana	malisek-drahomir	0	2	malisek-drahomir
gs2024-r2	group	skupina J	szellova-jana	bitarovska-dagmar	2	0	szellova-jana
gs2024-r2	group	skupina J	szellova-jana	pivko-miroslav	2	0	szellova-jana
gs2024-r2	group	skupina J	szellova-jana	slahor-maxim	2	0	szellova-jana
gs2024-r2	group	skupina J	slahor-radovan	burianova-nicol	2	0	slahor-radovan
gs2024-r2	group	skupina J	slahor-radovan	malisek-drahomir	0	2	malisek-drahomir
gs2024-r2	group	skupina J	slahor-radovan	bitarovska-dagmar	2	0	slahor-radovan
gs2024-r2	group	skupina J	slahor-radovan	pivko-miroslav	2	0	slahor-radovan
gs2024-r2	group	skupina J	slahor-radovan	slahor-maxim	2	1	slahor-radovan
gs2024-r2	group	skupina J	burianova-nicol	malisek-drahomir	0	2	malisek-drahomir
gs2024-r2	group	skupina J	burianova-nicol	bitarovska-dagmar	0	2	bitarovska-dagmar
gs2024-r2	group	skupina J	burianova-nicol	pivko-miroslav	0	2	pivko-miroslav
gs2024-r2	group	skupina J	burianova-nicol	slahor-maxim	0	2	slahor-maxim
gs2024-r2	group	skupina J	malisek-drahomir	bitarovska-dagmar	2	0	malisek-drahomir
gs2024-r2	group	skupina J	malisek-drahomir	pivko-miroslav	2	0	malisek-drahomir
gs2024-r2	group	skupina J	malisek-drahomir	slahor-maxim	2	0	malisek-drahomir
gs2024-r2	group	skupina J	bitarovska-dagmar	pivko-miroslav	0	2	pivko-miroslav
gs2024-r2	group	skupina J	bitarovska-dagmar	slahor-maxim	0	2	slahor-maxim
gs2024-r2	group	skupina J	pivko-miroslav	slahor-maxim	0	2	slahor-maxim
gs2024-r2	group	skupina K	jakubec-peter	fulop-matej	1	2	fulop-matej
gs2024-r2	group	skupina K	jakubec-peter	dandar-marek	2	0	jakubec-peter
gs2024-r2	group	skupina K	jakubec-peter	michalco-martin	2	0	jakubec-peter
gs2024-r2	group	skupina K	jakubec-peter	burian-branislav	2	0	jakubec-peter
gs2024-r2	group	skupina K	jakubec-peter	vyskoc-roman	2	1	jakubec-peter
gs2024-r2	group	skupina K	jakubec-peter	burian-matus	2	0	jakubec-peter
gs2024-r2	group	skupina K	jakubec-peter	kovac-simon	2	0	jakubec-peter
gs2024-r2	group	skupina K	fulop-matej	dandar-marek	2	0	fulop-matej
gs2024-r2	group	skupina K	fulop-matej	michalco-martin	2	0	fulop-matej
gs2024-r2	group	skupina K	fulop-matej	burian-branislav	2	0	fulop-matej
gs2024-r2	group	skupina K	fulop-matej	vyskoc-roman	2	1	fulop-matej
gs2024-r2	group	skupina K	fulop-matej	burian-matus	2	0	fulop-matej
gs2024-r2	group	skupina K	fulop-matej	kovac-simon	2	0	fulop-matej
gs2024-r2	group	skupina K	dandar-marek	michalco-martin	2	0	dandar-marek
gs2024-r2	group	skupina K	dandar-marek	burian-branislav	2	0	dandar-marek
gs2024-r2	group	skupina K	dandar-marek	vyskoc-roman	0	2	vyskoc-roman
gs2024-r2	group	skupina K	dandar-marek	burian-matus	2	0	dandar-marek
gs2024-r2	group	skupina K	dandar-marek	kovac-simon	2	0	dandar-marek
gs2024-r2	group	skupina K	michalco-martin	burian-branislav	2	0	michalco-martin
gs2024-r2	group	skupina K	michalco-martin	vyskoc-roman	0	2	vyskoc-roman
gs2024-r2	group	skupina K	michalco-martin	burian-matus	0	2	burian-matus
gs2024-r2	group	skupina K	michalco-martin	kovac-simon	2	0	michalco-martin
gs2024-r2	group	skupina K	burian-branislav	vyskoc-roman	0	2	vyskoc-roman
gs2024-r2	group	skupina K	burian-branislav	burian-matus	1	2	burian-matus
gs2024-r2	group	skupina K	burian-branislav	kovac-simon	2	1	burian-branislav
gs2024-r2	group	skupina K	vyskoc-roman	burian-matus	2	1	vyskoc-roman
gs2024-r2	group	skupina K	vyskoc-roman	kovac-simon	2	0	vyskoc-roman
gs2024-r2	group	skupina K	burian-matus	kovac-simon	2	0	burian-matus
gs2024-r2	group	skupina L	raslavsky-tomas	masaryk-robert	2	0	raslavsky-tomas
gs2024-r2	group	skupina L	raslavsky-tomas	srnec-radovan	2	0	raslavsky-tomas
gs2024-r2	group	skupina L	raslavsky-tomas	vavra-marian	2	0	raslavsky-tomas
gs2024-r2	group	skupina L	raslavsky-tomas	laurov-miroslav	2	1	raslavsky-tomas
gs2024-r2	group	skupina L	raslavsky-tomas	ralbovska-jarmila	2	0	raslavsky-tomas
gs2024-r2	group	skupina L	raslavsky-tomas	popunda-tomas	2	0	raslavsky-tomas
gs2024-r2	group	skupina L	raslavsky-tomas	bektashov-alibek	2	0	raslavsky-tomas
gs2024-r2	group	skupina L	masaryk-robert	srnec-radovan	2	1	masaryk-robert
gs2024-r2	group	skupina L	masaryk-robert	vavra-marian	1	2	vavra-marian
gs2024-r2	group	skupina L	masaryk-robert	laurov-miroslav	2	0	masaryk-robert
gs2024-r2	group	skupina L	masaryk-robert	ralbovska-jarmila	2	0	masaryk-robert
gs2024-r2	group	skupina L	masaryk-robert	popunda-tomas	2	0	masaryk-robert
gs2024-r2	group	skupina L	masaryk-robert	bektashov-alibek	2	0	masaryk-robert
gs2024-r2	group	skupina L	srnec-radovan	vavra-marian	2	0	srnec-radovan
gs2024-r2	group	skupina L	srnec-radovan	laurov-miroslav	2	1	srnec-radovan
gs2024-r2	group	skupina L	srnec-radovan	ralbovska-jarmila	2	1	srnec-radovan
gs2024-r2	group	skupina L	srnec-radovan	popunda-tomas	2	0	srnec-radovan
gs2024-r2	group	skupina L	srnec-radovan	bektashov-alibek	2	0	srnec-radovan
gs2024-r2	group	skupina L	vavra-marian	laurov-miroslav	2	1	vavra-marian
gs2024-r2	group	skupina L	vavra-marian	ralbovska-jarmila	1	2	ralbovska-jarmila
gs2024-r2	group	skupina L	vavra-marian	popunda-tomas	2	0	vavra-marian
gs2024-r2	group	skupina L	vavra-marian	bektashov-alibek	2	0	vavra-marian
gs2024-r2	group	skupina L	laurov-miroslav	ralbovska-jarmila	2	0	laurov-miroslav
gs2024-r2	group	skupina L	laurov-miroslav	popunda-tomas	2	0	laurov-miroslav
gs2024-r2	group	skupina L	laurov-miroslav	bektashov-alibek	2	0	laurov-miroslav
gs2024-r2	group	skupina L	ralbovska-jarmila	popunda-tomas	2	0	ralbovska-jarmila
gs2024-r2	group	skupina L	ralbovska-jarmila	bektashov-alibek	2	0	ralbovska-jarmila
gs2024-r2	group	skupina L	popunda-tomas	bektashov-alibek	2	1	popunda-tomas
gs2024-r2	playoff	predkolo	bojtos-roland	vyskoc-roman	3	0	bojtos-roland
gs2024-r2	playoff	predkolo	hornak-peter	pastva-ondrej	3	2	hornak-peter
gs2024-r2	playoff	predkolo	markaj-mark	palencik-patrik	3	0	markaj-mark
gs2024-r2	playoff	predkolo	skyba-marek	rusnakova-marta	3	0	skyba-marek
gs2024-r2	playoff	predkolo	bulak-roman	zitny-vojtech	3	0	bulak-roman
gs2024-r2	playoff	predkolo	malisek-drahomir	holan-marek	3	0	malisek-drahomir
gs2024-r2	playoff	predkolo	srnec-radovan	klauco-emil	3	1	srnec-radovan
gs2024-r2	playoff	predkolo	pajbach-michal	hlavati-zdeno	3	0	pajbach-michal
gs2024-r2	playoff	predkolo	skandik-vladimir	vavra-marian	3	0	skandik-vladimir
gs2024-r2	playoff	predkolo	dandar-marek	sokol-filip	3	1	dandar-marek
gs2024-r2	playoff	predkolo	szellova-jana	gula-karol	3	2	szellova-jana
gs2024-r2	playoff	predkolo	sasko-igor	hrtan-filip	3	1	sasko-igor
gs2024-r2	playoff	predkolo	hutka-vladimir	valent-marian	3	2	hutka-vladimir
gs2024-r2	playoff	predkolo	donoval-lubos	goda-ivan	3	0	donoval-lubos
gs2024-r2	playoff	predkolo	sajankova-zuzana	caro-pavol	3	1	sajankova-zuzana
gs2024-r2	playoff	predkolo	holecek-svetozar	petrak-jozef	3	2	holecek-svetozar
gs2024-r2	playoff	16-finále	svitek-martin	bojtos-roland	3	0	svitek-martin
gs2024-r2	playoff	16-finále	gros-pavol	hornak-peter	3	1	gros-pavol
gs2024-r2	playoff	16-finále	mitro-adam	markaj-mark	3	1	mitro-adam
gs2024-r2	playoff	16-finále	skyba-marek	masaryk-robert	3	0	skyba-marek
gs2024-r2	playoff	16-finále	tuzinsky-filip	bulak-roman	3	0	tuzinsky-filip
gs2024-r2	playoff	16-finále	jakubec-peter	malisek-drahomir	3	1	jakubec-peter
gs2024-r2	playoff	16-finále	simko-erik	srnec-radovan	3	2	simko-erik
gs2024-r2	playoff	16-finále	andras-igor	pajbach-michal	3	2	andras-igor
gs2024-r2	playoff	16-finále	vanek-richard	skandik-vladimir	3	1	vanek-richard
gs2024-r2	playoff	16-finále	mateasik-dominik	dandar-marek	3	0	mateasik-dominik
gs2024-r2	playoff	16-finále	mocik-tomas	szellova-jana	3	0	mocik-tomas
gs2024-r2	playoff	16-finále	kreits-daniel	sasko-igor	3	0	kreits-daniel
gs2024-r2	playoff	16-finále	klauco-matej	hutka-vladimir	3	0	klauco-matej
gs2024-r2	playoff	16-finále	jerzova-katarina	donoval-lubos	3	1	jerzova-katarina
gs2024-r2	playoff	16-finále	fulop-matej	sajankova-zuzana	3	1	fulop-matej
gs2024-r2	playoff	16-finále	holecek-svetozar	raslavsky-tomas	3	0	holecek-svetozar
gs2024-r2	playoff	osemfinále	gros-pavol	svitek-martin	3	0	gros-pavol
gs2024-r2	playoff	osemfinále	mitro-adam	skyba-marek	3	1	mitro-adam
gs2024-r2	playoff	osemfinále	jakubec-peter	tuzinsky-filip	3	0	jakubec-peter
gs2024-r2	playoff	osemfinále	andras-igor	simko-erik	3	2	andras-igor
gs2024-r2	playoff	osemfinále	vanek-richard	mateasik-dominik	3	0	vanek-richard
gs2024-r2	playoff	osemfinále	mocik-tomas	kreits-daniel	3	1	mocik-tomas
gs2024-r2	playoff	osemfinále	klauco-matej	jerzova-katarina	3	2	klauco-matej
gs2024-r2	playoff	osemfinále	fulop-matej	holecek-svetozar	3	0	fulop-matej
gs2024-r2	playoff	štvrťfinále	gros-pavol	mitro-adam	3	2	gros-pavol
gs2024-r2	playoff	štvrťfinále	jakubec-peter	andras-igor	3	1	jakubec-peter
gs2024-r2	playoff	štvrťfinále	vanek-richard	mocik-tomas	3	0	vanek-richard
gs2024-r2	playoff	štvrťfinále	fulop-matej	klauco-matej	3	0	fulop-matej
gs2024-r2	playoff	semifinále	jakubec-peter	gros-pavol	3	1	jakubec-peter
gs2024-r2	playoff	semifinále	vanek-richard	fulop-matej	3	2	vanek-richard
gs2024-r2	playoff	finále	vanek-richard	jakubec-peter	3	2	vanek-richard
gs2024-r2	playoff	o 3. miesto	gros-pavol	fulop-matej	3	0	gros-pavol
gs2024-r3	group	skupina A	mocik-tomas	kravcak-milan	2	0	mocik-tomas
gs2024-r3	group	skupina A	mocik-tomas	valovcan-jaroslav-ml	2	0	mocik-tomas
gs2024-r3	group	skupina A	mocik-tomas	sedivy-pavol	2	0	mocik-tomas
gs2024-r3	group	skupina A	mocik-tomas	szolnoki-attila	2	0	mocik-tomas
gs2024-r3	group	skupina A	mocik-tomas	bajcar-simon	2	0	mocik-tomas
gs2024-r3	group	skupina A	mocik-tomas	belosic-dusan	2	0	mocik-tomas
gs2024-r3	group	skupina A	mocik-tomas	vlachovic-rado	2	0	mocik-tomas
gs2024-r3	group	skupina A	mocik-tomas	petrak-jozef	2	0	mocik-tomas
gs2024-r3	group	skupina A	kravcak-milan	valovcan-jaroslav-ml	1	2	valovcan-jaroslav-ml
gs2024-r3	group	skupina A	kravcak-milan	sedivy-pavol	2	1	kravcak-milan
gs2024-r3	group	skupina A	kravcak-milan	szolnoki-attila	0	2	szolnoki-attila
gs2024-r3	group	skupina A	kravcak-milan	bajcar-simon	1	2	bajcar-simon
gs2024-r3	group	skupina A	kravcak-milan	belosic-dusan	2	1	kravcak-milan
gs2024-r3	group	skupina A	kravcak-milan	vlachovic-rado	2	0	kravcak-milan
gs2024-r3	group	skupina A	kravcak-milan	petrak-jozef	2	1	kravcak-milan
gs2024-r3	group	skupina A	valovcan-jaroslav-ml	sedivy-pavol	2	1	valovcan-jaroslav-ml
gs2024-r3	group	skupina A	valovcan-jaroslav-ml	szolnoki-attila	2	1	valovcan-jaroslav-ml
gs2024-r3	group	skupina A	valovcan-jaroslav-ml	bajcar-simon	2	0	valovcan-jaroslav-ml
gs2024-r3	group	skupina A	valovcan-jaroslav-ml	belosic-dusan	2	0	valovcan-jaroslav-ml
gs2024-r3	group	skupina A	valovcan-jaroslav-ml	vlachovic-rado	2	0	valovcan-jaroslav-ml
gs2024-r3	group	skupina A	valovcan-jaroslav-ml	petrak-jozef	1	2	petrak-jozef
gs2024-r3	group	skupina A	sedivy-pavol	szolnoki-attila	0	2	szolnoki-attila
gs2024-r3	group	skupina A	sedivy-pavol	bajcar-simon	2	0	sedivy-pavol
gs2024-r3	group	skupina A	sedivy-pavol	belosic-dusan	2	0	sedivy-pavol
gs2024-r3	group	skupina A	sedivy-pavol	vlachovic-rado	2	0	sedivy-pavol
gs2024-r3	group	skupina A	sedivy-pavol	petrak-jozef	1	2	petrak-jozef
gs2024-r3	group	skupina A	szolnoki-attila	bajcar-simon	2	0	szolnoki-attila
gs2024-r3	group	skupina A	szolnoki-attila	belosic-dusan	2	0	szolnoki-attila
gs2024-r3	group	skupina A	szolnoki-attila	vlachovic-rado	2	0	szolnoki-attila
gs2024-r3	group	skupina A	szolnoki-attila	petrak-jozef	2	1	szolnoki-attila
gs2024-r3	group	skupina A	bajcar-simon	belosic-dusan	2	0	bajcar-simon
gs2024-r3	group	skupina A	bajcar-simon	vlachovic-rado	2	0	bajcar-simon
gs2024-r3	group	skupina A	bajcar-simon	petrak-jozef	2	0	bajcar-simon
gs2024-r3	group	skupina A	belosic-dusan	vlachovic-rado	2	1	belosic-dusan
gs2024-r3	group	skupina A	belosic-dusan	petrak-jozef	1	2	petrak-jozef
gs2024-r3	group	skupina A	vlachovic-rado	petrak-jozef	1	2	petrak-jozef
gs2024-r3	group	skupina B	gros-pavol	volanska-patricia	2	0	gros-pavol
gs2024-r3	group	skupina B	gros-pavol	mateasik-dominik	2	0	gros-pavol
gs2024-r3	group	skupina B	gros-pavol	pivko-miroslav	2	0	gros-pavol
gs2024-r3	group	skupina B	gros-pavol	turza-milan	2	0	gros-pavol
gs2024-r3	group	skupina B	gros-pavol	purtschy-michal	2	0	gros-pavol
gs2024-r3	group	skupina B	gros-pavol	benca-peter	2	1	gros-pavol
gs2024-r3	group	skupina B	gros-pavol	kratky-vladimir	2	1	gros-pavol
gs2024-r3	group	skupina B	gros-pavol	mozolak-marian	2	0	gros-pavol
gs2024-r3	group	skupina B	volanska-patricia	mateasik-dominik	0	2	mateasik-dominik
gs2024-r3	group	skupina B	volanska-patricia	pivko-miroslav	1	2	pivko-miroslav
gs2024-r3	group	skupina B	volanska-patricia	turza-milan	0	2	turza-milan
gs2024-r3	group	skupina B	volanska-patricia	purtschy-michal	2	0	volanska-patricia
gs2024-r3	group	skupina B	volanska-patricia	benca-peter	2	0	volanska-patricia
gs2024-r3	group	skupina B	volanska-patricia	kratky-vladimir	2	1	volanska-patricia
gs2024-r3	group	skupina B	volanska-patricia	mozolak-marian	2	0	volanska-patricia
gs2024-r3	group	skupina B	mateasik-dominik	pivko-miroslav	2	0	mateasik-dominik
gs2024-r3	group	skupina B	mateasik-dominik	turza-milan	2	1	mateasik-dominik
gs2024-r3	group	skupina B	mateasik-dominik	purtschy-michal	2	0	mateasik-dominik
gs2024-r3	group	skupina B	mateasik-dominik	benca-peter	2	0	mateasik-dominik
gs2024-r3	group	skupina B	mateasik-dominik	kratky-vladimir	2	1	mateasik-dominik
gs2024-r3	group	skupina B	mateasik-dominik	mozolak-marian	2	0	mateasik-dominik
gs2024-r3	group	skupina B	pivko-miroslav	turza-milan	1	2	turza-milan
gs2024-r3	group	skupina B	pivko-miroslav	purtschy-michal	2	0	pivko-miroslav
gs2024-r3	group	skupina B	pivko-miroslav	benca-peter	1	2	benca-peter
gs2024-r3	group	skupina B	pivko-miroslav	kratky-vladimir	1	2	kratky-vladimir
gs2024-r3	group	skupina B	pivko-miroslav	mozolak-marian	0	2	mozolak-marian
gs2024-r3	group	skupina B	turza-milan	purtschy-michal	2	0	turza-milan
gs2024-r3	group	skupina B	turza-milan	benca-peter	2	0	turza-milan
gs2024-r3	group	skupina B	turza-milan	kratky-vladimir	0	2	kratky-vladimir
gs2024-r3	group	skupina B	turza-milan	mozolak-marian	2	0	turza-milan
gs2024-r3	group	skupina B	purtschy-michal	benca-peter	0	2	benca-peter
gs2024-r3	group	skupina B	purtschy-michal	kratky-vladimir	0	2	kratky-vladimir
gs2024-r3	group	skupina B	purtschy-michal	mozolak-marian	0	2	mozolak-marian
gs2024-r3	group	skupina B	benca-peter	kratky-vladimir	1	2	kratky-vladimir
gs2024-r3	group	skupina B	benca-peter	mozolak-marian	0	2	mozolak-marian
gs2024-r3	group	skupina B	kratky-vladimir	mozolak-marian	2	0	kratky-vladimir
gs2024-r3	group	skupina C	jerzova-katarina	popunda-tomas	2	0	jerzova-katarina
gs2024-r3	group	skupina C	jerzova-katarina	pajbach-michal	1	2	pajbach-michal
gs2024-r3	group	skupina C	jerzova-katarina	kulich-jozef	2	0	jerzova-katarina
gs2024-r3	group	skupina C	jerzova-katarina	palencik-patrik	2	1	jerzova-katarina
gs2024-r3	group	skupina C	jerzova-katarina	czocher-mikulas	2	0	jerzova-katarina
gs2024-r3	group	skupina C	jerzova-katarina	valent-marian	2	1	jerzova-katarina
gs2024-r3	group	skupina C	jerzova-katarina	peterka-jozef	2	0	jerzova-katarina
gs2024-r3	group	skupina C	jerzova-katarina	stahovec-lukas	2	0	jerzova-katarina
gs2024-r3	group	skupina C	popunda-tomas	pajbach-michal	1	2	pajbach-michal
gs2024-r3	group	skupina C	popunda-tomas	kulich-jozef	0	2	kulich-jozef
gs2024-r3	group	skupina C	popunda-tomas	palencik-patrik	0	2	palencik-patrik
gs2024-r3	group	skupina C	popunda-tomas	czocher-mikulas	0	2	czocher-mikulas
gs2024-r3	group	skupina C	popunda-tomas	valent-marian	0	2	valent-marian
gs2024-r3	group	skupina C	popunda-tomas	peterka-jozef	0	2	peterka-jozef
gs2024-r3	group	skupina C	popunda-tomas	stahovec-lukas	2	0	popunda-tomas
gs2024-r3	group	skupina C	pajbach-michal	kulich-jozef	2	1	pajbach-michal
gs2024-r3	group	skupina C	pajbach-michal	palencik-patrik	0	2	palencik-patrik
gs2024-r3	group	skupina C	pajbach-michal	czocher-mikulas	2	0	pajbach-michal
gs2024-r3	group	skupina C	pajbach-michal	valent-marian	1	2	valent-marian
gs2024-r3	group	skupina C	pajbach-michal	peterka-jozef	0	2	peterka-jozef
gs2024-r3	group	skupina C	pajbach-michal	stahovec-lukas	2	0	pajbach-michal
gs2024-r3	group	skupina C	kulich-jozef	palencik-patrik	1	2	palencik-patrik
gs2024-r3	group	skupina C	kulich-jozef	czocher-mikulas	2	1	kulich-jozef
gs2024-r3	group	skupina C	kulich-jozef	valent-marian	0	2	valent-marian
gs2024-r3	group	skupina C	kulich-jozef	peterka-jozef	1	2	peterka-jozef
gs2024-r3	group	skupina C	kulich-jozef	stahovec-lukas	2	0	kulich-jozef
gs2024-r3	group	skupina C	palencik-patrik	czocher-mikulas	2	0	palencik-patrik
gs2024-r3	group	skupina C	palencik-patrik	valent-marian	2	0	palencik-patrik
gs2024-r3	group	skupina C	palencik-patrik	peterka-jozef	2	0	palencik-patrik
gs2024-r3	group	skupina C	palencik-patrik	stahovec-lukas	2	0	palencik-patrik
gs2024-r3	group	skupina C	czocher-mikulas	valent-marian	0	2	valent-marian
gs2024-r3	group	skupina C	czocher-mikulas	peterka-jozef	0	2	peterka-jozef
gs2024-r3	group	skupina C	czocher-mikulas	stahovec-lukas	2	0	czocher-mikulas
gs2024-r3	group	skupina C	valent-marian	peterka-jozef	2	0	valent-marian
gs2024-r3	group	skupina C	valent-marian	stahovec-lukas	2	0	valent-marian
gs2024-r3	group	skupina C	peterka-jozef	stahovec-lukas	2	0	peterka-jozef
gs2024-r3	group	skupina D	klauco-michal	molitorisova-lenka	2	0	klauco-michal
gs2024-r3	group	skupina D	klauco-michal	valovcan-jaroslav-st	2	1	klauco-michal
gs2024-r3	group	skupina D	klauco-michal	lesundak-david	2	1	klauco-michal
gs2024-r3	group	skupina D	klauco-michal	dulay-jan	2	0	klauco-michal
gs2024-r3	group	skupina D	klauco-michal	decsi-patrik	2	0	klauco-michal
gs2024-r3	group	skupina D	klauco-michal	hlavati-zdeno	2	0	klauco-michal
gs2024-r3	group	skupina D	klauco-michal	ort-mertl-stano	2	0	klauco-michal
gs2024-r3	group	skupina D	klauco-michal	repisky-rudolf	2	1	klauco-michal
gs2024-r3	group	skupina D	molitorisova-lenka	valovcan-jaroslav-st	0	2	valovcan-jaroslav-st
gs2024-r3	group	skupina D	molitorisova-lenka	lesundak-david	0	2	lesundak-david
gs2024-r3	group	skupina D	molitorisova-lenka	dulay-jan	0	2	dulay-jan
gs2024-r3	group	skupina D	molitorisova-lenka	decsi-patrik	2	0	molitorisova-lenka
gs2024-r3	group	skupina D	molitorisova-lenka	hlavati-zdeno	0	2	hlavati-zdeno
gs2024-r3	group	skupina D	molitorisova-lenka	ort-mertl-stano	2	1	molitorisova-lenka
gs2024-r3	group	skupina D	molitorisova-lenka	repisky-rudolf	1	2	repisky-rudolf
gs2024-r3	group	skupina D	valovcan-jaroslav-st	lesundak-david	1	2	lesundak-david
gs2024-r3	group	skupina D	valovcan-jaroslav-st	dulay-jan	2	0	valovcan-jaroslav-st
gs2024-r3	group	skupina D	valovcan-jaroslav-st	decsi-patrik	2	0	valovcan-jaroslav-st
gs2024-r3	group	skupina D	valovcan-jaroslav-st	hlavati-zdeno	2	0	valovcan-jaroslav-st
gs2024-r3	group	skupina D	valovcan-jaroslav-st	ort-mertl-stano	2	0	valovcan-jaroslav-st
gs2024-r3	group	skupina D	valovcan-jaroslav-st	repisky-rudolf	2	0	valovcan-jaroslav-st
gs2024-r3	group	skupina D	lesundak-david	dulay-jan	0	2	dulay-jan
gs2024-r3	group	skupina D	lesundak-david	decsi-patrik	2	0	lesundak-david
gs2024-r3	group	skupina D	lesundak-david	hlavati-zdeno	2	0	lesundak-david
gs2024-r3	group	skupina D	lesundak-david	ort-mertl-stano	2	0	lesundak-david
gs2024-r3	group	skupina D	lesundak-david	repisky-rudolf	1	2	repisky-rudolf
gs2024-r3	group	skupina D	dulay-jan	decsi-patrik	2	0	dulay-jan
gs2024-r3	group	skupina D	dulay-jan	hlavati-zdeno	2	0	dulay-jan
gs2024-r3	group	skupina D	dulay-jan	ort-mertl-stano	2	0	dulay-jan
gs2024-r3	group	skupina D	dulay-jan	repisky-rudolf	0	2	repisky-rudolf
gs2024-r3	group	skupina D	decsi-patrik	hlavati-zdeno	0	2	hlavati-zdeno
gs2024-r3	group	skupina D	decsi-patrik	ort-mertl-stano	0	2	ort-mertl-stano
gs2024-r3	group	skupina D	decsi-patrik	repisky-rudolf	0	2	repisky-rudolf
gs2024-r3	group	skupina D	hlavati-zdeno	ort-mertl-stano	2	0	hlavati-zdeno
gs2024-r3	group	skupina D	hlavati-zdeno	repisky-rudolf	0	2	repisky-rudolf
gs2024-r3	group	skupina D	ort-mertl-stano	repisky-rudolf	0	2	repisky-rudolf
gs2024-r3	group	skupina E	fulop-matej	kubalcova-xenia	2	0	fulop-matej
gs2024-r3	group	skupina E	fulop-matej	markaj-mark	1	2	markaj-mark
gs2024-r3	group	skupina E	fulop-matej	kubik-peter	2	0	fulop-matej
gs2024-r3	group	skupina E	fulop-matej	gula-karol	2	1	fulop-matej
gs2024-r3	group	skupina E	fulop-matej	dandar-marek	0	2	dandar-marek
gs2024-r3	group	skupina E	fulop-matej	beber-frantisek	0	2	beber-frantisek
gs2024-r3	group	skupina E	fulop-matej	nitsko-vladimir	2	0	fulop-matej
gs2024-r3	group	skupina E	fulop-matej	vozar-vladimir	2	1	fulop-matej
gs2024-r3	group	skupina E	kubalcova-xenia	markaj-mark	0	2	markaj-mark
gs2024-r3	group	skupina E	kubalcova-xenia	kubik-peter	2	0	kubalcova-xenia
gs2024-r3	group	skupina E	kubalcova-xenia	gula-karol	0	2	gula-karol
gs2024-r3	group	skupina E	kubalcova-xenia	dandar-marek	1	2	dandar-marek
gs2024-r3	group	skupina E	kubalcova-xenia	beber-frantisek	0	2	beber-frantisek
gs2024-r3	group	skupina E	kubalcova-xenia	nitsko-vladimir	0	2	nitsko-vladimir
gs2024-r3	group	skupina E	kubalcova-xenia	vozar-vladimir	1	2	vozar-vladimir
gs2024-r3	group	skupina E	markaj-mark	kubik-peter	2	0	markaj-mark
gs2024-r3	group	skupina E	markaj-mark	gula-karol	2	0	markaj-mark
gs2024-r3	group	skupina E	markaj-mark	dandar-marek	2	1	markaj-mark
gs2024-r3	group	skupina E	markaj-mark	beber-frantisek	2	0	markaj-mark
gs2024-r3	group	skupina E	markaj-mark	nitsko-vladimir	2	0	markaj-mark
gs2024-r3	group	skupina E	markaj-mark	vozar-vladimir	2	0	markaj-mark
gs2024-r3	group	skupina E	kubik-peter	gula-karol	0	2	gula-karol
gs2024-r3	group	skupina E	kubik-peter	dandar-marek	0	2	dandar-marek
gs2024-r3	group	skupina E	kubik-peter	beber-frantisek	2	1	kubik-peter
gs2024-r3	group	skupina E	kubik-peter	nitsko-vladimir	0	2	nitsko-vladimir
gs2024-r3	group	skupina E	kubik-peter	vozar-vladimir	2	1	kubik-peter
gs2024-r3	group	skupina E	gula-karol	dandar-marek	2	0	gula-karol
gs2024-r3	group	skupina E	gula-karol	beber-frantisek	1	2	beber-frantisek
gs2024-r3	group	skupina E	gula-karol	nitsko-vladimir	2	0	gula-karol
gs2024-r3	group	skupina E	gula-karol	vozar-vladimir	2	0	gula-karol
gs2024-r3	group	skupina E	dandar-marek	beber-frantisek	0	2	beber-frantisek
gs2024-r3	group	skupina E	dandar-marek	nitsko-vladimir	2	1	dandar-marek
gs2024-r3	group	skupina E	dandar-marek	vozar-vladimir	2	1	dandar-marek
gs2024-r3	group	skupina E	beber-frantisek	nitsko-vladimir	0	2	nitsko-vladimir
gs2024-r3	group	skupina E	beber-frantisek	vozar-vladimir	2	0	beber-frantisek
gs2024-r3	group	skupina E	nitsko-vladimir	vozar-vladimir	2	1	nitsko-vladimir
gs2024-r3	group	skupina F	pacal-dusan	poliak-miroslav	0	2	poliak-miroslav
gs2024-r3	group	skupina F	pacal-dusan	porubcan-zdenko	2	1	pacal-dusan
gs2024-r3	group	skupina F	pacal-dusan	hutka-vladimir	2	1	pacal-dusan
gs2024-r3	group	skupina F	pacal-dusan	kulik-samuel	0	2	kulik-samuel
gs2024-r3	group	skupina F	pacal-dusan	kubinova-dorka	2	0	pacal-dusan
gs2024-r3	group	skupina F	pacal-dusan	misanik-branislav	2	1	pacal-dusan
gs2024-r3	group	skupina F	pacal-dusan	vlachovic-matej	2	0	pacal-dusan
gs2024-r3	group	skupina F	pacal-dusan	michalco-martin	2	0	pacal-dusan
gs2024-r3	group	skupina F	poliak-miroslav	porubcan-zdenko	0	2	porubcan-zdenko
gs2024-r3	group	skupina F	poliak-miroslav	hutka-vladimir	1	2	hutka-vladimir
gs2024-r3	group	skupina F	poliak-miroslav	kulik-samuel	0	2	kulik-samuel
gs2024-r3	group	skupina F	poliak-miroslav	kubinova-dorka	2	0	poliak-miroslav
gs2024-r3	group	skupina F	poliak-miroslav	misanik-branislav	0	2	misanik-branislav
gs2024-r3	group	skupina F	poliak-miroslav	vlachovic-matej	2	0	poliak-miroslav
gs2024-r3	group	skupina F	poliak-miroslav	michalco-martin	2	1	poliak-miroslav
gs2024-r3	group	skupina F	porubcan-zdenko	hutka-vladimir	0	2	hutka-vladimir
gs2024-r3	group	skupina F	porubcan-zdenko	kulik-samuel	1	2	kulik-samuel
gs2024-r3	group	skupina F	porubcan-zdenko	kubinova-dorka	2	0	porubcan-zdenko
gs2024-r3	group	skupina F	porubcan-zdenko	misanik-branislav	2	0	porubcan-zdenko
gs2024-r3	group	skupina F	porubcan-zdenko	vlachovic-matej	2	0	porubcan-zdenko
gs2024-r3	group	skupina F	porubcan-zdenko	michalco-martin	2	1	porubcan-zdenko
gs2024-r3	group	skupina F	hutka-vladimir	kulik-samuel	0	2	kulik-samuel
gs2024-r3	group	skupina F	hutka-vladimir	kubinova-dorka	2	0	hutka-vladimir
gs2024-r3	group	skupina F	hutka-vladimir	misanik-branislav	2	0	hutka-vladimir
gs2024-r3	group	skupina F	hutka-vladimir	vlachovic-matej	2	0	hutka-vladimir
gs2024-r3	group	skupina F	hutka-vladimir	michalco-martin	2	0	hutka-vladimir
gs2024-r3	group	skupina F	kulik-samuel	kubinova-dorka	2	0	kulik-samuel
gs2024-r3	group	skupina F	kulik-samuel	misanik-branislav	2	1	kulik-samuel
gs2024-r3	group	skupina F	kulik-samuel	vlachovic-matej	2	0	kulik-samuel
gs2024-r3	group	skupina F	kulik-samuel	michalco-martin	2	0	kulik-samuel
gs2024-r3	group	skupina F	kubinova-dorka	misanik-branislav	0	2	misanik-branislav
gs2024-r3	group	skupina F	kubinova-dorka	vlachovic-matej	0	2	vlachovic-matej
gs2024-r3	group	skupina F	kubinova-dorka	michalco-martin	0	2	michalco-martin
gs2024-r3	group	skupina F	misanik-branislav	vlachovic-matej	2	0	misanik-branislav
gs2024-r3	group	skupina F	misanik-branislav	michalco-martin	2	1	misanik-branislav
gs2024-r3	group	skupina F	vlachovic-matej	michalco-martin	1	2	michalco-martin
gs2024-r3	group	skupina G	klauco-matej	klauco-emil	2	1	klauco-matej
gs2024-r3	group	skupina G	klauco-matej	prykhodko-maksym	2	0	klauco-matej
gs2024-r3	group	skupina G	klauco-matej	masaryk-robert	2	1	klauco-matej
gs2024-r3	group	skupina G	klauco-matej	satka-miroslav	2	0	klauco-matej
gs2024-r3	group	skupina G	klauco-matej	jagrik-stanislav	2	0	klauco-matej
gs2024-r3	group	skupina G	klauco-matej	liptak-daniel	2	0	klauco-matej
gs2024-r3	group	skupina G	klauco-matej	andras-igor	0	2	andras-igor
gs2024-r3	group	skupina G	klauco-matej	sokol-filip	2	1	klauco-matej
gs2024-r3	group	skupina G	klauco-emil	prykhodko-maksym	0	2	prykhodko-maksym
gs2024-r3	group	skupina G	klauco-emil	masaryk-robert	2	0	klauco-emil
gs2024-r3	group	skupina G	klauco-emil	satka-miroslav	2	1	klauco-emil
gs2024-r3	group	skupina G	klauco-emil	jagrik-stanislav	2	1	klauco-emil
gs2024-r3	group	skupina G	klauco-emil	liptak-daniel	2	1	klauco-emil
gs2024-r3	group	skupina G	klauco-emil	andras-igor	1	2	andras-igor
gs2024-r3	group	skupina G	klauco-emil	sokol-filip	2	1	klauco-emil
gs2024-r3	group	skupina G	prykhodko-maksym	masaryk-robert	0	2	masaryk-robert
gs2024-r3	group	skupina G	prykhodko-maksym	satka-miroslav	2	0	prykhodko-maksym
gs2024-r3	group	skupina G	prykhodko-maksym	jagrik-stanislav	0	2	jagrik-stanislav
gs2024-r3	group	skupina G	prykhodko-maksym	liptak-daniel	2	1	prykhodko-maksym
gs2024-r3	group	skupina G	prykhodko-maksym	andras-igor	0	2	andras-igor
gs2024-r3	group	skupina G	prykhodko-maksym	sokol-filip	1	2	sokol-filip
gs2024-r3	group	skupina G	masaryk-robert	satka-miroslav	2	1	masaryk-robert
gs2024-r3	group	skupina G	masaryk-robert	jagrik-stanislav	0	2	jagrik-stanislav
gs2024-r3	group	skupina G	masaryk-robert	liptak-daniel	1	2	liptak-daniel
gs2024-r3	group	skupina G	masaryk-robert	andras-igor	0	2	andras-igor
gs2024-r3	group	skupina G	masaryk-robert	sokol-filip	0	2	sokol-filip
gs2024-r3	group	skupina G	satka-miroslav	jagrik-stanislav	1	2	jagrik-stanislav
gs2024-r3	group	skupina G	satka-miroslav	liptak-daniel	0	2	liptak-daniel
gs2024-r3	group	skupina G	satka-miroslav	andras-igor	0	2	andras-igor
gs2024-r3	group	skupina G	satka-miroslav	sokol-filip	1	2	sokol-filip
gs2024-r3	group	skupina G	jagrik-stanislav	liptak-daniel	2	1	jagrik-stanislav
gs2024-r3	group	skupina G	jagrik-stanislav	andras-igor	0	2	andras-igor
gs2024-r3	group	skupina G	jagrik-stanislav	sokol-filip	1	2	sokol-filip
gs2024-r3	group	skupina G	liptak-daniel	andras-igor	0	2	andras-igor
gs2024-r3	group	skupina G	liptak-daniel	sokol-filip	0	2	sokol-filip
gs2024-r3	group	skupina G	andras-igor	sokol-filip	0	2	sokol-filip
gs2024-r3	group	skupina H	holan-marek	mitro-adam	0	2	mitro-adam
gs2024-r3	group	skupina H	holan-marek	bevilacqua-kristian	2	0	holan-marek
gs2024-r3	group	skupina H	holan-marek	vanek-richard	1	2	vanek-richard
gs2024-r3	group	skupina H	holan-marek	stofej-marian	0	2	stofej-marian
gs2024-r3	group	skupina H	holan-marek	konarik-ladislav	2	0	holan-marek
gs2024-r3	group	skupina H	holan-marek	sestak-marek	2	0	holan-marek
gs2024-r3	group	skupina H	holan-marek	zapalac-mario	2	0	holan-marek
gs2024-r3	group	skupina H	holan-marek	laurov-miroslav	2	1	holan-marek
gs2024-r3	group	skupina H	mitro-adam	bevilacqua-kristian	2	0	mitro-adam
gs2024-r3	group	skupina H	mitro-adam	vanek-richard	0	2	vanek-richard
gs2024-r3	group	skupina H	mitro-adam	stofej-marian	2	0	mitro-adam
gs2024-r3	group	skupina H	mitro-adam	konarik-ladislav	2	0	mitro-adam
gs2024-r3	group	skupina H	mitro-adam	sestak-marek	2	0	mitro-adam
gs2024-r3	group	skupina H	mitro-adam	zapalac-mario	2	0	mitro-adam
gs2024-r3	group	skupina H	mitro-adam	laurov-miroslav	2	0	mitro-adam
gs2024-r3	group	skupina H	bevilacqua-kristian	vanek-richard	0	2	vanek-richard
gs2024-r3	group	skupina H	bevilacqua-kristian	stofej-marian	0	2	stofej-marian
gs2024-r3	group	skupina H	bevilacqua-kristian	konarik-ladislav	2	1	bevilacqua-kristian
gs2024-r3	group	skupina H	bevilacqua-kristian	sestak-marek	2	1	bevilacqua-kristian
gs2024-r3	group	skupina H	bevilacqua-kristian	zapalac-mario	2	0	bevilacqua-kristian
gs2024-r3	group	skupina H	bevilacqua-kristian	laurov-miroslav	0	2	laurov-miroslav
gs2024-r3	group	skupina H	vanek-richard	stofej-marian	2	0	vanek-richard
gs2024-r3	group	skupina H	vanek-richard	konarik-ladislav	2	0	vanek-richard
gs2024-r3	group	skupina H	vanek-richard	sestak-marek	2	0	vanek-richard
gs2024-r3	group	skupina H	vanek-richard	zapalac-mario	2	0	vanek-richard
gs2024-r3	group	skupina H	vanek-richard	laurov-miroslav	2	0	vanek-richard
gs2024-r3	group	skupina H	stofej-marian	konarik-ladislav	2	0	stofej-marian
gs2024-r3	group	skupina H	stofej-marian	sestak-marek	2	1	stofej-marian
gs2024-r3	group	skupina H	stofej-marian	zapalac-mario	2	0	stofej-marian
gs2024-r3	group	skupina H	stofej-marian	laurov-miroslav	2	0	stofej-marian
gs2024-r3	group	skupina H	konarik-ladislav	sestak-marek	0	2	sestak-marek
gs2024-r3	group	skupina H	konarik-ladislav	zapalac-mario	0	2	zapalac-mario
gs2024-r3	group	skupina H	konarik-ladislav	laurov-miroslav	0	2	laurov-miroslav
gs2024-r3	group	skupina H	sestak-marek	zapalac-mario	0	2	zapalac-mario
gs2024-r3	group	skupina H	sestak-marek	laurov-miroslav	0	2	laurov-miroslav
gs2024-r3	group	skupina H	zapalac-mario	laurov-miroslav	0	2	laurov-miroslav
gs2024-r3	group	skupina I	suranovsky-martin	donoval-lubos	0	2	donoval-lubos
gs2024-r3	group	skupina I	suranovsky-martin	mrazkova-viera	2	0	suranovsky-martin
gs2024-r3	group	skupina I	suranovsky-martin	hornak-peter	2	1	suranovsky-martin
gs2024-r3	group	skupina I	suranovsky-martin	batalik-martin	2	0	suranovsky-martin
gs2024-r3	group	skupina I	suranovsky-martin	galas-jan	2	0	suranovsky-martin
gs2024-r3	group	skupina I	suranovsky-martin	ziska-vladimir	2	1	suranovsky-martin
gs2024-r3	group	skupina I	suranovsky-martin	caro-pavol	2	0	suranovsky-martin
gs2024-r3	group	skupina I	suranovsky-martin	polak-milan	2	0	suranovsky-martin
gs2024-r3	group	skupina I	donoval-lubos	mrazkova-viera	2	0	donoval-lubos
gs2024-r3	group	skupina I	donoval-lubos	hornak-peter	2	1	donoval-lubos
gs2024-r3	group	skupina I	donoval-lubos	batalik-martin	2	0	donoval-lubos
gs2024-r3	group	skupina I	donoval-lubos	galas-jan	2	0	donoval-lubos
gs2024-r3	group	skupina I	donoval-lubos	ziska-vladimir	2	1	donoval-lubos
gs2024-r3	group	skupina I	donoval-lubos	caro-pavol	2	1	donoval-lubos
gs2024-r3	group	skupina I	donoval-lubos	polak-milan	0	2	polak-milan
gs2024-r3	group	skupina I	mrazkova-viera	hornak-peter	1	2	hornak-peter
gs2024-r3	group	skupina I	mrazkova-viera	batalik-martin	1	2	batalik-martin
gs2024-r3	group	skupina I	mrazkova-viera	galas-jan	0	2	galas-jan
gs2024-r3	group	skupina I	mrazkova-viera	ziska-vladimir	0	2	ziska-vladimir
gs2024-r3	group	skupina I	mrazkova-viera	caro-pavol	0	2	caro-pavol
gs2024-r3	group	skupina I	mrazkova-viera	polak-milan	0	2	polak-milan
gs2024-r3	group	skupina I	hornak-peter	batalik-martin	2	1	hornak-peter
gs2024-r3	group	skupina I	hornak-peter	galas-jan	2	0	hornak-peter
gs2024-r3	group	skupina I	hornak-peter	ziska-vladimir	1	2	ziska-vladimir
gs2024-r3	group	skupina I	hornak-peter	caro-pavol	2	0	hornak-peter
gs2024-r3	group	skupina I	hornak-peter	polak-milan	1	2	polak-milan
gs2024-r3	group	skupina I	batalik-martin	galas-jan	2	0	batalik-martin
gs2024-r3	group	skupina I	batalik-martin	ziska-vladimir	2	0	batalik-martin
gs2024-r3	group	skupina I	batalik-martin	caro-pavol	2	0	batalik-martin
gs2024-r3	group	skupina I	batalik-martin	polak-milan	1	2	polak-milan
gs2024-r3	group	skupina I	galas-jan	ziska-vladimir	1	2	ziska-vladimir
gs2024-r3	group	skupina I	galas-jan	caro-pavol	1	2	caro-pavol
gs2024-r3	group	skupina I	galas-jan	polak-milan	1	2	polak-milan
gs2024-r3	group	skupina I	ziska-vladimir	caro-pavol	0	2	caro-pavol
gs2024-r3	group	skupina I	ziska-vladimir	polak-milan	2	1	ziska-vladimir
gs2024-r3	group	skupina I	caro-pavol	polak-milan	1	2	polak-milan
gs2024-r3	group	skupina J	sajankova-zuzana	barta-peter	2	0	sajankova-zuzana
gs2024-r3	group	skupina J	sajankova-zuzana	brecka-jan	2	0	sajankova-zuzana
gs2024-r3	group	skupina J	sajankova-zuzana	goda-ivan	2	0	sajankova-zuzana
gs2024-r3	group	skupina J	sajankova-zuzana	fikar-miroslav	2	0	sajankova-zuzana
gs2024-r3	group	skupina J	sajankova-zuzana	hrtan-filip	1	2	hrtan-filip
gs2024-r3	group	skupina J	sajankova-zuzana	saskovic-rasto	2	0	sajankova-zuzana
gs2024-r3	group	skupina J	sajankova-zuzana	mikula-michal	2	1	sajankova-zuzana
gs2024-r3	group	skupina J	barta-peter	brecka-jan	0	2	brecka-jan
gs2024-r3	group	skupina J	barta-peter	goda-ivan	0	2	goda-ivan
gs2024-r3	group	skupina J	barta-peter	fikar-miroslav	0	2	fikar-miroslav
gs2024-r3	group	skupina J	barta-peter	hrtan-filip	1	2	hrtan-filip
gs2024-r3	group	skupina J	barta-peter	saskovic-rasto	2	0	barta-peter
gs2024-r3	group	skupina J	barta-peter	mikula-michal	0	2	mikula-michal
gs2024-r3	group	skupina J	brecka-jan	goda-ivan	0	2	goda-ivan
gs2024-r3	group	skupina J	brecka-jan	fikar-miroslav	2	0	brecka-jan
gs2024-r3	group	skupina J	brecka-jan	hrtan-filip	0	2	hrtan-filip
gs2024-r3	group	skupina J	brecka-jan	saskovic-rasto	2	1	brecka-jan
gs2024-r3	group	skupina J	brecka-jan	mikula-michal	2	0	brecka-jan
gs2024-r3	group	skupina J	goda-ivan	fikar-miroslav	1	2	fikar-miroslav
gs2024-r3	group	skupina J	goda-ivan	hrtan-filip	0	2	hrtan-filip
gs2024-r3	group	skupina J	goda-ivan	saskovic-rasto	2	0	goda-ivan
gs2024-r3	group	skupina J	goda-ivan	mikula-michal	2	1	goda-ivan
gs2024-r3	group	skupina J	fikar-miroslav	hrtan-filip	2	0	fikar-miroslav
gs2024-r3	group	skupina J	fikar-miroslav	saskovic-rasto	2	0	fikar-miroslav
gs2024-r3	group	skupina J	fikar-miroslav	mikula-michal	1	2	mikula-michal
gs2024-r3	group	skupina J	hrtan-filip	saskovic-rasto	1	2	saskovic-rasto
gs2024-r3	group	skupina J	hrtan-filip	mikula-michal	2	1	hrtan-filip
gs2024-r3	group	skupina J	saskovic-rasto	mikula-michal	0	2	mikula-michal
gs2024-r3	group	skupina K	pastva-ondrej	holecek-svetozar	0	2	holecek-svetozar
gs2024-r3	group	skupina K	pastva-ondrej	pavle-marek	2	0	pastva-ondrej
gs2024-r3	group	skupina K	pastva-ondrej	skyba-marek	1	2	skyba-marek
gs2024-r3	group	skupina K	pastva-ondrej	bujdak-juraj	2	1	pastva-ondrej
gs2024-r3	group	skupina K	pastva-ondrej	sasko-igor	2	1	pastva-ondrej
gs2024-r3	group	skupina K	pastva-ondrej	klima-luboslav	2	0	pastva-ondrej
gs2024-r3	group	skupina K	pastva-ondrej	kravchenko-sergii	2	0	pastva-ondrej
gs2024-r3	group	skupina K	pastva-ondrej	maglocky-milan	2	0	pastva-ondrej
gs2024-r3	group	skupina K	holecek-svetozar	pavle-marek	2	0	holecek-svetozar
gs2024-r3	group	skupina K	holecek-svetozar	skyba-marek	0	2	skyba-marek
gs2024-r3	group	skupina K	holecek-svetozar	bujdak-juraj	2	1	holecek-svetozar
gs2024-r3	group	skupina K	holecek-svetozar	sasko-igor	2	1	holecek-svetozar
gs2024-r3	group	skupina K	holecek-svetozar	klima-luboslav	2	0	holecek-svetozar
gs2024-r3	group	skupina K	holecek-svetozar	kravchenko-sergii	2	0	holecek-svetozar
gs2024-r3	group	skupina K	holecek-svetozar	maglocky-milan	2	0	holecek-svetozar
gs2024-r3	group	skupina K	pavle-marek	skyba-marek	0	2	skyba-marek
gs2024-r3	group	skupina K	pavle-marek	bujdak-juraj	0	2	bujdak-juraj
gs2024-r3	group	skupina K	pavle-marek	sasko-igor	0	2	sasko-igor
gs2024-r3	group	skupina K	pavle-marek	klima-luboslav	0	2	klima-luboslav
gs2024-r3	group	skupina K	pavle-marek	kravchenko-sergii	1	2	kravchenko-sergii
gs2024-r3	group	skupina K	pavle-marek	maglocky-milan	1	2	maglocky-milan
gs2024-r3	group	skupina K	skyba-marek	bujdak-juraj	1	2	bujdak-juraj
gs2024-r3	group	skupina K	skyba-marek	sasko-igor	2	0	skyba-marek
gs2024-r3	group	skupina K	skyba-marek	klima-luboslav	2	0	skyba-marek
gs2024-r3	group	skupina K	skyba-marek	kravchenko-sergii	2	0	skyba-marek
gs2024-r3	group	skupina K	skyba-marek	maglocky-milan	2	0	skyba-marek
gs2024-r3	group	skupina K	bujdak-juraj	sasko-igor	0	2	sasko-igor
gs2024-r3	group	skupina K	bujdak-juraj	klima-luboslav	2	0	bujdak-juraj
gs2024-r3	group	skupina K	bujdak-juraj	kravchenko-sergii	2	1	bujdak-juraj
gs2024-r3	group	skupina K	bujdak-juraj	maglocky-milan	2	1	bujdak-juraj
gs2024-r3	group	skupina K	sasko-igor	klima-luboslav	2	0	sasko-igor
gs2024-r3	group	skupina K	sasko-igor	kravchenko-sergii	2	1	sasko-igor
gs2024-r3	group	skupina K	sasko-igor	maglocky-milan	1	2	maglocky-milan
gs2024-r3	group	skupina K	klima-luboslav	kravchenko-sergii	1	2	kravchenko-sergii
gs2024-r3	group	skupina K	klima-luboslav	maglocky-milan	0	2	maglocky-milan
gs2024-r3	group	skupina K	kravchenko-sergii	maglocky-milan	0	2	maglocky-milan
gs2024-r3	playoff	baráž	hlavati-zdeno	mozolak-marian	2	0	hlavati-zdeno
gs2024-r3	playoff	baráž	mikula-michal	barta-peter	2	0	mikula-michal
gs2024-r3	playoff	baráž	liptak-daniel	ziska-vladimir	2	0	liptak-daniel
gs2024-r3	playoff	baráž	petrak-jozef	caro-pavol	2	0	petrak-jozef
gs2024-r3	playoff	baráž	sedivy-pavol	kulich-jozef	2	0	sedivy-pavol
gs2024-r3	playoff	baráž	nitsko-vladimir	michalco-martin	2	0	nitsko-vladimir
gs2024-r3	playoff	baráž	poliak-miroslav	benca-peter	2	0	poliak-miroslav
gs2024-r3	playoff	1. kolo	mocik-tomas	hlavati-zdeno	3	0	mocik-tomas
gs2024-r3	playoff	1. kolo	goda-ivan	kratky-vladimir	3	0	goda-ivan
gs2024-r3	playoff	1. kolo	klauco-matej	pajbach-michal	3	0	klauco-matej
gs2024-r3	playoff	1. kolo	holecek-svetozar	hornak-peter	3	1	holecek-svetozar
gs2024-r3	playoff	1. kolo	jerzova-katarina	sasko-igor	3	0	jerzova-katarina
gs2024-r3	playoff	1. kolo	hutka-vladimir	klauco-emil	3	0	hutka-vladimir
gs2024-r3	playoff	1. kolo	szolnoki-attila	brecka-jan	3	0	szolnoki-attila
gs2024-r3	playoff	1. kolo	skyba-marek	mikula-michal	3	1	skyba-marek
gs2024-r3	playoff	1. kolo	gros-pavol	liptak-daniel	3	0	gros-pavol
gs2024-r3	playoff	1. kolo	pastva-ondrej	dulay-jan	3	0	pastva-ondrej
gs2024-r3	playoff	1. kolo	pacal-dusan	bajcar-simon	3	0	pacal-dusan
gs2024-r3	playoff	1. kolo	palencik-patrik	volanska-patricia	3	1	palencik-patrik
gs2024-r3	playoff	1. kolo	mitro-adam	jagrik-stanislav	3	0	mitro-adam
gs2024-r3	playoff	1. kolo	lesundak-david	valovcan-jaroslav-ml	3	1	lesundak-david
gs2024-r3	playoff	1. kolo	stofej-marian	turza-milan	3	0	stofej-marian
gs2024-r3	playoff	1. kolo	markaj-mark	petrak-jozef	3	0	markaj-mark
gs2024-r3	playoff	1. kolo	kulik-samuel	sedivy-pavol	3	0	kulik-samuel
gs2024-r3	playoff	1. kolo	polak-milan	holan-marek	3	2	polak-milan
gs2024-r3	playoff	1. kolo	hrtan-filip	fikar-miroslav	3	1	hrtan-filip
gs2024-r3	playoff	1. kolo	suranovsky-martin	laurov-miroslav	3	1	suranovsky-martin
gs2024-r3	playoff	1. kolo	donoval-lubos	kravcak-milan	3	0	donoval-lubos
gs2024-r3	playoff	1. kolo	beber-frantisek	batalik-martin	3	1	beber-frantisek
gs2024-r3	playoff	1. kolo	repisky-rudolf	bujdak-juraj	3	0	repisky-rudolf
gs2024-r3	playoff	1. kolo	klauco-michal	nitsko-vladimir	3	0	klauco-michal
gs2024-r3	playoff	1. kolo	sajankova-zuzana	poliak-miroslav	3	0	sajankova-zuzana
gs2024-r3	playoff	1. kolo	sokol-filip	peterka-jozef	3	0	sokol-filip
gs2024-r3	playoff	1. kolo	valent-marian	dandar-marek	3	2	valent-marian
gs2024-r3	playoff	1. kolo	andras-igor	maglocky-milan	3	0	andras-igor
gs2024-r3	playoff	1. kolo	mateasik-dominik	misanik-branislav	3	0	mateasik-dominik
gs2024-r3	playoff	1. kolo	valovcan-jaroslav-st	fulop-matej	3	2	valovcan-jaroslav-st
gs2024-r3	playoff	1. kolo	gula-karol	porubcan-zdenko	3	0	gula-karol
gs2024-r3	playoff	1. kolo	vanek-richard	bevilacqua-kristian	3	0	vanek-richard
gs2024-r3	playoff	16-finále	mocik-tomas	goda-ivan	3	0	mocik-tomas
gs2024-r3	playoff	16-finále	klauco-matej	holecek-svetozar	3	0	klauco-matej
gs2024-r3	playoff	16-finále	jerzova-katarina	hutka-vladimir	3	1	jerzova-katarina
gs2024-r3	playoff	16-finále	skyba-marek	szolnoki-attila	3	0	skyba-marek
gs2024-r3	playoff	16-finále	gros-pavol	pastva-ondrej	3	0	gros-pavol
gs2024-r3	playoff	16-finále	palencik-patrik	pacal-dusan	3	1	palencik-patrik
gs2024-r3	playoff	16-finále	mitro-adam	lesundak-david	3	1	mitro-adam
gs2024-r3	playoff	16-finále	markaj-mark	stofej-marian	3	2	markaj-mark
gs2024-r3	playoff	16-finále	polak-milan	kulik-samuel	3	2	polak-milan
gs2024-r3	playoff	16-finále	hrtan-filip	suranovsky-martin	3	0	hrtan-filip
gs2024-r3	playoff	16-finále	donoval-lubos	beber-frantisek	3	1	donoval-lubos
gs2024-r3	playoff	16-finále	klauco-michal	repisky-rudolf	3	2	klauco-michal
gs2024-r3	playoff	16-finále	sajankova-zuzana	sokol-filip	3	1	sajankova-zuzana
gs2024-r3	playoff	16-finále	andras-igor	valent-marian	3	0	andras-igor
gs2024-r3	playoff	16-finále	valovcan-jaroslav-st	mateasik-dominik	3	2	valovcan-jaroslav-st
gs2024-r3	playoff	16-finále	vanek-richard	gula-karol	3	1	vanek-richard
gs2024-r3	playoff	osemfinále	klauco-matej	mocik-tomas	3	2	klauco-matej
gs2024-r3	playoff	osemfinále	jerzova-katarina	skyba-marek	3	2	jerzova-katarina
gs2024-r3	playoff	osemfinále	palencik-patrik	gros-pavol	3	1	palencik-patrik
gs2024-r3	playoff	osemfinále	markaj-mark	mitro-adam	3	1	markaj-mark
gs2024-r3	playoff	osemfinále	hrtan-filip	polak-milan	3	1	hrtan-filip
gs2024-r3	playoff	osemfinále	klauco-michal	donoval-lubos	3	2	klauco-michal
gs2024-r3	playoff	osemfinále	andras-igor	sajankova-zuzana	3	1	andras-igor
gs2024-r3	playoff	osemfinále	vanek-richard	valovcan-jaroslav-st	3	1	vanek-richard
gs2024-r3	playoff	štvrťfinále	jerzova-katarina	klauco-matej	3	2	jerzova-katarina
gs2024-r3	playoff	štvrťfinále	markaj-mark	palencik-patrik	3	0	markaj-mark
gs2024-r3	playoff	štvrťfinále	klauco-michal	hrtan-filip	3	1	klauco-michal
gs2024-r3	playoff	štvrťfinále	vanek-richard	andras-igor	3	1	vanek-richard
gs2024-r3	playoff	semifinále	markaj-mark	jerzova-katarina	3	1	markaj-mark
gs2024-r3	playoff	semifinále	vanek-richard	klauco-michal	3	0	vanek-richard
gs2024-r3	playoff	finále	vanek-richard	markaj-mark	3	0	vanek-richard
gs2024-r4	group	skupina A	mitro-adam	valovcan-jaroslav-ml	2	0	mitro-adam
gs2024-r4	group	skupina A	mitro-adam	hrtan-filip	2	0	mitro-adam
gs2024-r4	group	skupina A	mitro-adam	holan-marek	2	0	mitro-adam
gs2024-r4	group	skupina A	mitro-adam	kackos-andrej	2	0	mitro-adam
gs2024-r4	group	skupina A	mitro-adam	sedivy-pavol	2	0	mitro-adam
gs2024-r4	group	skupina A	mitro-adam	klima-luboslav	2	0	mitro-adam
gs2024-r4	group	skupina A	mitro-adam	pesta-peter	2	0	mitro-adam
gs2024-r4	group	skupina A	valovcan-jaroslav-ml	hrtan-filip	2	0	valovcan-jaroslav-ml
gs2024-r4	group	skupina A	valovcan-jaroslav-ml	holan-marek	2	1	valovcan-jaroslav-ml
gs2024-r4	group	skupina A	valovcan-jaroslav-ml	kackos-andrej	2	0	valovcan-jaroslav-ml
gs2024-r4	group	skupina A	valovcan-jaroslav-ml	sedivy-pavol	2	0	valovcan-jaroslav-ml
gs2024-r4	group	skupina A	valovcan-jaroslav-ml	klima-luboslav	2	0	valovcan-jaroslav-ml
gs2024-r4	group	skupina A	valovcan-jaroslav-ml	pesta-peter	2	0	valovcan-jaroslav-ml
gs2024-r4	group	skupina A	hrtan-filip	holan-marek	2	0	hrtan-filip
gs2024-r4	group	skupina A	hrtan-filip	kackos-andrej	2	1	hrtan-filip
gs2024-r4	group	skupina A	hrtan-filip	sedivy-pavol	2	0	hrtan-filip
gs2024-r4	group	skupina A	hrtan-filip	klima-luboslav	2	0	hrtan-filip
gs2024-r4	group	skupina A	hrtan-filip	pesta-peter	2	0	hrtan-filip
gs2024-r4	group	skupina A	holan-marek	kackos-andrej	2	0	holan-marek
gs2024-r4	group	skupina A	holan-marek	sedivy-pavol	2	0	holan-marek
gs2024-r4	group	skupina A	holan-marek	klima-luboslav	2	0	holan-marek
gs2024-r4	group	skupina A	holan-marek	pesta-peter	2	0	holan-marek
gs2024-r4	group	skupina A	kackos-andrej	sedivy-pavol	2	0	kackos-andrej
gs2024-r4	group	skupina A	kackos-andrej	klima-luboslav	2	0	kackos-andrej
gs2024-r4	group	skupina A	kackos-andrej	pesta-peter	2	0	kackos-andrej
gs2024-r4	group	skupina A	sedivy-pavol	klima-luboslav	2	0	sedivy-pavol
gs2024-r4	group	skupina A	sedivy-pavol	pesta-peter	2	0	sedivy-pavol
gs2024-r4	group	skupina A	klima-luboslav	pesta-peter	2	0	klima-luboslav
gs2024-r4	group	skupina B	mateasik-dominik	lesundak-david	2	0	mateasik-dominik
gs2024-r4	group	skupina B	mateasik-dominik	peterka-jozef	2	1	mateasik-dominik
gs2024-r4	group	skupina B	mateasik-dominik	vozar-vladimir	2	0	mateasik-dominik
gs2024-r4	group	skupina B	mateasik-dominik	srnec-radovan	2	0	mateasik-dominik
gs2024-r4	group	skupina B	mateasik-dominik	ort-mertl-stano	2	0	mateasik-dominik
gs2024-r4	group	skupina B	mateasik-dominik	maglocky-milan	2	0	mateasik-dominik
gs2024-r4	group	skupina B	mateasik-dominik	kubinova-dorka	2	0	mateasik-dominik
gs2024-r4	group	skupina B	lesundak-david	peterka-jozef	2	0	lesundak-david
gs2024-r4	group	skupina B	lesundak-david	vozar-vladimir	2	0	lesundak-david
gs2024-r4	group	skupina B	lesundak-david	srnec-radovan	2	0	lesundak-david
gs2024-r4	group	skupina B	lesundak-david	ort-mertl-stano	2	0	lesundak-david
gs2024-r4	group	skupina B	lesundak-david	maglocky-milan	2	0	lesundak-david
gs2024-r4	group	skupina B	lesundak-david	kubinova-dorka	2	0	lesundak-david
gs2024-r4	group	skupina B	peterka-jozef	vozar-vladimir	2	0	peterka-jozef
gs2024-r4	group	skupina B	peterka-jozef	srnec-radovan	2	0	peterka-jozef
gs2024-r4	group	skupina B	peterka-jozef	ort-mertl-stano	2	0	peterka-jozef
gs2024-r4	group	skupina B	peterka-jozef	maglocky-milan	2	1	peterka-jozef
gs2024-r4	group	skupina B	peterka-jozef	kubinova-dorka	2	0	peterka-jozef
gs2024-r4	group	skupina B	vozar-vladimir	srnec-radovan	2	1	vozar-vladimir
gs2024-r4	group	skupina B	vozar-vladimir	ort-mertl-stano	2	1	vozar-vladimir
gs2024-r4	group	skupina B	vozar-vladimir	maglocky-milan	1	2	maglocky-milan
gs2024-r4	group	skupina B	vozar-vladimir	kubinova-dorka	2	0	vozar-vladimir
gs2024-r4	group	skupina B	srnec-radovan	ort-mertl-stano	2	1	srnec-radovan
gs2024-r4	group	skupina B	srnec-radovan	maglocky-milan	2	1	srnec-radovan
gs2024-r4	group	skupina B	srnec-radovan	kubinova-dorka	2	0	srnec-radovan
gs2024-r4	group	skupina B	ort-mertl-stano	maglocky-milan	2	0	ort-mertl-stano
gs2024-r4	group	skupina B	ort-mertl-stano	kubinova-dorka	2	0	ort-mertl-stano
gs2024-r4	group	skupina B	maglocky-milan	kubinova-dorka	2	0	maglocky-milan
gs2024-r4	group	skupina C	klauco-matej	demovic-milos	2	0	klauco-matej
gs2024-r4	group	skupina C	klauco-matej	szolnoki-attila	2	0	klauco-matej
gs2024-r4	group	skupina C	klauco-matej	cvecka-peter	2	0	klauco-matej
gs2024-r4	group	skupina C	klauco-matej	misanik-branislav	2	0	klauco-matej
gs2024-r4	group	skupina C	klauco-matej	jagrik-stanislav	2	1	klauco-matej
gs2024-r4	group	skupina C	klauco-matej	barta-peter	2	0	klauco-matej
gs2024-r4	group	skupina C	klauco-matej	dragula-marek	2	0	klauco-matej
gs2024-r4	group	skupina C	demovic-milos	szolnoki-attila	2	0	demovic-milos
gs2024-r4	group	skupina C	demovic-milos	cvecka-peter	2	1	demovic-milos
gs2024-r4	group	skupina C	demovic-milos	misanik-branislav	2	1	demovic-milos
gs2024-r4	group	skupina C	demovic-milos	jagrik-stanislav	2	1	demovic-milos
gs2024-r4	group	skupina C	demovic-milos	barta-peter	2	1	demovic-milos
gs2024-r4	group	skupina C	demovic-milos	dragula-marek	2	0	demovic-milos
gs2024-r4	group	skupina C	szolnoki-attila	cvecka-peter	2	1	szolnoki-attila
gs2024-r4	group	skupina C	szolnoki-attila	misanik-branislav	2	0	szolnoki-attila
gs2024-r4	group	skupina C	szolnoki-attila	jagrik-stanislav	2	1	szolnoki-attila
gs2024-r4	group	skupina C	szolnoki-attila	barta-peter	2	0	szolnoki-attila
gs2024-r4	group	skupina C	szolnoki-attila	dragula-marek	2	0	szolnoki-attila
gs2024-r4	group	skupina C	cvecka-peter	misanik-branislav	2	0	cvecka-peter
gs2024-r4	group	skupina C	cvecka-peter	jagrik-stanislav	2	1	cvecka-peter
gs2024-r4	group	skupina C	cvecka-peter	barta-peter	2	1	cvecka-peter
gs2024-r4	group	skupina C	cvecka-peter	dragula-marek	2	0	cvecka-peter
gs2024-r4	group	skupina C	misanik-branislav	jagrik-stanislav	2	0	misanik-branislav
gs2024-r4	group	skupina C	misanik-branislav	barta-peter	2	0	misanik-branislav
gs2024-r4	group	skupina C	misanik-branislav	dragula-marek	2	0	misanik-branislav
gs2024-r4	group	skupina C	jagrik-stanislav	barta-peter	2	0	jagrik-stanislav
gs2024-r4	group	skupina C	jagrik-stanislav	dragula-marek	2	0	jagrik-stanislav
gs2024-r4	group	skupina C	barta-peter	dragula-marek	2	1	barta-peter
gs2024-r4	group	skupina D	vanek-richard	kutis-radoslav	2	0	vanek-richard
gs2024-r4	group	skupina D	vanek-richard	sajankova-zuzana	2	0	vanek-richard
gs2024-r4	group	skupina D	vanek-richard	pajbach-michal	2	1	vanek-richard
gs2024-r4	group	skupina D	vanek-richard	csemy-stefan	2	1	vanek-richard
gs2024-r4	group	skupina D	vanek-richard	laurov-miroslav	2	0	vanek-richard
gs2024-r4	group	skupina D	vanek-richard	caro-pavol	2	0	vanek-richard
gs2024-r4	group	skupina D	vanek-richard	czocher-mikulas	2	0	vanek-richard
gs2024-r4	group	skupina D	kutis-radoslav	sajankova-zuzana	2	0	kutis-radoslav
gs2024-r4	group	skupina D	kutis-radoslav	pajbach-michal	2	1	kutis-radoslav
gs2024-r4	group	skupina D	kutis-radoslav	csemy-stefan	2	0	kutis-radoslav
gs2024-r4	group	skupina D	kutis-radoslav	laurov-miroslav	2	0	kutis-radoslav
gs2024-r4	group	skupina D	kutis-radoslav	caro-pavol	2	1	kutis-radoslav
gs2024-r4	group	skupina D	kutis-radoslav	czocher-mikulas	2	1	kutis-radoslav
gs2024-r4	group	skupina D	sajankova-zuzana	pajbach-michal	2	0	sajankova-zuzana
gs2024-r4	group	skupina D	sajankova-zuzana	csemy-stefan	2	0	sajankova-zuzana
gs2024-r4	group	skupina D	sajankova-zuzana	laurov-miroslav	2	1	sajankova-zuzana
gs2024-r4	group	skupina D	sajankova-zuzana	caro-pavol	2	0	sajankova-zuzana
gs2024-r4	group	skupina D	sajankova-zuzana	czocher-mikulas	2	0	sajankova-zuzana
gs2024-r4	group	skupina D	pajbach-michal	csemy-stefan	2	0	pajbach-michal
gs2024-r4	group	skupina D	pajbach-michal	laurov-miroslav	2	1	pajbach-michal
gs2024-r4	group	skupina D	pajbach-michal	caro-pavol	2	1	pajbach-michal
gs2024-r4	group	skupina D	pajbach-michal	czocher-mikulas	2	0	pajbach-michal
gs2024-r4	group	skupina D	csemy-stefan	laurov-miroslav	2	1	csemy-stefan
gs2024-r4	group	skupina D	csemy-stefan	caro-pavol	2	0	csemy-stefan
gs2024-r4	group	skupina D	csemy-stefan	czocher-mikulas	2	0	csemy-stefan
gs2024-r4	group	skupina D	laurov-miroslav	caro-pavol	2	0	laurov-miroslav
gs2024-r4	group	skupina D	laurov-miroslav	czocher-mikulas	2	0	laurov-miroslav
gs2024-r4	group	skupina D	caro-pavol	czocher-mikulas	2	0	caro-pavol
gs2024-r4	group	skupina E	jakubec-martin	fulop-matej	2	0	jakubec-martin
gs2024-r4	group	skupina E	jakubec-martin	babic-adam	2	0	jakubec-martin
gs2024-r4	group	skupina E	jakubec-martin	batalik-martin	2	0	jakubec-martin
gs2024-r4	group	skupina E	jakubec-martin	ziska-vladimir	2	0	jakubec-martin
gs2024-r4	group	skupina E	jakubec-martin	szczeczina-peter	2	0	jakubec-martin
gs2024-r4	group	skupina E	jakubec-martin	pavle-marek	2	0	jakubec-martin
gs2024-r4	group	skupina E	jakubec-martin	olik-michal	2	0	jakubec-martin
gs2024-r4	group	skupina E	fulop-matej	babic-adam	2	0	fulop-matej
gs2024-r4	group	skupina E	fulop-matej	batalik-martin	2	1	fulop-matej
gs2024-r4	group	skupina E	fulop-matej	ziska-vladimir	2	0	fulop-matej
gs2024-r4	group	skupina E	fulop-matej	szczeczina-peter	2	0	fulop-matej
gs2024-r4	group	skupina E	fulop-matej	pavle-marek	2	0	fulop-matej
gs2024-r4	group	skupina E	fulop-matej	olik-michal	2	0	fulop-matej
gs2024-r4	group	skupina E	babic-adam	batalik-martin	2	1	babic-adam
gs2024-r4	group	skupina E	babic-adam	ziska-vladimir	2	1	babic-adam
gs2024-r4	group	skupina E	babic-adam	szczeczina-peter	2	1	babic-adam
gs2024-r4	group	skupina E	babic-adam	pavle-marek	2	1	babic-adam
gs2024-r4	group	skupina E	babic-adam	olik-michal	2	0	babic-adam
gs2024-r4	group	skupina E	batalik-martin	ziska-vladimir	2	0	batalik-martin
gs2024-r4	group	skupina E	batalik-martin	szczeczina-peter	2	0	batalik-martin
gs2024-r4	group	skupina E	batalik-martin	pavle-marek	2	0	batalik-martin
gs2024-r4	group	skupina E	batalik-martin	olik-michal	2	0	batalik-martin
gs2024-r4	group	skupina E	ziska-vladimir	szczeczina-peter	2	0	ziska-vladimir
gs2024-r4	group	skupina E	ziska-vladimir	pavle-marek	2	0	ziska-vladimir
gs2024-r4	group	skupina E	ziska-vladimir	olik-michal	2	0	ziska-vladimir
gs2024-r4	group	skupina E	szczeczina-peter	pavle-marek	2	0	szczeczina-peter
gs2024-r4	group	skupina E	szczeczina-peter	olik-michal	2	0	szczeczina-peter
gs2024-r4	group	skupina E	pavle-marek	olik-michal	2	1	pavle-marek
gs2024-r4	group	skupina F	mocik-tomas	liptak-daniel	2	0	mocik-tomas
gs2024-r4	group	skupina F	mocik-tomas	bulak-roman	2	0	mocik-tomas
gs2024-r4	group	skupina F	mocik-tomas	jakus-michal	2	1	mocik-tomas
gs2024-r4	group	skupina F	mocik-tomas	haspra-bystrik	2	0	mocik-tomas
gs2024-r4	group	skupina F	mocik-tomas	belosic-dusan	2	0	mocik-tomas
gs2024-r4	group	skupina F	mocik-tomas	martincova-katarina	2	0	mocik-tomas
gs2024-r4	group	skupina F	mocik-tomas	nepsinsky-martin	2	0	mocik-tomas
gs2024-r4	group	skupina F	liptak-daniel	bulak-roman	2	0	liptak-daniel
gs2024-r4	group	skupina F	liptak-daniel	jakus-michal	2	0	liptak-daniel
gs2024-r4	group	skupina F	liptak-daniel	haspra-bystrik	2	0	liptak-daniel
gs2024-r4	group	skupina F	liptak-daniel	belosic-dusan	1	2	belosic-dusan
gs2024-r4	group	skupina F	liptak-daniel	martincova-katarina	2	0	liptak-daniel
gs2024-r4	group	skupina F	liptak-daniel	nepsinsky-martin	2	0	liptak-daniel
gs2024-r4	group	skupina F	bulak-roman	jakus-michal	2	0	bulak-roman
gs2024-r4	group	skupina F	bulak-roman	haspra-bystrik	2	0	bulak-roman
gs2024-r4	group	skupina F	bulak-roman	belosic-dusan	2	0	bulak-roman
gs2024-r4	group	skupina F	bulak-roman	martincova-katarina	2	0	bulak-roman
gs2024-r4	group	skupina F	bulak-roman	nepsinsky-martin	2	0	bulak-roman
gs2024-r4	group	skupina F	jakus-michal	haspra-bystrik	2	1	jakus-michal
gs2024-r4	group	skupina F	jakus-michal	belosic-dusan	2	0	jakus-michal
gs2024-r4	group	skupina F	jakus-michal	martincova-katarina	2	0	jakus-michal
gs2024-r4	group	skupina F	jakus-michal	nepsinsky-martin	2	0	jakus-michal
gs2024-r4	group	skupina F	haspra-bystrik	belosic-dusan	2	1	haspra-bystrik
gs2024-r4	group	skupina F	haspra-bystrik	martincova-katarina	2	0	haspra-bystrik
gs2024-r4	group	skupina F	haspra-bystrik	nepsinsky-martin	2	0	haspra-bystrik
gs2024-r4	group	skupina F	belosic-dusan	martincova-katarina	2	0	belosic-dusan
gs2024-r4	group	skupina F	belosic-dusan	nepsinsky-martin	2	0	belosic-dusan
gs2024-r4	group	skupina F	martincova-katarina	nepsinsky-martin	2	1	martincova-katarina
gs2024-r4	group	skupina G	markaj-mark	pastva-ondrej	2	0	markaj-mark
gs2024-r4	group	skupina G	markaj-mark	petrak-jozef	2	0	markaj-mark
gs2024-r4	group	skupina G	markaj-mark	holecek-svetozar	2	0	markaj-mark
gs2024-r4	group	skupina G	markaj-mark	bitarovska-dagmar	2	0	markaj-mark
gs2024-r4	group	skupina G	markaj-mark	takacs-stefan	2	0	markaj-mark
gs2024-r4	group	skupina G	markaj-mark	stahovec-lukas	2	0	markaj-mark
gs2024-r4	group	skupina G	markaj-mark	holz-robert	2	0	markaj-mark
gs2024-r4	group	skupina G	pastva-ondrej	petrak-jozef	2	0	pastva-ondrej
gs2024-r4	group	skupina G	pastva-ondrej	holecek-svetozar	2	1	pastva-ondrej
gs2024-r4	group	skupina G	pastva-ondrej	bitarovska-dagmar	2	0	pastva-ondrej
gs2024-r4	group	skupina G	pastva-ondrej	takacs-stefan	2	1	pastva-ondrej
gs2024-r4	group	skupina G	pastva-ondrej	stahovec-lukas	2	1	pastva-ondrej
gs2024-r4	group	skupina G	pastva-ondrej	holz-robert	2	0	pastva-ondrej
gs2024-r4	group	skupina G	petrak-jozef	holecek-svetozar	2	0	petrak-jozef
gs2024-r4	group	skupina G	petrak-jozef	bitarovska-dagmar	0	2	bitarovska-dagmar
gs2024-r4	group	skupina G	petrak-jozef	takacs-stefan	2	0	petrak-jozef
gs2024-r4	group	skupina G	petrak-jozef	stahovec-lukas	2	0	petrak-jozef
gs2024-r4	group	skupina G	petrak-jozef	holz-robert	2	0	petrak-jozef
gs2024-r4	group	skupina G	holecek-svetozar	bitarovska-dagmar	2	0	holecek-svetozar
gs2024-r4	group	skupina G	holecek-svetozar	takacs-stefan	2	1	holecek-svetozar
gs2024-r4	group	skupina G	holecek-svetozar	stahovec-lukas	2	1	holecek-svetozar
gs2024-r4	group	skupina G	holecek-svetozar	holz-robert	2	0	holecek-svetozar
gs2024-r4	group	skupina G	bitarovska-dagmar	takacs-stefan	0	2	takacs-stefan
gs2024-r4	group	skupina G	bitarovska-dagmar	stahovec-lukas	2	1	bitarovska-dagmar
gs2024-r4	group	skupina G	bitarovska-dagmar	holz-robert	2	0	bitarovska-dagmar
gs2024-r4	group	skupina G	takacs-stefan	stahovec-lukas	2	0	takacs-stefan
gs2024-r4	group	skupina G	takacs-stefan	holz-robert	0	2	holz-robert
gs2024-r4	group	skupina G	stahovec-lukas	holz-robert	2	1	stahovec-lukas
gs2024-r4	group	skupina H	raslavsky-tomas	skyba-marek	2	0	raslavsky-tomas
gs2024-r4	group	skupina H	raslavsky-tomas	vavra-marian	2	0	raslavsky-tomas
gs2024-r4	group	skupina H	raslavsky-tomas	turza-milan	2	0	raslavsky-tomas
gs2024-r4	group	skupina H	raslavsky-tomas	satka-miroslav	2	0	raslavsky-tomas
gs2024-r4	group	skupina H	raslavsky-tomas	jurcekova-katarina	2	0	raslavsky-tomas
gs2024-r4	group	skupina H	raslavsky-tomas	matuch-matus	2	0	raslavsky-tomas
gs2024-r4	group	skupina H	raslavsky-tomas	demeter-vladimir	2	0	raslavsky-tomas
gs2024-r4	group	skupina H	skyba-marek	vavra-marian	2	0	skyba-marek
gs2024-r4	group	skupina H	skyba-marek	turza-milan	2	0	skyba-marek
gs2024-r4	group	skupina H	skyba-marek	satka-miroslav	2	0	skyba-marek
gs2024-r4	group	skupina H	skyba-marek	jurcekova-katarina	2	0	skyba-marek
gs2024-r4	group	skupina H	skyba-marek	matuch-matus	2	0	skyba-marek
gs2024-r4	group	skupina H	skyba-marek	demeter-vladimir	2	0	skyba-marek
gs2024-r4	group	skupina H	vavra-marian	turza-milan	2	0	vavra-marian
gs2024-r4	group	skupina H	vavra-marian	satka-miroslav	2	0	vavra-marian
gs2024-r4	group	skupina H	vavra-marian	jurcekova-katarina	2	1	vavra-marian
gs2024-r4	group	skupina H	vavra-marian	matuch-matus	2	0	vavra-marian
gs2024-r4	group	skupina H	vavra-marian	demeter-vladimir	2	0	vavra-marian
gs2024-r4	group	skupina H	turza-milan	satka-miroslav	2	1	turza-milan
gs2024-r4	group	skupina H	turza-milan	jurcekova-katarina	2	0	turza-milan
gs2024-r4	group	skupina H	turza-milan	matuch-matus	2	0	turza-milan
gs2024-r4	group	skupina H	turza-milan	demeter-vladimir	2	0	turza-milan
gs2024-r4	group	skupina H	satka-miroslav	jurcekova-katarina	2	1	satka-miroslav
gs2024-r4	group	skupina H	satka-miroslav	matuch-matus	2	0	satka-miroslav
gs2024-r4	group	skupina H	satka-miroslav	demeter-vladimir	2	0	satka-miroslav
gs2024-r4	group	skupina H	jurcekova-katarina	matuch-matus	2	1	jurcekova-katarina
gs2024-r4	group	skupina H	jurcekova-katarina	demeter-vladimir	2	0	jurcekova-katarina
gs2024-r4	group	skupina H	matuch-matus	demeter-vladimir	2	0	matuch-matus
gs2024-r4	group	skupina I	biacko-ivan	polak-milan	2	0	biacko-ivan
gs2024-r4	group	skupina I	biacko-ivan	hutka-vladimir	2	0	biacko-ivan
gs2024-r4	group	skupina I	biacko-ivan	klauco-emil	2	0	biacko-ivan
gs2024-r4	group	skupina I	biacko-ivan	kucera-mario	2	0	biacko-ivan
gs2024-r4	group	skupina I	biacko-ivan	kubalcova-xenia	2	0	biacko-ivan
gs2024-r4	group	skupina I	biacko-ivan	bujdak-juraj	2	1	biacko-ivan
gs2024-r4	group	skupina I	biacko-ivan	sedlacko-frantisek	2	0	biacko-ivan
gs2024-r4	group	skupina I	polak-milan	hutka-vladimir	2	0	polak-milan
gs2024-r4	group	skupina I	polak-milan	klauco-emil	1	2	klauco-emil
gs2024-r4	group	skupina I	polak-milan	kucera-mario	2	1	polak-milan
gs2024-r4	group	skupina I	polak-milan	kubalcova-xenia	2	0	polak-milan
gs2024-r4	group	skupina I	polak-milan	bujdak-juraj	0	2	bujdak-juraj
gs2024-r4	group	skupina I	polak-milan	sedlacko-frantisek	2	1	polak-milan
gs2024-r4	group	skupina I	hutka-vladimir	klauco-emil	2	0	hutka-vladimir
gs2024-r4	group	skupina I	hutka-vladimir	kucera-mario	2	0	hutka-vladimir
gs2024-r4	group	skupina I	hutka-vladimir	kubalcova-xenia	1	2	kubalcova-xenia
gs2024-r4	group	skupina I	hutka-vladimir	bujdak-juraj	2	0	hutka-vladimir
gs2024-r4	group	skupina I	hutka-vladimir	sedlacko-frantisek	2	0	hutka-vladimir
gs2024-r4	group	skupina I	klauco-emil	kucera-mario	2	0	klauco-emil
gs2024-r4	group	skupina I	klauco-emil	kubalcova-xenia	2	0	klauco-emil
gs2024-r4	group	skupina I	klauco-emil	bujdak-juraj	0	2	bujdak-juraj
gs2024-r4	group	skupina I	klauco-emil	sedlacko-frantisek	2	0	klauco-emil
gs2024-r4	group	skupina I	kucera-mario	kubalcova-xenia	2	1	kucera-mario
gs2024-r4	group	skupina I	kucera-mario	bujdak-juraj	2	1	kucera-mario
gs2024-r4	group	skupina I	kucera-mario	sedlacko-frantisek	2	1	kucera-mario
gs2024-r4	group	skupina I	kubalcova-xenia	bujdak-juraj	2	1	kubalcova-xenia
gs2024-r4	group	skupina I	kubalcova-xenia	sedlacko-frantisek	2	1	kubalcova-xenia
gs2024-r4	group	skupina I	bujdak-juraj	sedlacko-frantisek	2	0	bujdak-juraj
gs2024-r4	group	skupina J	gros-pavol	dulay-jan	2	1	gros-pavol
gs2024-r4	group	skupina J	gros-pavol	jurcekova-jana	2	0	gros-pavol
gs2024-r4	group	skupina J	gros-pavol	kulik-samuel	2	0	gros-pavol
gs2024-r4	group	skupina J	gros-pavol	molitorisova-lenka	2	0	gros-pavol
gs2024-r4	group	skupina J	gros-pavol	mozolak-marian	2	0	gros-pavol
gs2024-r4	group	skupina J	gros-pavol	nociar-patrik	2	0	gros-pavol
gs2024-r4	group	skupina J	gros-pavol	ficek-tomas	2	0	gros-pavol
gs2024-r4	group	skupina J	dulay-jan	jurcekova-jana	2	0	dulay-jan
gs2024-r4	group	skupina J	dulay-jan	kulik-samuel	2	1	dulay-jan
gs2024-r4	group	skupina J	dulay-jan	molitorisova-lenka	2	0	dulay-jan
gs2024-r4	group	skupina J	dulay-jan	mozolak-marian	2	0	dulay-jan
gs2024-r4	group	skupina J	dulay-jan	nociar-patrik	2	0	dulay-jan
gs2024-r4	group	skupina J	dulay-jan	ficek-tomas	2	0	dulay-jan
gs2024-r4	group	skupina J	jurcekova-jana	kulik-samuel	2	0	jurcekova-jana
gs2024-r4	group	skupina J	jurcekova-jana	molitorisova-lenka	2	0	jurcekova-jana
gs2024-r4	group	skupina J	jurcekova-jana	mozolak-marian	2	1	jurcekova-jana
gs2024-r4	group	skupina J	jurcekova-jana	nociar-patrik	2	0	jurcekova-jana
gs2024-r4	group	skupina J	jurcekova-jana	ficek-tomas	2	0	jurcekova-jana
gs2024-r4	group	skupina J	kulik-samuel	molitorisova-lenka	2	0	kulik-samuel
gs2024-r4	group	skupina J	kulik-samuel	mozolak-marian	2	0	kulik-samuel
gs2024-r4	group	skupina J	kulik-samuel	nociar-patrik	2	0	kulik-samuel
gs2024-r4	group	skupina J	kulik-samuel	ficek-tomas	2	0	kulik-samuel
gs2024-r4	group	skupina J	molitorisova-lenka	mozolak-marian	2	0	molitorisova-lenka
gs2024-r4	group	skupina J	molitorisova-lenka	nociar-patrik	2	0	molitorisova-lenka
gs2024-r4	group	skupina J	molitorisova-lenka	ficek-tomas	2	0	molitorisova-lenka
gs2024-r4	group	skupina J	mozolak-marian	nociar-patrik	2	1	mozolak-marian
gs2024-r4	group	skupina J	mozolak-marian	ficek-tomas	2	0	mozolak-marian
gs2024-r4	group	skupina J	nociar-patrik	ficek-tomas	2	0	nociar-patrik
gs2024-r4	group	skupina K	valent-marian	donoval-lubos	2	0	valent-marian
gs2024-r4	group	skupina K	valent-marian	herodes-jirka	2	0	valent-marian
gs2024-r4	group	skupina K	valent-marian	takacs-tamas	2	0	valent-marian
gs2024-r4	group	skupina K	valent-marian	ryba-lubos	2	0	valent-marian
gs2024-r4	group	skupina K	valent-marian	koritsansky-dominik	2	0	valent-marian
gs2024-r4	group	skupina K	valent-marian	valasik-marian	2	0	valent-marian
gs2024-r4	group	skupina K	valent-marian	volek-igor	2	0	valent-marian
gs2024-r4	group	skupina K	donoval-lubos	herodes-jirka	2	0	donoval-lubos
gs2024-r4	group	skupina K	donoval-lubos	takacs-tamas	2	1	donoval-lubos
gs2024-r4	group	skupina K	donoval-lubos	ryba-lubos	2	0	donoval-lubos
gs2024-r4	group	skupina K	donoval-lubos	koritsansky-dominik	2	0	donoval-lubos
gs2024-r4	group	skupina K	donoval-lubos	valasik-marian	2	0	donoval-lubos
gs2024-r4	group	skupina K	donoval-lubos	volek-igor	1	2	volek-igor
gs2024-r4	group	skupina K	herodes-jirka	takacs-tamas	2	1	herodes-jirka
gs2024-r4	group	skupina K	herodes-jirka	ryba-lubos	2	0	herodes-jirka
gs2024-r4	group	skupina K	herodes-jirka	koritsansky-dominik	2	0	herodes-jirka
gs2024-r4	group	skupina K	herodes-jirka	valasik-marian	2	0	herodes-jirka
gs2024-r4	group	skupina K	herodes-jirka	volek-igor	2	0	herodes-jirka
gs2024-r4	group	skupina K	takacs-tamas	ryba-lubos	2	0	takacs-tamas
gs2024-r4	group	skupina K	takacs-tamas	koritsansky-dominik	2	0	takacs-tamas
gs2024-r4	group	skupina K	takacs-tamas	valasik-marian	2	0	takacs-tamas
gs2024-r4	group	skupina K	takacs-tamas	volek-igor	2	0	takacs-tamas
gs2024-r4	group	skupina K	ryba-lubos	koritsansky-dominik	2	0	ryba-lubos
gs2024-r4	group	skupina K	ryba-lubos	valasik-marian	2	1	ryba-lubos
gs2024-r4	group	skupina K	ryba-lubos	volek-igor	2	0	ryba-lubos
gs2024-r4	group	skupina K	koritsansky-dominik	valasik-marian	2	0	koritsansky-dominik
gs2024-r4	group	skupina K	koritsansky-dominik	volek-igor	2	0	koritsansky-dominik
gs2024-r4	group	skupina K	valasik-marian	volek-igor	2	0	valasik-marian
gs2024-r4	group	skupina L	suranovsky-martin	stofej-marian	2	1	suranovsky-martin
gs2024-r4	group	skupina L	suranovsky-martin	kratky-vladimir	2	0	suranovsky-martin
gs2024-r4	group	skupina L	suranovsky-martin	hlavati-zdeno	2	0	suranovsky-martin
gs2024-r4	group	skupina L	suranovsky-martin	hornak-peter	2	0	suranovsky-martin
gs2024-r4	group	skupina L	suranovsky-martin	poliak-miroslav	2	0	suranovsky-martin
gs2024-r4	group	skupina L	suranovsky-martin	mrazkova-viera	2	0	suranovsky-martin
gs2024-r4	group	skupina L	suranovsky-martin	kuran-sviatoslav	2	0	suranovsky-martin
gs2024-r4	group	skupina L	stofej-marian	kratky-vladimir	2	1	stofej-marian
gs2024-r4	group	skupina L	stofej-marian	hlavati-zdeno	2	0	stofej-marian
gs2024-r4	group	skupina L	stofej-marian	hornak-peter	2	0	stofej-marian
gs2024-r4	group	skupina L	stofej-marian	poliak-miroslav	2	0	stofej-marian
gs2024-r4	group	skupina L	stofej-marian	mrazkova-viera	2	0	stofej-marian
gs2024-r4	group	skupina L	stofej-marian	kuran-sviatoslav	2	0	stofej-marian
gs2024-r4	group	skupina L	kratky-vladimir	hlavati-zdeno	2	1	kratky-vladimir
gs2024-r4	group	skupina L	kratky-vladimir	hornak-peter	1	2	hornak-peter
gs2024-r4	group	skupina L	kratky-vladimir	poliak-miroslav	2	0	kratky-vladimir
gs2024-r4	group	skupina L	kratky-vladimir	mrazkova-viera	2	0	kratky-vladimir
gs2024-r4	group	skupina L	kratky-vladimir	kuran-sviatoslav	2	0	kratky-vladimir
gs2024-r4	group	skupina L	hlavati-zdeno	hornak-peter	2	1	hlavati-zdeno
gs2024-r4	group	skupina L	hlavati-zdeno	poliak-miroslav	2	0	hlavati-zdeno
gs2024-r4	group	skupina L	hlavati-zdeno	mrazkova-viera	2	0	hlavati-zdeno
gs2024-r4	group	skupina L	hlavati-zdeno	kuran-sviatoslav	2	0	hlavati-zdeno
gs2024-r4	group	skupina L	hornak-peter	poliak-miroslav	2	0	hornak-peter
gs2024-r4	group	skupina L	hornak-peter	mrazkova-viera	2	0	hornak-peter
gs2024-r4	group	skupina L	hornak-peter	kuran-sviatoslav	2	0	hornak-peter
gs2024-r4	group	skupina L	poliak-miroslav	mrazkova-viera	2	0	poliak-miroslav
gs2024-r4	group	skupina L	poliak-miroslav	kuran-sviatoslav	2	0	poliak-miroslav
gs2024-r4	group	skupina L	mrazkova-viera	kuran-sviatoslav	2	0	mrazkova-viera
gs2024-r4	group	skupina M	jerzova-katarina	valovcan-jaroslav-st	2	0	jerzova-katarina
gs2024-r4	group	skupina M	jerzova-katarina	gallo-viliam	2	0	jerzova-katarina
gs2024-r4	group	skupina M	jerzova-katarina	masaryk-robert	2	0	jerzova-katarina
gs2024-r4	group	skupina M	jerzova-katarina	saskovic-rasto	2	0	jerzova-katarina
gs2024-r4	group	skupina M	jerzova-katarina	michalco-martin	2	0	jerzova-katarina
gs2024-r4	group	skupina M	jerzova-katarina	kravchenko-sergii	2	0	jerzova-katarina
gs2024-r4	group	skupina M	jerzova-katarina	liska-marek	2	0	jerzova-katarina
gs2024-r4	group	skupina M	valovcan-jaroslav-st	gallo-viliam	2	0	valovcan-jaroslav-st
gs2024-r4	group	skupina M	valovcan-jaroslav-st	masaryk-robert	2	1	valovcan-jaroslav-st
gs2024-r4	group	skupina M	valovcan-jaroslav-st	saskovic-rasto	2	0	valovcan-jaroslav-st
gs2024-r4	group	skupina M	valovcan-jaroslav-st	michalco-martin	2	0	valovcan-jaroslav-st
gs2024-r4	group	skupina M	valovcan-jaroslav-st	kravchenko-sergii	2	0	valovcan-jaroslav-st
gs2024-r4	group	skupina M	valovcan-jaroslav-st	liska-marek	2	0	valovcan-jaroslav-st
gs2024-r4	group	skupina M	gallo-viliam	masaryk-robert	2	1	gallo-viliam
gs2024-r4	group	skupina M	gallo-viliam	saskovic-rasto	2	0	gallo-viliam
gs2024-r4	group	skupina M	gallo-viliam	michalco-martin	1	2	michalco-martin
gs2024-r4	group	skupina M	gallo-viliam	kravchenko-sergii	2	0	gallo-viliam
gs2024-r4	group	skupina M	gallo-viliam	liska-marek	2	0	gallo-viliam
gs2024-r4	group	skupina M	masaryk-robert	saskovic-rasto	2	1	masaryk-robert
gs2024-r4	group	skupina M	masaryk-robert	michalco-martin	2	0	masaryk-robert
gs2024-r4	group	skupina M	masaryk-robert	kravchenko-sergii	2	1	masaryk-robert
gs2024-r4	group	skupina M	masaryk-robert	liska-marek	2	0	masaryk-robert
gs2024-r4	group	skupina M	saskovic-rasto	michalco-martin	2	1	saskovic-rasto
gs2024-r4	group	skupina M	saskovic-rasto	kravchenko-sergii	2	0	saskovic-rasto
gs2024-r4	group	skupina M	saskovic-rasto	liska-marek	2	0	saskovic-rasto
gs2024-r4	group	skupina M	michalco-martin	kravchenko-sergii	2	1	michalco-martin
gs2024-r4	group	skupina M	michalco-martin	liska-marek	2	1	michalco-martin
gs2024-r4	group	skupina M	kravchenko-sergii	liska-marek	2	1	kravchenko-sergii
gs2024-r4	group	skupina N	jakubec-peter	marekovicova-silvia	2	0	jakubec-peter
gs2024-r4	group	skupina N	jakubec-peter	sidlik-viktor	2	0	jakubec-peter
gs2024-r4	group	skupina N	jakubec-peter	porubcan-zdenko	2	0	jakubec-peter
gs2024-r4	group	skupina N	jakubec-peter	capkovic-milan	2	0	jakubec-peter
gs2024-r4	group	skupina N	jakubec-peter	dandar-marek	2	0	jakubec-peter
gs2024-r4	group	skupina N	jakubec-peter	bittner-peter	2	0	jakubec-peter
gs2024-r4	group	skupina N	jakubec-peter	zapalac-mario	2	0	jakubec-peter
gs2024-r4	group	skupina N	marekovicova-silvia	sidlik-viktor	2	0	marekovicova-silvia
gs2024-r4	group	skupina N	marekovicova-silvia	porubcan-zdenko	2	0	marekovicova-silvia
gs2024-r4	group	skupina N	marekovicova-silvia	capkovic-milan	2	0	marekovicova-silvia
gs2024-r4	group	skupina N	marekovicova-silvia	dandar-marek	2	0	marekovicova-silvia
gs2024-r4	group	skupina N	marekovicova-silvia	bittner-peter	2	0	marekovicova-silvia
gs2024-r4	group	skupina N	marekovicova-silvia	zapalac-mario	2	0	marekovicova-silvia
gs2024-r4	group	skupina N	sidlik-viktor	porubcan-zdenko	2	1	sidlik-viktor
gs2024-r4	group	skupina N	sidlik-viktor	capkovic-milan	2	1	sidlik-viktor
gs2024-r4	group	skupina N	sidlik-viktor	dandar-marek	2	0	sidlik-viktor
gs2024-r4	group	skupina N	sidlik-viktor	bittner-peter	2	0	sidlik-viktor
gs2024-r4	group	skupina N	sidlik-viktor	zapalac-mario	2	0	sidlik-viktor
gs2024-r4	group	skupina N	porubcan-zdenko	capkovic-milan	0	2	capkovic-milan
gs2024-r4	group	skupina N	porubcan-zdenko	dandar-marek	2	0	porubcan-zdenko
gs2024-r4	group	skupina N	porubcan-zdenko	bittner-peter	2	0	porubcan-zdenko
gs2024-r4	group	skupina N	porubcan-zdenko	zapalac-mario	2	0	porubcan-zdenko
gs2024-r4	group	skupina N	capkovic-milan	dandar-marek	0	2	dandar-marek
gs2024-r4	group	skupina N	capkovic-milan	bittner-peter	2	1	capkovic-milan
gs2024-r4	group	skupina N	capkovic-milan	zapalac-mario	2	0	capkovic-milan
gs2024-r4	group	skupina N	dandar-marek	bittner-peter	2	1	dandar-marek
gs2024-r4	group	skupina N	dandar-marek	zapalac-mario	2	0	dandar-marek
gs2024-r4	group	skupina N	bittner-peter	zapalac-mario	2	1	bittner-peter
gs2024-r4	group	skupina O	gula-karol	mikula-michal	2	0	gula-karol
gs2024-r4	group	skupina O	gula-karol	kundrik-marek	2	0	gula-karol
gs2024-r4	group	skupina O	gula-karol	kolar-jan	0	2	kolar-jan
gs2024-r4	group	skupina O	gula-karol	kravcak-milan	2	0	gula-karol
gs2024-r4	group	skupina O	gula-karol	beber-frantisek	2	0	gula-karol
gs2024-r4	group	skupina O	gula-karol	martinec-david	2	0	gula-karol
gs2024-r4	group	skupina O	gula-karol	sovinec-ladislav	2	0	gula-karol
gs2024-r4	group	skupina O	mikula-michal	kundrik-marek	2	1	mikula-michal
gs2024-r4	group	skupina O	mikula-michal	kolar-jan	2	1	mikula-michal
gs2024-r4	group	skupina O	mikula-michal	kravcak-milan	2	1	mikula-michal
gs2024-r4	group	skupina O	mikula-michal	beber-frantisek	2	0	mikula-michal
gs2024-r4	group	skupina O	mikula-michal	martinec-david	2	1	mikula-michal
gs2024-r4	group	skupina O	mikula-michal	sovinec-ladislav	2	0	mikula-michal
gs2024-r4	group	skupina O	kundrik-marek	kolar-jan	2	1	kundrik-marek
gs2024-r4	group	skupina O	kundrik-marek	kravcak-milan	2	1	kundrik-marek
gs2024-r4	group	skupina O	kundrik-marek	beber-frantisek	2	0	kundrik-marek
gs2024-r4	group	skupina O	kundrik-marek	martinec-david	2	0	kundrik-marek
gs2024-r4	group	skupina O	kundrik-marek	sovinec-ladislav	2	0	kundrik-marek
gs2024-r4	group	skupina O	kolar-jan	kravcak-milan	2	0	kolar-jan
gs2024-r4	group	skupina O	kolar-jan	beber-frantisek	2	1	kolar-jan
gs2024-r4	group	skupina O	kolar-jan	martinec-david	2	0	kolar-jan
gs2024-r4	group	skupina O	kolar-jan	sovinec-ladislav	2	0	kolar-jan
gs2024-r4	group	skupina O	kravcak-milan	beber-frantisek	2	1	kravcak-milan
gs2024-r4	group	skupina O	kravcak-milan	martinec-david	2	0	kravcak-milan
gs2024-r4	group	skupina O	kravcak-milan	sovinec-ladislav	2	0	kravcak-milan
gs2024-r4	group	skupina O	beber-frantisek	martinec-david	2	1	beber-frantisek
gs2024-r4	group	skupina O	beber-frantisek	sovinec-ladislav	2	1	beber-frantisek
gs2024-r4	group	skupina O	martinec-david	sovinec-ladislav	2	1	martinec-david
gs2024-r4	group	skupina P	palencik-patrik	szellova-jana	2	0	palencik-patrik
gs2024-r4	group	skupina P	palencik-patrik	andras-igor	2	1	palencik-patrik
gs2024-r4	group	skupina P	palencik-patrik	sedlacek-michal	2	1	palencik-patrik
gs2024-r4	group	skupina P	palencik-patrik	labos-jozef	2	0	palencik-patrik
gs2024-r4	group	skupina P	palencik-patrik	sustek-milan	2	0	palencik-patrik
gs2024-r4	group	skupina P	palencik-patrik	kulich-jozef	2	0	palencik-patrik
gs2024-r4	group	skupina P	palencik-patrik	bektashov-alibek	2	0	palencik-patrik
gs2024-r4	group	skupina P	szellova-jana	andras-igor	2	1	szellova-jana
gs2024-r4	group	skupina P	szellova-jana	sedlacek-michal	2	0	szellova-jana
gs2024-r4	group	skupina P	szellova-jana	labos-jozef	2	0	szellova-jana
gs2024-r4	group	skupina P	szellova-jana	sustek-milan	2	0	szellova-jana
gs2024-r4	group	skupina P	szellova-jana	kulich-jozef	2	0	szellova-jana
gs2024-r4	group	skupina P	szellova-jana	bektashov-alibek	2	0	szellova-jana
gs2024-r4	group	skupina P	andras-igor	sedlacek-michal	2	0	andras-igor
gs2024-r4	group	skupina P	andras-igor	labos-jozef	2	0	andras-igor
gs2024-r4	group	skupina P	andras-igor	sustek-milan	2	0	andras-igor
gs2024-r4	group	skupina P	andras-igor	kulich-jozef	2	0	andras-igor
gs2024-r4	group	skupina P	andras-igor	bektashov-alibek	2	0	andras-igor
gs2024-r4	group	skupina P	sedlacek-michal	labos-jozef	2	0	sedlacek-michal
gs2024-r4	group	skupina P	sedlacek-michal	sustek-milan	2	0	sedlacek-michal
gs2024-r4	group	skupina P	sedlacek-michal	kulich-jozef	2	0	sedlacek-michal
gs2024-r4	group	skupina P	sedlacek-michal	bektashov-alibek	2	0	sedlacek-michal
gs2024-r4	group	skupina P	labos-jozef	sustek-milan	2	1	labos-jozef
gs2024-r4	group	skupina P	labos-jozef	kulich-jozef	2	1	labos-jozef
gs2024-r4	group	skupina P	labos-jozef	bektashov-alibek	2	1	labos-jozef
gs2024-r4	group	skupina P	sustek-milan	kulich-jozef	2	1	sustek-milan
gs2024-r4	group	skupina P	sustek-milan	bektashov-alibek	2	0	sustek-milan
gs2024-r4	group	skupina P	kulich-jozef	bektashov-alibek	2	0	kulich-jozef
gs2024-r4	playoff	baráž	pajbach-michal	saskovic-rasto	2	1	pajbach-michal
gs2024-r4	playoff	baráž	csemy-stefan	masaryk-robert	2	1	csemy-stefan
gs2024-r4	playoff	baráž	holecek-svetozar	kackos-andrej	2	0	holecek-svetozar
gs2024-r4	playoff	baráž	sedlacek-michal	srnec-radovan	2	0	sedlacek-michal
gs2024-r4	playoff	baráž	kulik-samuel	ryba-lubos	2	0	kulik-samuel
gs2024-r4	playoff	baráž	ziska-vladimir	turza-milan	2	1	ziska-vladimir
gs2024-r4	playoff	baráž	klauco-emil	misanik-branislav	2	0	klauco-emil
gs2024-r4	playoff	baráž	takacs-tamas	bitarovska-dagmar	2	0	takacs-tamas
gs2024-r4	playoff	baráž	holan-marek	molitorisova-lenka	2	0	holan-marek
gs2024-r4	playoff	baráž	hlavati-zdeno	haspra-bystrik	2	1	hlavati-zdeno
gs2024-r4	playoff	baráž	jakus-michal	capkovic-milan	2	0	jakus-michal
gs2024-r4	playoff	baráž	cvecka-peter	satka-miroslav	2	1	cvecka-peter
gs2024-r4	playoff	baráž	kucera-mario	batalik-martin	2	1	kucera-mario
gs2024-r4	playoff	baráž	porubcan-zdenko	kravcak-milan	2	1	porubcan-zdenko
gs2024-r4	playoff	1. kolo	jakubec-peter	hornak-peter	3	0	jakubec-peter
gs2024-r4	playoff	1. kolo	andras-igor	polak-milan	3	0	andras-igor
gs2024-r4	playoff	1. kolo	stofej-marian	petrak-jozef	3	1	stofej-marian
gs2024-r4	playoff	1. kolo	gula-karol	kolar-jan	3	2	gula-karol
gs2024-r4	playoff	1. kolo	gros-pavol	pajbach-michal	3	0	gros-pavol
gs2024-r4	playoff	1. kolo	valovcan-jaroslav-ml	vavra-marian	3	2	valovcan-jaroslav-ml
gs2024-r4	playoff	1. kolo	szellova-jana	herodes-jirka	3	0	szellova-jana
gs2024-r4	playoff	1. kolo	mocik-tomas	csemy-stefan	3	1	mocik-tomas
gs2024-r4	playoff	1. kolo	mitro-adam	holecek-svetozar	3	0	mitro-adam
gs2024-r4	playoff	1. kolo	hrtan-filip	mikula-michal	3	2	hrtan-filip
gs2024-r4	playoff	1. kolo	lesundak-david	babic-adam	3	0	lesundak-david
gs2024-r4	playoff	1. kolo	suranovsky-martin	sedlacek-michal	3	0	suranovsky-martin
gs2024-r4	playoff	1. kolo	biacko-ivan	kulik-samuel	3	1	biacko-ivan
gs2024-r4	playoff	1. kolo	marekovicova-silvia	kratky-vladimir	3	0	marekovicova-silvia
gs2024-r4	playoff	1. kolo	demovic-milos	kundrik-marek	3	0	demovic-milos
gs2024-r4	playoff	1. kolo	jakubec-martin	ziska-vladimir	3	0	jakubec-martin
gs2024-r4	playoff	1. kolo	markaj-mark	klauco-emil	3	0	markaj-mark
gs2024-r4	playoff	1. kolo	bulak-roman	liptak-daniel	3	2	bulak-roman
gs2024-r4	playoff	1. kolo	skyba-marek	hutka-vladimir	3	2	skyba-marek
gs2024-r4	playoff	1. kolo	vanek-richard	takacs-tamas	3	0	vanek-richard
gs2024-r4	playoff	1. kolo	mateasik-dominik	holan-marek	3	1	mateasik-dominik
gs2024-r4	playoff	1. kolo	fulop-matej	sidlik-viktor	3	0	fulop-matej
gs2024-r4	playoff	1. kolo	sajankova-zuzana	kutis-radoslav	3	2	sajankova-zuzana
gs2024-r4	playoff	1. kolo	raslavsky-tomas	hlavati-zdeno	3	2	raslavsky-tomas
gs2024-r4	playoff	1. kolo	valent-marian	jakus-michal	3	0	valent-marian
gs2024-r4	playoff	1. kolo	pastva-ondrej	jurcekova-jana	3	1	pastva-ondrej
gs2024-r4	playoff	1. kolo	valovcan-jaroslav-st	szolnoki-attila	3	0	valovcan-jaroslav-st
gs2024-r4	playoff	1. kolo	klauco-matej	cvecka-peter	3	1	klauco-matej
gs2024-r4	playoff	1. kolo	palencik-patrik	kucera-mario	3	0	palencik-patrik
gs2024-r4	playoff	1. kolo	dulay-jan	gallo-viliam	3	0	dulay-jan
gs2024-r4	playoff	1. kolo	donoval-lubos	peterka-jozef	3	0	donoval-lubos
gs2024-r4	playoff	1. kolo	jerzova-katarina	porubcan-zdenko	3	0	jerzova-katarina
gs2024-r4	playoff	16-finále	jakubec-peter	andras-igor	3	1	jakubec-peter
gs2024-r4	playoff	16-finále	gula-karol	stofej-marian	3	1	gula-karol
gs2024-r4	playoff	16-finále	gros-pavol	valovcan-jaroslav-ml	3	0	gros-pavol
gs2024-r4	playoff	16-finále	szellova-jana	mocik-tomas	3	1	szellova-jana
gs2024-r4	playoff	16-finále	mitro-adam	hrtan-filip	3	0	mitro-adam
gs2024-r4	playoff	16-finále	lesundak-david	suranovsky-martin	3	1	lesundak-david
gs2024-r4	playoff	16-finále	marekovicova-silvia	biacko-ivan	3	1	marekovicova-silvia
gs2024-r4	playoff	16-finále	jakubec-martin	demovic-milos	3	0	jakubec-martin
gs2024-r4	playoff	16-finále	markaj-mark	bulak-roman	3	1	markaj-mark
gs2024-r4	playoff	16-finále	vanek-richard	skyba-marek	3	1	vanek-richard
gs2024-r4	playoff	16-finále	fulop-matej	mateasik-dominik	3	2	fulop-matej
gs2024-r4	playoff	16-finále	raslavsky-tomas	sajankova-zuzana	3	0	raslavsky-tomas
gs2024-r4	playoff	16-finále	valent-marian	pastva-ondrej	3	0	valent-marian
gs2024-r4	playoff	16-finále	valovcan-jaroslav-st	klauco-matej	3	0	valovcan-jaroslav-st
gs2024-r4	playoff	16-finále	palencik-patrik	dulay-jan	3	0	palencik-patrik
gs2024-r4	playoff	16-finále	donoval-lubos	jerzova-katarina	3	2	donoval-lubos
gs2024-r4	playoff	osemfinále	jakubec-peter	gula-karol	3	0	jakubec-peter
gs2024-r4	playoff	osemfinále	gros-pavol	szellova-jana	3	2	gros-pavol
gs2024-r4	playoff	osemfinále	mitro-adam	lesundak-david	3	0	mitro-adam
gs2024-r4	playoff	osemfinále	jakubec-martin	marekovicova-silvia	3	0	jakubec-martin
gs2024-r4	playoff	osemfinále	vanek-richard	markaj-mark	3	0	vanek-richard
gs2024-r4	playoff	osemfinále	fulop-matej	raslavsky-tomas	3	1	fulop-matej
gs2024-r4	playoff	osemfinále	valovcan-jaroslav-st	valent-marian	3	1	valovcan-jaroslav-st
gs2024-r4	playoff	osemfinále	donoval-lubos	palencik-patrik	3	0	donoval-lubos
gs2024-r4	playoff	štvrťfinále	jakubec-peter	gros-pavol	3	2	jakubec-peter
gs2024-r4	playoff	štvrťfinále	jakubec-martin	mitro-adam	3	1	jakubec-martin
gs2024-r4	playoff	štvrťfinále	vanek-richard	fulop-matej	3	1	vanek-richard
gs2024-r4	playoff	štvrťfinále	valovcan-jaroslav-st	donoval-lubos	3	0	valovcan-jaroslav-st
gs2024-r4	playoff	semifinále	jakubec-martin	jakubec-peter	3	1	jakubec-martin
gs2024-r4	playoff	semifinále	vanek-richard	valovcan-jaroslav-st	3	0	vanek-richard
gs2024-r4	playoff	finále	jakubec-martin	vanek-richard	3	2	jakubec-martin
gs2025-r1	group	skupina A	valovcan-jaroslav-st	sajankova-zuzana	2	0	valovcan-jaroslav-st
gs2025-r1	group	skupina A	valovcan-jaroslav-st	laurov-miroslav	2	0	valovcan-jaroslav-st
gs2025-r1	group	skupina A	valovcan-jaroslav-st	srnec-radovan	2	1	valovcan-jaroslav-st
gs2025-r1	group	skupina A	valovcan-jaroslav-st	szolnoki-attila	2	0	valovcan-jaroslav-st
gs2025-r1	group	skupina A	valovcan-jaroslav-st	gubis-jaroslav	2	0	valovcan-jaroslav-st
gs2025-r1	group	skupina A	valovcan-jaroslav-st	burian-branislav	2	0	valovcan-jaroslav-st
gs2025-r1	group	skupina A	valovcan-jaroslav-st	boozova-alena	2	0	valovcan-jaroslav-st
gs2025-r1	group	skupina A	sajankova-zuzana	laurov-miroslav	2	0	sajankova-zuzana
gs2025-r1	group	skupina A	sajankova-zuzana	srnec-radovan	2	0	sajankova-zuzana
gs2025-r1	group	skupina A	sajankova-zuzana	szolnoki-attila	2	0	sajankova-zuzana
gs2025-r1	group	skupina A	sajankova-zuzana	gubis-jaroslav	2	0	sajankova-zuzana
gs2025-r1	group	skupina A	sajankova-zuzana	burian-branislav	2	0	sajankova-zuzana
gs2025-r1	group	skupina A	sajankova-zuzana	boozova-alena	2	0	sajankova-zuzana
gs2025-r1	group	skupina A	laurov-miroslav	srnec-radovan	2	1	laurov-miroslav
gs2025-r1	group	skupina A	laurov-miroslav	szolnoki-attila	2	0	laurov-miroslav
gs2025-r1	group	skupina A	laurov-miroslav	gubis-jaroslav	2	0	laurov-miroslav
gs2025-r1	group	skupina A	laurov-miroslav	burian-branislav	2	0	laurov-miroslav
gs2025-r1	group	skupina A	laurov-miroslav	boozova-alena	2	0	laurov-miroslav
gs2025-r1	group	skupina A	srnec-radovan	szolnoki-attila	2	1	srnec-radovan
gs2025-r1	group	skupina A	srnec-radovan	gubis-jaroslav	2	0	srnec-radovan
gs2025-r1	group	skupina A	srnec-radovan	burian-branislav	2	0	srnec-radovan
gs2025-r1	group	skupina A	srnec-radovan	boozova-alena	2	0	srnec-radovan
gs2025-r1	group	skupina A	szolnoki-attila	gubis-jaroslav	2	1	szolnoki-attila
gs2025-r1	group	skupina A	szolnoki-attila	burian-branislav	2	1	szolnoki-attila
gs2025-r1	group	skupina A	szolnoki-attila	boozova-alena	2	0	szolnoki-attila
gs2025-r1	group	skupina A	gubis-jaroslav	burian-branislav	2	0	gubis-jaroslav
gs2025-r1	group	skupina A	gubis-jaroslav	boozova-alena	2	0	gubis-jaroslav
gs2025-r1	group	skupina A	burian-branislav	boozova-alena	2	0	burian-branislav
gs2025-r1	group	skupina B	mikula-michal	dulay-jan	2	0	mikula-michal
gs2025-r1	group	skupina B	mikula-michal	klauco-matej	0	2	klauco-matej
gs2025-r1	group	skupina B	mikula-michal	stofej-marian	2	1	mikula-michal
gs2025-r1	group	skupina B	mikula-michal	horvath-lubomir	2	0	mikula-michal
gs2025-r1	group	skupina B	mikula-michal	sedlacko-frantisek	2	0	mikula-michal
gs2025-r1	group	skupina B	mikula-michal	burtnyj-sergej	2	0	mikula-michal
gs2025-r1	group	skupina B	dulay-jan	klauco-matej	2	0	dulay-jan
gs2025-r1	group	skupina B	dulay-jan	stofej-marian	1	2	stofej-marian
gs2025-r1	group	skupina B	dulay-jan	horvath-lubomir	2	0	dulay-jan
gs2025-r1	group	skupina B	dulay-jan	sedlacko-frantisek	2	1	dulay-jan
gs2025-r1	group	skupina B	dulay-jan	burtnyj-sergej	2	0	dulay-jan
gs2025-r1	group	skupina B	klauco-matej	stofej-marian	2	0	klauco-matej
gs2025-r1	group	skupina B	klauco-matej	horvath-lubomir	2	0	klauco-matej
gs2025-r1	group	skupina B	klauco-matej	sedlacko-frantisek	2	0	klauco-matej
gs2025-r1	group	skupina B	klauco-matej	burtnyj-sergej	1	2	burtnyj-sergej
gs2025-r1	group	skupina B	stofej-marian	horvath-lubomir	2	0	stofej-marian
gs2025-r1	group	skupina B	stofej-marian	sedlacko-frantisek	2	0	stofej-marian
gs2025-r1	group	skupina B	stofej-marian	burtnyj-sergej	2	0	stofej-marian
gs2025-r1	group	skupina B	horvath-lubomir	sedlacko-frantisek	2	0	horvath-lubomir
gs2025-r1	group	skupina B	horvath-lubomir	burtnyj-sergej	2	0	horvath-lubomir
gs2025-r1	group	skupina B	sedlacko-frantisek	burtnyj-sergej	2	1	sedlacko-frantisek
gs2025-r1	group	skupina C	jakubec-peter	jagrik-stanislav	2	0	jakubec-peter
gs2025-r1	group	skupina C	jakubec-peter	kundrik-marek	2	0	jakubec-peter
gs2025-r1	group	skupina C	jakubec-peter	holecek-svetozar	2	0	jakubec-peter
gs2025-r1	group	skupina C	jakubec-peter	kasana-eduard	2	0	jakubec-peter
gs2025-r1	group	skupina C	jakubec-peter	barta-peter	2	0	jakubec-peter
gs2025-r1	group	skupina C	jakubec-peter	zeliskova-jana	2	0	jakubec-peter
gs2025-r1	group	skupina C	jakubec-peter	stahovec-lukas	2	0	jakubec-peter
gs2025-r1	group	skupina C	jagrik-stanislav	kundrik-marek	2	0	jagrik-stanislav
gs2025-r1	group	skupina C	jagrik-stanislav	holecek-svetozar	2	1	jagrik-stanislav
gs2025-r1	group	skupina C	jagrik-stanislav	kasana-eduard	2	1	jagrik-stanislav
gs2025-r1	group	skupina C	jagrik-stanislav	barta-peter	2	0	jagrik-stanislav
gs2025-r1	group	skupina C	jagrik-stanislav	zeliskova-jana	2	0	jagrik-stanislav
gs2025-r1	group	skupina C	jagrik-stanislav	stahovec-lukas	2	0	jagrik-stanislav
gs2025-r1	group	skupina C	kundrik-marek	holecek-svetozar	2	0	kundrik-marek
gs2025-r1	group	skupina C	kundrik-marek	kasana-eduard	2	0	kundrik-marek
gs2025-r1	group	skupina C	kundrik-marek	barta-peter	2	0	kundrik-marek
gs2025-r1	group	skupina C	kundrik-marek	zeliskova-jana	2	0	kundrik-marek
gs2025-r1	group	skupina C	kundrik-marek	stahovec-lukas	0	2	stahovec-lukas
gs2025-r1	group	skupina C	holecek-svetozar	kasana-eduard	2	0	holecek-svetozar
gs2025-r1	group	skupina C	holecek-svetozar	barta-peter	2	1	holecek-svetozar
gs2025-r1	group	skupina C	holecek-svetozar	zeliskova-jana	2	0	holecek-svetozar
gs2025-r1	group	skupina C	holecek-svetozar	stahovec-lukas	2	0	holecek-svetozar
gs2025-r1	group	skupina C	kasana-eduard	barta-peter	2	1	kasana-eduard
gs2025-r1	group	skupina C	kasana-eduard	zeliskova-jana	2	0	kasana-eduard
gs2025-r1	group	skupina C	kasana-eduard	stahovec-lukas	2	1	kasana-eduard
gs2025-r1	group	skupina C	barta-peter	zeliskova-jana	2	0	barta-peter
gs2025-r1	group	skupina C	barta-peter	stahovec-lukas	2	0	barta-peter
gs2025-r1	group	skupina C	zeliskova-jana	stahovec-lukas	2	0	zeliskova-jana
gs2025-r1	group	skupina D	lesundak-david	pastva-ondrej	2	0	lesundak-david
gs2025-r1	group	skupina D	lesundak-david	volcik-pavel	2	1	lesundak-david
gs2025-r1	group	skupina D	lesundak-david	vozar-vladimir	2	0	lesundak-david
gs2025-r1	group	skupina D	lesundak-david	kackos-andrej	2	0	lesundak-david
gs2025-r1	group	skupina D	lesundak-david	pesta-peter	2	0	lesundak-david
gs2025-r1	group	skupina D	lesundak-david	farba-jaroslav	2	0	lesundak-david
gs2025-r1	group	skupina D	pastva-ondrej	volcik-pavel	2	1	pastva-ondrej
gs2025-r1	group	skupina D	pastva-ondrej	vozar-vladimir	2	0	pastva-ondrej
gs2025-r1	group	skupina D	pastva-ondrej	kackos-andrej	2	0	pastva-ondrej
gs2025-r1	group	skupina D	pastva-ondrej	pesta-peter	2	0	pastva-ondrej
gs2025-r1	group	skupina D	pastva-ondrej	farba-jaroslav	2	0	pastva-ondrej
gs2025-r1	group	skupina D	volcik-pavel	vozar-vladimir	2	0	volcik-pavel
gs2025-r1	group	skupina D	volcik-pavel	kackos-andrej	2	0	volcik-pavel
gs2025-r1	group	skupina D	volcik-pavel	pesta-peter	2	0	volcik-pavel
gs2025-r1	group	skupina D	volcik-pavel	farba-jaroslav	2	0	volcik-pavel
gs2025-r1	group	skupina D	vozar-vladimir	kackos-andrej	2	0	vozar-vladimir
gs2025-r1	group	skupina D	vozar-vladimir	pesta-peter	2	1	vozar-vladimir
gs2025-r1	group	skupina D	vozar-vladimir	farba-jaroslav	2	0	vozar-vladimir
gs2025-r1	group	skupina D	kackos-andrej	pesta-peter	2	0	kackos-andrej
gs2025-r1	group	skupina D	kackos-andrej	farba-jaroslav	2	0	kackos-andrej
gs2025-r1	group	skupina D	pesta-peter	farba-jaroslav	2	0	pesta-peter
gs2025-r1	group	skupina E	andras-igor	donoval-lubos	2	1	andras-igor
gs2025-r1	group	skupina E	andras-igor	satka-miroslav	2	0	andras-igor
gs2025-r1	group	skupina E	andras-igor	kundrak-tomas	2	0	andras-igor
gs2025-r1	group	skupina E	andras-igor	liptak-daniel	2	0	andras-igor
gs2025-r1	group	skupina E	andras-igor	misanik-branislav	2	0	andras-igor
gs2025-r1	group	skupina E	andras-igor	mrazkova-viera	2	0	andras-igor
gs2025-r1	group	skupina E	donoval-lubos	satka-miroslav	2	1	donoval-lubos
gs2025-r1	group	skupina E	donoval-lubos	kundrak-tomas	2	1	donoval-lubos
gs2025-r1	group	skupina E	donoval-lubos	liptak-daniel	2	1	donoval-lubos
gs2025-r1	group	skupina E	donoval-lubos	misanik-branislav	2	0	donoval-lubos
gs2025-r1	group	skupina E	donoval-lubos	mrazkova-viera	2	0	donoval-lubos
gs2025-r1	group	skupina E	satka-miroslav	kundrak-tomas	2	1	satka-miroslav
gs2025-r1	group	skupina E	satka-miroslav	liptak-daniel	2	0	satka-miroslav
gs2025-r1	group	skupina E	satka-miroslav	misanik-branislav	2	1	satka-miroslav
gs2025-r1	group	skupina E	satka-miroslav	mrazkova-viera	2	0	satka-miroslav
gs2025-r1	group	skupina E	kundrak-tomas	liptak-daniel	2	0	kundrak-tomas
gs2025-r1	group	skupina E	kundrak-tomas	misanik-branislav	2	0	kundrak-tomas
gs2025-r1	group	skupina E	kundrak-tomas	mrazkova-viera	2	0	kundrak-tomas
gs2025-r1	group	skupina E	liptak-daniel	misanik-branislav	2	0	liptak-daniel
gs2025-r1	group	skupina E	liptak-daniel	mrazkova-viera	2	0	liptak-daniel
gs2025-r1	group	skupina E	misanik-branislav	mrazkova-viera	2	0	misanik-branislav
gs2025-r1	group	skupina F	mocik-tomas	mateasik-dominik	2	0	mocik-tomas
gs2025-r1	group	skupina F	mocik-tomas	hlavati-zdeno	2	0	mocik-tomas
gs2025-r1	group	skupina F	mocik-tomas	hutka-vladimir	2	0	mocik-tomas
gs2025-r1	group	skupina F	mocik-tomas	maglocky-milan	2	1	mocik-tomas
gs2025-r1	group	skupina F	mocik-tomas	lacko-milan	2	0	mocik-tomas
gs2025-r1	group	skupina F	mocik-tomas	sovinec-ladislav	2	0	mocik-tomas
gs2025-r1	group	skupina F	mocik-tomas	nemeckaj-peter	2	0	mocik-tomas
gs2025-r1	group	skupina F	mateasik-dominik	hlavati-zdeno	2	1	mateasik-dominik
gs2025-r1	group	skupina F	mateasik-dominik	hutka-vladimir	2	0	mateasik-dominik
gs2025-r1	group	skupina F	mateasik-dominik	maglocky-milan	2	0	mateasik-dominik
gs2025-r1	group	skupina F	mateasik-dominik	lacko-milan	0	2	lacko-milan
gs2025-r1	group	skupina F	mateasik-dominik	sovinec-ladislav	2	0	mateasik-dominik
gs2025-r1	group	skupina F	mateasik-dominik	nemeckaj-peter	2	0	mateasik-dominik
gs2025-r1	group	skupina F	hlavati-zdeno	hutka-vladimir	2	1	hlavati-zdeno
gs2025-r1	group	skupina F	hlavati-zdeno	maglocky-milan	2	1	hlavati-zdeno
gs2025-r1	group	skupina F	hlavati-zdeno	lacko-milan	2	0	hlavati-zdeno
gs2025-r1	group	skupina F	hlavati-zdeno	sovinec-ladislav	2	0	hlavati-zdeno
gs2025-r1	group	skupina F	hlavati-zdeno	nemeckaj-peter	2	0	hlavati-zdeno
gs2025-r1	group	skupina F	hutka-vladimir	maglocky-milan	2	0	hutka-vladimir
gs2025-r1	group	skupina F	hutka-vladimir	lacko-milan	2	0	hutka-vladimir
gs2025-r1	group	skupina F	hutka-vladimir	sovinec-ladislav	2	0	hutka-vladimir
gs2025-r1	group	skupina F	hutka-vladimir	nemeckaj-peter	2	0	hutka-vladimir
gs2025-r1	group	skupina F	maglocky-milan	lacko-milan	2	0	maglocky-milan
gs2025-r1	group	skupina F	maglocky-milan	sovinec-ladislav	2	0	maglocky-milan
gs2025-r1	group	skupina F	maglocky-milan	nemeckaj-peter	2	0	maglocky-milan
gs2025-r1	group	skupina F	lacko-milan	sovinec-ladislav	2	0	lacko-milan
gs2025-r1	group	skupina F	lacko-milan	nemeckaj-peter	2	0	lacko-milan
gs2025-r1	group	skupina F	sovinec-ladislav	nemeckaj-peter	2	0	sovinec-ladislav
gs2025-r1	group	skupina G	klauco-michal	skyba-marek	2	1	klauco-michal
gs2025-r1	group	skupina G	klauco-michal	valovcan-jaroslav-ml	2	0	klauco-michal
gs2025-r1	group	skupina G	klauco-michal	kulik-samuel	2	0	klauco-michal
gs2025-r1	group	skupina G	klauco-michal	konarik-ladislav	2	0	klauco-michal
gs2025-r1	group	skupina G	klauco-michal	burian-matus	2	0	klauco-michal
gs2025-r1	group	skupina G	klauco-michal	szczeczina-peter	2	0	klauco-michal
gs2025-r1	group	skupina G	klauco-michal	polacek-peter	2	0	klauco-michal
gs2025-r1	group	skupina G	skyba-marek	valovcan-jaroslav-ml	2	0	skyba-marek
gs2025-r1	group	skupina G	skyba-marek	kulik-samuel	2	0	skyba-marek
gs2025-r1	group	skupina G	skyba-marek	konarik-ladislav	2	0	skyba-marek
gs2025-r1	group	skupina G	skyba-marek	burian-matus	2	0	skyba-marek
gs2025-r1	group	skupina G	skyba-marek	szczeczina-peter	2	0	skyba-marek
gs2025-r1	group	skupina G	skyba-marek	polacek-peter	2	0	skyba-marek
gs2025-r1	group	skupina G	valovcan-jaroslav-ml	kulik-samuel	2	0	valovcan-jaroslav-ml
gs2025-r1	group	skupina G	valovcan-jaroslav-ml	konarik-ladislav	2	0	valovcan-jaroslav-ml
gs2025-r1	group	skupina G	valovcan-jaroslav-ml	burian-matus	2	0	valovcan-jaroslav-ml
gs2025-r1	group	skupina G	valovcan-jaroslav-ml	szczeczina-peter	2	0	valovcan-jaroslav-ml
gs2025-r1	group	skupina G	valovcan-jaroslav-ml	polacek-peter	2	0	valovcan-jaroslav-ml
gs2025-r1	group	skupina G	kulik-samuel	konarik-ladislav	2	0	kulik-samuel
gs2025-r1	group	skupina G	kulik-samuel	burian-matus	2	0	kulik-samuel
gs2025-r1	group	skupina G	kulik-samuel	szczeczina-peter	2	0	kulik-samuel
gs2025-r1	group	skupina G	kulik-samuel	polacek-peter	2	1	kulik-samuel
gs2025-r1	group	skupina G	konarik-ladislav	burian-matus	2	1	konarik-ladislav
gs2025-r1	group	skupina G	konarik-ladislav	szczeczina-peter	2	0	konarik-ladislav
gs2025-r1	group	skupina G	konarik-ladislav	polacek-peter	2	0	konarik-ladislav
gs2025-r1	group	skupina G	burian-matus	szczeczina-peter	1	2	szczeczina-peter
gs2025-r1	group	skupina G	burian-matus	polacek-peter	2	0	burian-matus
gs2025-r1	group	skupina G	szczeczina-peter	polacek-peter	1	2	polacek-peter
gs2025-r1	group	skupina H	vanek-richard	szellova-jana	2	1	vanek-richard
gs2025-r1	group	skupina H	vanek-richard	batalik-martin	2	0	vanek-richard
gs2025-r1	group	skupina H	vanek-richard	sidlik-viktor	2	0	vanek-richard
gs2025-r1	group	skupina H	vanek-richard	belosic-dusan	2	0	vanek-richard
gs2025-r1	group	skupina H	vanek-richard	shevchuk-andrii	2	0	vanek-richard
gs2025-r1	group	skupina H	vanek-richard	balaz-marian	2	0	vanek-richard
gs2025-r1	group	skupina H	vanek-richard	popunda-tomas	2	0	vanek-richard
gs2025-r1	group	skupina H	szellova-jana	batalik-martin	2	1	szellova-jana
gs2025-r1	group	skupina H	szellova-jana	sidlik-viktor	1	2	sidlik-viktor
gs2025-r1	group	skupina H	szellova-jana	belosic-dusan	2	0	szellova-jana
gs2025-r1	group	skupina H	szellova-jana	shevchuk-andrii	2	0	szellova-jana
gs2025-r1	group	skupina H	szellova-jana	balaz-marian	2	0	szellova-jana
gs2025-r1	group	skupina H	szellova-jana	popunda-tomas	2	0	szellova-jana
gs2025-r1	group	skupina H	batalik-martin	sidlik-viktor	2	1	batalik-martin
gs2025-r1	group	skupina H	batalik-martin	belosic-dusan	2	0	batalik-martin
gs2025-r1	group	skupina H	batalik-martin	shevchuk-andrii	2	0	batalik-martin
gs2025-r1	group	skupina H	batalik-martin	balaz-marian	2	0	batalik-martin
gs2025-r1	group	skupina H	batalik-martin	popunda-tomas	2	0	batalik-martin
gs2025-r1	group	skupina H	sidlik-viktor	belosic-dusan	2	0	sidlik-viktor
gs2025-r1	group	skupina H	sidlik-viktor	shevchuk-andrii	1	2	shevchuk-andrii
gs2025-r1	group	skupina H	sidlik-viktor	balaz-marian	2	0	sidlik-viktor
gs2025-r1	group	skupina H	sidlik-viktor	popunda-tomas	2	0	sidlik-viktor
gs2025-r1	group	skupina H	belosic-dusan	shevchuk-andrii	2	0	belosic-dusan
gs2025-r1	group	skupina H	belosic-dusan	balaz-marian	2	0	belosic-dusan
gs2025-r1	group	skupina H	belosic-dusan	popunda-tomas	2	0	belosic-dusan
gs2025-r1	group	skupina H	shevchuk-andrii	balaz-marian	2	0	shevchuk-andrii
gs2025-r1	group	skupina H	shevchuk-andrii	popunda-tomas	0	2	popunda-tomas
gs2025-r1	group	skupina H	balaz-marian	popunda-tomas	2	1	balaz-marian
gs2025-r1	group	skupina I	bazalka-zdenek	jerzova-katarina	2	0	bazalka-zdenek
gs2025-r1	group	skupina I	bazalka-zdenek	kmotorka-peter	2	1	bazalka-zdenek
gs2025-r1	group	skupina I	bazalka-zdenek	martinec-david	2	0	bazalka-zdenek
gs2025-r1	group	skupina I	bazalka-zdenek	klauco-emil	2	0	bazalka-zdenek
gs2025-r1	group	skupina I	bazalka-zdenek	zeliska-marian	2	0	bazalka-zdenek
gs2025-r1	group	skupina I	bazalka-zdenek	kozmer-kevin	2	0	bazalka-zdenek
gs2025-r1	group	skupina I	bazalka-zdenek	volek-igor	2	0	bazalka-zdenek
gs2025-r1	group	skupina I	jerzova-katarina	kmotorka-peter	2	1	jerzova-katarina
gs2025-r1	group	skupina I	jerzova-katarina	martinec-david	2	0	jerzova-katarina
gs2025-r1	group	skupina I	jerzova-katarina	klauco-emil	2	0	jerzova-katarina
gs2025-r1	group	skupina I	jerzova-katarina	zeliska-marian	2	0	jerzova-katarina
gs2025-r1	group	skupina I	jerzova-katarina	kozmer-kevin	2	0	jerzova-katarina
gs2025-r1	group	skupina I	jerzova-katarina	volek-igor	2	0	jerzova-katarina
gs2025-r1	group	skupina I	kmotorka-peter	martinec-david	2	0	kmotorka-peter
gs2025-r1	group	skupina I	kmotorka-peter	klauco-emil	2	0	kmotorka-peter
gs2025-r1	group	skupina I	kmotorka-peter	zeliska-marian	2	0	kmotorka-peter
gs2025-r1	group	skupina I	kmotorka-peter	kozmer-kevin	2	0	kmotorka-peter
gs2025-r1	group	skupina I	kmotorka-peter	volek-igor	2	0	kmotorka-peter
gs2025-r1	group	skupina I	martinec-david	klauco-emil	2	1	martinec-david
gs2025-r1	group	skupina I	martinec-david	zeliska-marian	2	0	martinec-david
gs2025-r1	group	skupina I	martinec-david	kozmer-kevin	2	0	martinec-david
gs2025-r1	group	skupina I	martinec-david	volek-igor	1	2	volek-igor
gs2025-r1	group	skupina I	klauco-emil	zeliska-marian	2	0	klauco-emil
gs2025-r1	group	skupina I	klauco-emil	kozmer-kevin	2	1	klauco-emil
gs2025-r1	group	skupina I	klauco-emil	volek-igor	2	0	klauco-emil
gs2025-r1	group	skupina I	zeliska-marian	kozmer-kevin	2	1	zeliska-marian
gs2025-r1	group	skupina I	zeliska-marian	volek-igor	2	1	zeliska-marian
gs2025-r1	group	skupina I	kozmer-kevin	volek-igor	2	0	kozmer-kevin
gs2025-r1	group	skupina J	mitro-adam	gula-karol	2	0	mitro-adam
gs2025-r1	group	skupina J	mitro-adam	palencik-patrik	2	0	mitro-adam
gs2025-r1	group	skupina J	mitro-adam	bujdak-juraj	2	0	mitro-adam
gs2025-r1	group	skupina J	mitro-adam	holan-marek	2	0	mitro-adam
gs2025-r1	group	skupina J	mitro-adam	tvrdon-peter	2	0	mitro-adam
gs2025-r1	group	skupina J	mitro-adam	pavle-marek	2	0	mitro-adam
gs2025-r1	group	skupina J	gula-karol	palencik-patrik	2	1	gula-karol
gs2025-r1	group	skupina J	gula-karol	bujdak-juraj	2	1	gula-karol
gs2025-r1	group	skupina J	gula-karol	holan-marek	0	2	holan-marek
gs2025-r1	group	skupina J	gula-karol	tvrdon-peter	2	0	gula-karol
gs2025-r1	group	skupina J	gula-karol	pavle-marek	2	0	gula-karol
gs2025-r1	group	skupina J	palencik-patrik	bujdak-juraj	2	1	palencik-patrik
gs2025-r1	group	skupina J	palencik-patrik	holan-marek	2	0	palencik-patrik
gs2025-r1	group	skupina J	palencik-patrik	tvrdon-peter	2	0	palencik-patrik
gs2025-r1	group	skupina J	palencik-patrik	pavle-marek	2	0	palencik-patrik
gs2025-r1	group	skupina J	bujdak-juraj	holan-marek	2	1	bujdak-juraj
gs2025-r1	group	skupina J	bujdak-juraj	tvrdon-peter	2	1	bujdak-juraj
gs2025-r1	group	skupina J	bujdak-juraj	pavle-marek	2	0	bujdak-juraj
gs2025-r1	group	skupina J	holan-marek	tvrdon-peter	2	0	holan-marek
gs2025-r1	group	skupina J	holan-marek	pavle-marek	2	0	holan-marek
gs2025-r1	group	skupina J	tvrdon-peter	pavle-marek	2	1	tvrdon-peter
gs2025-r1	group	skupina K	fulop-matej	simko-erik	2	0	fulop-matej
gs2025-r1	group	skupina K	fulop-matej	kratky-vladimir	2	0	fulop-matej
gs2025-r1	group	skupina K	fulop-matej	velisek-miroslav	2	1	fulop-matej
gs2025-r1	group	skupina K	fulop-matej	michalco-martin	2	0	fulop-matej
gs2025-r1	group	skupina K	fulop-matej	zvarik-brano	2	0	fulop-matej
gs2025-r1	group	skupina K	fulop-matej	burianova-nicol	2	0	fulop-matej
gs2025-r1	group	skupina K	simko-erik	kratky-vladimir	2	0	simko-erik
gs2025-r1	group	skupina K	simko-erik	velisek-miroslav	2	0	simko-erik
gs2025-r1	group	skupina K	simko-erik	michalco-martin	0	2	michalco-martin
gs2025-r1	group	skupina K	simko-erik	zvarik-brano	2	0	simko-erik
gs2025-r1	group	skupina K	simko-erik	burianova-nicol	2	0	simko-erik
gs2025-r1	group	skupina K	kratky-vladimir	velisek-miroslav	2	0	kratky-vladimir
gs2025-r1	group	skupina K	kratky-vladimir	michalco-martin	2	1	kratky-vladimir
gs2025-r1	group	skupina K	kratky-vladimir	zvarik-brano	0	2	zvarik-brano
gs2025-r1	group	skupina K	kratky-vladimir	burianova-nicol	2	0	kratky-vladimir
gs2025-r1	group	skupina K	velisek-miroslav	michalco-martin	2	0	velisek-miroslav
gs2025-r1	group	skupina K	velisek-miroslav	zvarik-brano	2	1	velisek-miroslav
gs2025-r1	group	skupina K	velisek-miroslav	burianova-nicol	2	0	velisek-miroslav
gs2025-r1	group	skupina K	michalco-martin	zvarik-brano	2	1	michalco-martin
gs2025-r1	group	skupina K	michalco-martin	burianova-nicol	2	0	michalco-martin
gs2025-r1	group	skupina K	zvarik-brano	burianova-nicol	2	0	zvarik-brano
gs2025-r1	playoff	1. kolo	valovcan-jaroslav-st	sedlacko-frantisek	3	0	valovcan-jaroslav-st
gs2025-r1	playoff	1. kolo	kundrik-marek	kratky-vladimir	1	3	kratky-vladimir
gs2025-r1	playoff	1. kolo	bazalka-zdenek	liptak-daniel	3	0	bazalka-zdenek
gs2025-r1	playoff	1. kolo	mateasik-dominik	sidlik-viktor	3	2	mateasik-dominik
gs2025-r1	playoff	1. kolo	mikula-michal	barta-peter	3	1	mikula-michal
gs2025-r1	playoff	1. kolo	volcik-pavel	srnec-radovan	3	1	volcik-pavel
gs2025-r1	playoff	1. kolo	mitro-adam	maglocky-milan	3	0	mitro-adam
gs2025-r1	playoff	1. kolo	skyba-marek	martinec-david	3	0	skyba-marek
gs2025-r1	playoff	1. kolo	jakubec-peter	zvarik-brano	3	0	jakubec-peter
gs2025-r1	playoff	1. kolo	satka-miroslav	stofej-marian	0	3	stofej-marian
gs2025-r1	playoff	1. kolo	fulop-matej	konarik-ladislav	3	0	fulop-matej
gs2025-r1	playoff	1. kolo	szellova-jana	bujdak-juraj	3	1	szellova-jana
gs2025-r1	playoff	1. kolo	lesundak-david	misanik-branislav	3	0	lesundak-david
gs2025-r1	playoff	1. kolo	hlavati-zdeno	holecek-svetozar	3	0	hlavati-zdeno
gs2025-r1	playoff	1. kolo	sajankova-zuzana	belosic-dusan	3	0	sajankova-zuzana
gs2025-r1	playoff	1. kolo	jerzova-katarina	velisek-miroslav	3	0	jerzova-katarina
gs2025-r1	playoff	1. kolo	andras-igor	lacko-milan	3	0	andras-igor
gs2025-r1	playoff	1. kolo	valovcan-jaroslav-ml	vozar-vladimir	3	2	valovcan-jaroslav-ml
gs2025-r1	playoff	1. kolo	dulay-jan	klauco-emil	3	0	dulay-jan
gs2025-r1	playoff	1. kolo	gula-karol	szolnoki-attila	3	1	gula-karol
gs2025-r1	playoff	1. kolo	mocik-tomas	burian-matus	3	0	mocik-tomas
gs2025-r1	playoff	1. kolo	batalik-martin	kundrak-tomas	0	3	kundrak-tomas
gs2025-r1	playoff	1. kolo	jagrik-stanislav	holan-marek	3	1	jagrik-stanislav
gs2025-r1	playoff	1. kolo	simko-erik	horvath-lubomir	3	0	simko-erik
gs2025-r1	playoff	1. kolo	klauco-michal	shevchuk-andrii	3	0	klauco-michal
gs2025-r1	playoff	1. kolo	kmotorka-peter	hutka-vladimir	2	3	hutka-vladimir
gs2025-r1	playoff	1. kolo	pastva-ondrej	michalco-martin	3	1	pastva-ondrej
gs2025-r1	playoff	1. kolo	laurov-miroslav	kasana-eduard	3	0	laurov-miroslav
gs2025-r1	playoff	1. kolo	vanek-richard	zeliska-marian	3	0	vanek-richard
gs2025-r1	playoff	1. kolo	palencik-patrik	kulik-samuel	3	2	palencik-patrik
gs2025-r1	playoff	1. kolo	donoval-lubos	gubis-jaroslav	3	1	donoval-lubos
gs2025-r1	playoff	1. kolo	klauco-matej	kackos-andrej	3	2	klauco-matej
gs2025-r1	playoff	16-finále	valovcan-jaroslav-st	kratky-vladimir	3	0	valovcan-jaroslav-st
gs2025-r1	playoff	16-finále	bazalka-zdenek	mateasik-dominik	3	1	bazalka-zdenek
gs2025-r1	playoff	16-finále	mikula-michal	volcik-pavel	1	3	volcik-pavel
gs2025-r1	playoff	16-finále	mitro-adam	skyba-marek	3	1	mitro-adam
gs2025-r1	playoff	16-finále	jakubec-peter	stofej-marian	3	0	jakubec-peter
gs2025-r1	playoff	16-finále	fulop-matej	szellova-jana	2	3	szellova-jana
gs2025-r1	playoff	16-finále	lesundak-david	hlavati-zdeno	3	1	lesundak-david
gs2025-r1	playoff	16-finále	sajankova-zuzana	jerzova-katarina	2	3	jerzova-katarina
gs2025-r1	playoff	16-finále	andras-igor	valovcan-jaroslav-ml	3	1	andras-igor
gs2025-r1	playoff	16-finále	dulay-jan	gula-karol	1	3	gula-karol
gs2025-r1	playoff	16-finále	mocik-tomas	kundrak-tomas	2	3	kundrak-tomas
gs2025-r1	playoff	16-finále	jagrik-stanislav	simko-erik	1	3	simko-erik
gs2025-r1	playoff	16-finále	klauco-michal	hutka-vladimir	3	1	klauco-michal
gs2025-r1	playoff	16-finále	pastva-ondrej	laurov-miroslav	0	3	laurov-miroslav
gs2025-r1	playoff	16-finále	vanek-richard	palencik-patrik	3	0	vanek-richard
gs2025-r1	playoff	16-finále	donoval-lubos	klauco-matej	2	3	klauco-matej
gs2025-r1	playoff	osemfinále	valovcan-jaroslav-st	bazalka-zdenek	1	3	bazalka-zdenek
gs2025-r1	playoff	osemfinále	volcik-pavel	mitro-adam	0	3	mitro-adam
gs2025-r1	playoff	osemfinále	jakubec-peter	szellova-jana	3	0	jakubec-peter
gs2025-r1	playoff	osemfinále	lesundak-david	jerzova-katarina	2	3	jerzova-katarina
gs2025-r1	playoff	osemfinále	andras-igor	gula-karol	3	2	andras-igor
gs2025-r1	playoff	osemfinále	kundrak-tomas	simko-erik	1	3	simko-erik
gs2025-r1	playoff	osemfinále	klauco-michal	laurov-miroslav	3	0	klauco-michal
gs2025-r1	playoff	osemfinále	vanek-richard	klauco-matej	3	0	vanek-richard
gs2025-r1	playoff	štvrťfinále	bazalka-zdenek	mitro-adam	2	3	mitro-adam
gs2025-r1	playoff	štvrťfinále	jakubec-peter	jerzova-katarina	3	0	jakubec-peter
gs2025-r1	playoff	štvrťfinále	andras-igor	simko-erik	1	3	simko-erik
gs2025-r1	playoff	štvrťfinále	klauco-michal	vanek-richard	1	3	vanek-richard
gs2025-r1	playoff	semifinále	mitro-adam	jakubec-peter	2	3	jakubec-peter
gs2025-r1	playoff	semifinále	simko-erik	vanek-richard	1	3	vanek-richard
gs2025-r1	playoff	finále	jakubec-peter	vanek-richard	3	1	jakubec-peter
gs2025-r1	playoff	predkolo	sedlacko-frantisek	tvrdon-peter	3	0	sedlacko-frantisek
gs2025-r1	playoff	predkolo	pesta-peter	zvarik-brano	1	3	zvarik-brano
gs2025-r2	group	skupina A	bazalka-zdenek	palencik-patrik	2	0	bazalka-zdenek
gs2025-r2	group	skupina A	bazalka-zdenek	holan-marek	2	0	bazalka-zdenek
gs2025-r2	group	skupina A	bazalka-zdenek	horvath-lubomir	2	0	bazalka-zdenek
gs2025-r2	group	skupina A	bazalka-zdenek	laurov-miroslav	2	0	bazalka-zdenek
gs2025-r2	group	skupina A	bazalka-zdenek	poliak-miroslav	2	0	bazalka-zdenek
gs2025-r2	group	skupina A	bazalka-zdenek	mrazkova-viera	2	0	bazalka-zdenek
gs2025-r2	group	skupina A	palencik-patrik	holan-marek	2	1	palencik-patrik
gs2025-r2	group	skupina A	palencik-patrik	horvath-lubomir	2	0	palencik-patrik
gs2025-r2	group	skupina A	palencik-patrik	laurov-miroslav	2	0	palencik-patrik
gs2025-r2	group	skupina A	palencik-patrik	poliak-miroslav	2	0	palencik-patrik
gs2025-r2	group	skupina A	palencik-patrik	mrazkova-viera	2	0	palencik-patrik
gs2025-r2	group	skupina A	holan-marek	horvath-lubomir	2	1	holan-marek
gs2025-r2	group	skupina A	holan-marek	laurov-miroslav	2	0	holan-marek
gs2025-r2	group	skupina A	holan-marek	poliak-miroslav	2	0	holan-marek
gs2025-r2	group	skupina A	holan-marek	mrazkova-viera	2	0	holan-marek
gs2025-r2	group	skupina A	horvath-lubomir	laurov-miroslav	2	0	horvath-lubomir
gs2025-r2	group	skupina A	horvath-lubomir	poliak-miroslav	2	0	horvath-lubomir
gs2025-r2	group	skupina A	horvath-lubomir	mrazkova-viera	2	0	horvath-lubomir
gs2025-r2	group	skupina A	laurov-miroslav	poliak-miroslav	2	0	laurov-miroslav
gs2025-r2	group	skupina A	laurov-miroslav	mrazkova-viera	2	0	laurov-miroslav
gs2025-r2	group	skupina A	poliak-miroslav	mrazkova-viera	2	0	poliak-miroslav
gs2025-r2	group	skupina B	jakubec-peter	demovic-milos	2	0	jakubec-peter
gs2025-r2	group	skupina B	jakubec-peter	maglocky-milan	2	0	jakubec-peter
gs2025-r2	group	skupina B	jakubec-peter	velisek-miroslav	2	0	jakubec-peter
gs2025-r2	group	skupina B	jakubec-peter	strapina-zdenek	2	0	jakubec-peter
gs2025-r2	group	skupina B	jakubec-peter	pastva-ondrej	2	0	jakubec-peter
gs2025-r2	group	skupina B	jakubec-peter	lacko-milan	2	0	jakubec-peter
gs2025-r2	group	skupina B	jakubec-peter	polacek-peter	2	0	jakubec-peter
gs2025-r2	group	skupina B	demovic-milos	maglocky-milan	2	1	demovic-milos
gs2025-r2	group	skupina B	demovic-milos	velisek-miroslav	2	0	demovic-milos
gs2025-r2	group	skupina B	demovic-milos	strapina-zdenek	0	2	strapina-zdenek
gs2025-r2	group	skupina B	demovic-milos	pastva-ondrej	2	0	demovic-milos
gs2025-r2	group	skupina B	demovic-milos	lacko-milan	2	0	demovic-milos
gs2025-r2	group	skupina B	demovic-milos	polacek-peter	2	0	demovic-milos
gs2025-r2	group	skupina B	maglocky-milan	velisek-miroslav	2	0	maglocky-milan
gs2025-r2	group	skupina B	maglocky-milan	strapina-zdenek	2	1	maglocky-milan
gs2025-r2	group	skupina B	maglocky-milan	pastva-ondrej	2	1	maglocky-milan
gs2025-r2	group	skupina B	maglocky-milan	lacko-milan	2	1	maglocky-milan
gs2025-r2	group	skupina B	maglocky-milan	polacek-peter	2	0	maglocky-milan
gs2025-r2	group	skupina B	velisek-miroslav	strapina-zdenek	2	1	velisek-miroslav
gs2025-r2	group	skupina B	velisek-miroslav	pastva-ondrej	2	1	velisek-miroslav
gs2025-r2	group	skupina B	velisek-miroslav	lacko-milan	2	1	velisek-miroslav
gs2025-r2	group	skupina B	velisek-miroslav	polacek-peter	2	0	velisek-miroslav
gs2025-r2	group	skupina B	strapina-zdenek	pastva-ondrej	2	1	strapina-zdenek
gs2025-r2	group	skupina B	strapina-zdenek	lacko-milan	2	1	strapina-zdenek
gs2025-r2	group	skupina B	strapina-zdenek	polacek-peter	2	0	strapina-zdenek
gs2025-r2	group	skupina B	pastva-ondrej	lacko-milan	2	1	pastva-ondrej
gs2025-r2	group	skupina B	pastva-ondrej	polacek-peter	2	0	pastva-ondrej
gs2025-r2	group	skupina B	lacko-milan	polacek-peter	2	0	lacko-milan
gs2025-r2	group	skupina C	kravcak-milan	szellova-jana	2	1	kravcak-milan
gs2025-r2	group	skupina C	kravcak-milan	dulay-jan	0	2	dulay-jan
gs2025-r2	group	skupina C	kravcak-milan	volcik-pavel	2	0	kravcak-milan
gs2025-r2	group	skupina C	kravcak-milan	misanik-branislav	2	1	kravcak-milan
gs2025-r2	group	skupina C	kravcak-milan	martinec-david	2	0	kravcak-milan
gs2025-r2	group	skupina C	kravcak-milan	kozmer-kevin	2	0	kravcak-milan
gs2025-r2	group	skupina C	szellova-jana	dulay-jan	2	0	szellova-jana
gs2025-r2	group	skupina C	szellova-jana	volcik-pavel	2	1	szellova-jana
gs2025-r2	group	skupina C	szellova-jana	misanik-branislav	2	1	szellova-jana
gs2025-r2	group	skupina C	szellova-jana	martinec-david	2	0	szellova-jana
gs2025-r2	group	skupina C	szellova-jana	kozmer-kevin	2	0	szellova-jana
gs2025-r2	group	skupina C	dulay-jan	volcik-pavel	2	0	dulay-jan
gs2025-r2	group	skupina C	dulay-jan	misanik-branislav	0	2	misanik-branislav
gs2025-r2	group	skupina C	dulay-jan	martinec-david	2	0	dulay-jan
gs2025-r2	group	skupina C	dulay-jan	kozmer-kevin	2	0	dulay-jan
gs2025-r2	group	skupina C	volcik-pavel	misanik-branislav	2	0	volcik-pavel
gs2025-r2	group	skupina C	volcik-pavel	martinec-david	2	0	volcik-pavel
gs2025-r2	group	skupina C	volcik-pavel	kozmer-kevin	2	0	volcik-pavel
gs2025-r2	group	skupina C	misanik-branislav	martinec-david	2	1	misanik-branislav
gs2025-r2	group	skupina C	misanik-branislav	kozmer-kevin	2	1	misanik-branislav
gs2025-r2	group	skupina C	martinec-david	kozmer-kevin	2	0	martinec-david
gs2025-r2	group	skupina D	donoval-lubos	hutka-vladimir	2	1	donoval-lubos
gs2025-r2	group	skupina D	donoval-lubos	bujdak-juraj	2	1	donoval-lubos
gs2025-r2	group	skupina D	donoval-lubos	lesundak-david	2	0	donoval-lubos
gs2025-r2	group	skupina D	donoval-lubos	liptak-daniel	2	0	donoval-lubos
gs2025-r2	group	skupina D	donoval-lubos	tvrdon-peter	2	0	donoval-lubos
gs2025-r2	group	skupina D	donoval-lubos	volek-igor	2	1	donoval-lubos
gs2025-r2	group	skupina D	donoval-lubos	dubova-maria	2	0	donoval-lubos
gs2025-r2	group	skupina D	hutka-vladimir	bujdak-juraj	1	2	bujdak-juraj
gs2025-r2	group	skupina D	hutka-vladimir	lesundak-david	2	1	hutka-vladimir
gs2025-r2	group	skupina D	hutka-vladimir	liptak-daniel	2	0	hutka-vladimir
gs2025-r2	group	skupina D	hutka-vladimir	tvrdon-peter	2	0	hutka-vladimir
gs2025-r2	group	skupina D	hutka-vladimir	volek-igor	2	0	hutka-vladimir
gs2025-r2	group	skupina D	hutka-vladimir	dubova-maria	2	0	hutka-vladimir
gs2025-r2	group	skupina D	bujdak-juraj	lesundak-david	1	2	lesundak-david
gs2025-r2	group	skupina D	bujdak-juraj	liptak-daniel	2	1	bujdak-juraj
gs2025-r2	group	skupina D	bujdak-juraj	tvrdon-peter	2	0	bujdak-juraj
gs2025-r2	group	skupina D	bujdak-juraj	volek-igor	2	0	bujdak-juraj
gs2025-r2	group	skupina D	bujdak-juraj	dubova-maria	2	0	bujdak-juraj
gs2025-r2	group	skupina D	lesundak-david	liptak-daniel	2	0	lesundak-david
gs2025-r2	group	skupina D	lesundak-david	tvrdon-peter	2	0	lesundak-david
gs2025-r2	group	skupina D	lesundak-david	volek-igor	2	0	lesundak-david
gs2025-r2	group	skupina D	lesundak-david	dubova-maria	2	0	lesundak-david
gs2025-r2	group	skupina D	liptak-daniel	tvrdon-peter	2	0	liptak-daniel
gs2025-r2	group	skupina D	liptak-daniel	volek-igor	2	0	liptak-daniel
gs2025-r2	group	skupina D	liptak-daniel	dubova-maria	2	0	liptak-daniel
gs2025-r2	group	skupina D	tvrdon-peter	volek-igor	2	1	tvrdon-peter
gs2025-r2	group	skupina D	tvrdon-peter	dubova-maria	2	0	tvrdon-peter
gs2025-r2	group	skupina D	volek-igor	dubova-maria	2	0	volek-igor
gs2025-r2	group	skupina E	vanek-richard	mocik-tomas	2	1	vanek-richard
gs2025-r2	group	skupina E	vanek-richard	jagrik-stanislav	2	0	vanek-richard
gs2025-r2	group	skupina E	vanek-richard	petrak-jozef	2	0	vanek-richard
gs2025-r2	group	skupina E	vanek-richard	bitarovska-dagmar	2	0	vanek-richard
gs2025-r2	group	skupina E	vanek-richard	klauco-emil	2	0	vanek-richard
gs2025-r2	group	skupina E	vanek-richard	pavle-marek	2	0	vanek-richard
gs2025-r2	group	skupina E	mocik-tomas	jagrik-stanislav	2	0	mocik-tomas
gs2025-r2	group	skupina E	mocik-tomas	petrak-jozef	2	0	mocik-tomas
gs2025-r2	group	skupina E	mocik-tomas	bitarovska-dagmar	2	0	mocik-tomas
gs2025-r2	group	skupina E	mocik-tomas	klauco-emil	2	0	mocik-tomas
gs2025-r2	group	skupina E	mocik-tomas	pavle-marek	2	0	mocik-tomas
gs2025-r2	group	skupina E	jagrik-stanislav	petrak-jozef	2	1	jagrik-stanislav
gs2025-r2	group	skupina E	jagrik-stanislav	bitarovska-dagmar	2	0	jagrik-stanislav
gs2025-r2	group	skupina E	jagrik-stanislav	klauco-emil	0	2	klauco-emil
gs2025-r2	group	skupina E	jagrik-stanislav	pavle-marek	2	0	jagrik-stanislav
gs2025-r2	group	skupina E	petrak-jozef	bitarovska-dagmar	2	0	petrak-jozef
gs2025-r2	group	skupina E	petrak-jozef	klauco-emil	1	2	klauco-emil
gs2025-r2	group	skupina E	petrak-jozef	pavle-marek	2	1	petrak-jozef
gs2025-r2	group	skupina E	bitarovska-dagmar	klauco-emil	2	0	bitarovska-dagmar
gs2025-r2	group	skupina E	bitarovska-dagmar	pavle-marek	2	0	bitarovska-dagmar
gs2025-r2	group	skupina E	klauco-emil	pavle-marek	0	2	pavle-marek
gs2025-r2	group	skupina F	fulop-matej	biacko-ivan	2	0	fulop-matej
gs2025-r2	group	skupina F	fulop-matej	batalik-martin	2	1	fulop-matej
gs2025-r2	group	skupina F	fulop-matej	kundrik-marek	2	1	fulop-matej
gs2025-r2	group	skupina F	fulop-matej	vozar-vladimir	2	1	fulop-matej
gs2025-r2	group	skupina F	fulop-matej	kubalcova-xenia	2	0	fulop-matej
gs2025-r2	group	skupina F	fulop-matej	bacinsky-vasil	2	0	fulop-matej
gs2025-r2	group	skupina F	biacko-ivan	batalik-martin	2	1	biacko-ivan
gs2025-r2	group	skupina F	biacko-ivan	kundrik-marek	2	0	biacko-ivan
gs2025-r2	group	skupina F	biacko-ivan	vozar-vladimir	1	2	vozar-vladimir
gs2025-r2	group	skupina F	biacko-ivan	kubalcova-xenia	2	0	biacko-ivan
gs2025-r2	group	skupina F	biacko-ivan	bacinsky-vasil	2	0	biacko-ivan
gs2025-r2	group	skupina F	batalik-martin	kundrik-marek	2	0	batalik-martin
gs2025-r2	group	skupina F	batalik-martin	vozar-vladimir	1	2	vozar-vladimir
gs2025-r2	group	skupina F	batalik-martin	kubalcova-xenia	2	0	batalik-martin
gs2025-r2	group	skupina F	batalik-martin	bacinsky-vasil	2	0	batalik-martin
gs2025-r2	group	skupina F	kundrik-marek	vozar-vladimir	2	0	kundrik-marek
gs2025-r2	group	skupina F	kundrik-marek	kubalcova-xenia	2	0	kundrik-marek
gs2025-r2	group	skupina F	kundrik-marek	bacinsky-vasil	2	0	kundrik-marek
gs2025-r2	group	skupina F	vozar-vladimir	kubalcova-xenia	0	2	kubalcova-xenia
gs2025-r2	group	skupina F	vozar-vladimir	bacinsky-vasil	2	0	vozar-vladimir
gs2025-r2	group	skupina F	kubalcova-xenia	bacinsky-vasil	2	0	kubalcova-xenia
gs2025-r2	group	skupina G	sajankova-zuzana	andras-igor	2	1	sajankova-zuzana
gs2025-r2	group	skupina G	sajankova-zuzana	burtnyj-sergej	2	0	sajankova-zuzana
gs2025-r2	group	skupina G	sajankova-zuzana	hlavati-zdeno	2	0	sajankova-zuzana
gs2025-r2	group	skupina G	sajankova-zuzana	kackos-andrej	2	0	sajankova-zuzana
gs2025-r2	group	skupina G	sajankova-zuzana	martincova-katarina	2	0	sajankova-zuzana
gs2025-r2	group	skupina G	sajankova-zuzana	popunda-tomas	2	0	sajankova-zuzana
gs2025-r2	group	skupina G	sajankova-zuzana	turza-milan	2	0	sajankova-zuzana
gs2025-r2	group	skupina G	andras-igor	burtnyj-sergej	2	0	andras-igor
gs2025-r2	group	skupina G	andras-igor	hlavati-zdeno	2	0	andras-igor
gs2025-r2	group	skupina G	andras-igor	kackos-andrej	2	0	andras-igor
gs2025-r2	group	skupina G	andras-igor	martincova-katarina	2	0	andras-igor
gs2025-r2	group	skupina G	andras-igor	popunda-tomas	2	0	andras-igor
gs2025-r2	group	skupina G	andras-igor	turza-milan	2	0	andras-igor
gs2025-r2	group	skupina G	burtnyj-sergej	hlavati-zdeno	2	0	burtnyj-sergej
gs2025-r2	group	skupina G	burtnyj-sergej	kackos-andrej	0	2	kackos-andrej
gs2025-r2	group	skupina G	burtnyj-sergej	martincova-katarina	2	0	burtnyj-sergej
gs2025-r2	group	skupina G	burtnyj-sergej	popunda-tomas	2	1	burtnyj-sergej
gs2025-r2	group	skupina G	burtnyj-sergej	turza-milan	2	0	burtnyj-sergej
gs2025-r2	group	skupina G	hlavati-zdeno	kackos-andrej	2	0	hlavati-zdeno
gs2025-r2	group	skupina G	hlavati-zdeno	martincova-katarina	2	0	hlavati-zdeno
gs2025-r2	group	skupina G	hlavati-zdeno	popunda-tomas	2	1	hlavati-zdeno
gs2025-r2	group	skupina G	hlavati-zdeno	turza-milan	2	1	hlavati-zdeno
gs2025-r2	group	skupina G	kackos-andrej	martincova-katarina	1	2	martincova-katarina
gs2025-r2	group	skupina G	kackos-andrej	popunda-tomas	2	0	kackos-andrej
gs2025-r2	group	skupina G	kackos-andrej	turza-milan	2	0	kackos-andrej
gs2025-r2	group	skupina G	martincova-katarina	popunda-tomas	2	1	martincova-katarina
gs2025-r2	group	skupina G	martincova-katarina	turza-milan	1	2	turza-milan
gs2025-r2	group	skupina G	popunda-tomas	turza-milan	2	0	popunda-tomas
gs2025-r2	group	skupina H	gros-pavol	valovcan-jaroslav-ml	2	0	gros-pavol
gs2025-r2	group	skupina H	gros-pavol	gula-karol	2	0	gros-pavol
gs2025-r2	group	skupina H	gros-pavol	holecek-svetozar	2	1	gros-pavol
gs2025-r2	group	skupina H	gros-pavol	balon-lubos	2	0	gros-pavol
gs2025-r2	group	skupina H	gros-pavol	ziska-vladimir	2	0	gros-pavol
gs2025-r2	group	skupina H	gros-pavol	czocher-mikulas	2	0	gros-pavol
gs2025-r2	group	skupina H	valovcan-jaroslav-ml	gula-karol	2	1	valovcan-jaroslav-ml
gs2025-r2	group	skupina H	valovcan-jaroslav-ml	holecek-svetozar	2	1	valovcan-jaroslav-ml
gs2025-r2	group	skupina H	valovcan-jaroslav-ml	balon-lubos	2	0	valovcan-jaroslav-ml
gs2025-r2	group	skupina H	valovcan-jaroslav-ml	ziska-vladimir	2	1	valovcan-jaroslav-ml
gs2025-r2	group	skupina H	valovcan-jaroslav-ml	czocher-mikulas	2	0	valovcan-jaroslav-ml
gs2025-r2	group	skupina H	gula-karol	holecek-svetozar	2	0	gula-karol
gs2025-r2	group	skupina H	gula-karol	balon-lubos	2	0	gula-karol
gs2025-r2	group	skupina H	gula-karol	ziska-vladimir	1	2	ziska-vladimir
gs2025-r2	group	skupina H	gula-karol	czocher-mikulas	2	0	gula-karol
gs2025-r2	group	skupina H	holecek-svetozar	balon-lubos	2	0	holecek-svetozar
gs2025-r2	group	skupina H	holecek-svetozar	ziska-vladimir	2	0	holecek-svetozar
gs2025-r2	group	skupina H	holecek-svetozar	czocher-mikulas	2	0	holecek-svetozar
gs2025-r2	group	skupina H	balon-lubos	ziska-vladimir	2	1	balon-lubos
gs2025-r2	group	skupina H	balon-lubos	czocher-mikulas	2	0	balon-lubos
gs2025-r2	group	skupina H	ziska-vladimir	czocher-mikulas	2	1	ziska-vladimir
gs2025-r2	group	skupina I	klauco-michal	skyba-marek	2	1	klauco-michal
gs2025-r2	group	skupina I	klauco-michal	kulik-samuel	2	1	klauco-michal
gs2025-r2	group	skupina I	klauco-michal	kratky-vladimir	2	0	klauco-michal
gs2025-r2	group	skupina I	klauco-michal	satka-miroslav	2	0	klauco-michal
gs2025-r2	group	skupina I	klauco-michal	bittner-peter	2	0	klauco-michal
gs2025-r2	group	skupina I	klauco-michal	krajnak-miroslav	2	0	klauco-michal
gs2025-r2	group	skupina I	skyba-marek	kulik-samuel	2	1	skyba-marek
gs2025-r2	group	skupina I	skyba-marek	kratky-vladimir	2	0	skyba-marek
gs2025-r2	group	skupina I	skyba-marek	satka-miroslav	2	0	skyba-marek
gs2025-r2	group	skupina I	skyba-marek	bittner-peter	2	0	skyba-marek
gs2025-r2	group	skupina I	skyba-marek	krajnak-miroslav	2	0	skyba-marek
gs2025-r2	group	skupina I	kulik-samuel	kratky-vladimir	2	1	kulik-samuel
gs2025-r2	group	skupina I	kulik-samuel	satka-miroslav	1	2	satka-miroslav
gs2025-r2	group	skupina I	kulik-samuel	bittner-peter	2	0	kulik-samuel
gs2025-r2	group	skupina I	kulik-samuel	krajnak-miroslav	2	1	kulik-samuel
gs2025-r2	group	skupina I	kratky-vladimir	satka-miroslav	2	1	kratky-vladimir
gs2025-r2	group	skupina I	kratky-vladimir	bittner-peter	2	0	kratky-vladimir
gs2025-r2	group	skupina I	kratky-vladimir	krajnak-miroslav	2	0	kratky-vladimir
gs2025-r2	group	skupina I	satka-miroslav	bittner-peter	2	0	satka-miroslav
gs2025-r2	group	skupina I	satka-miroslav	krajnak-miroslav	2	0	satka-miroslav
gs2025-r2	group	skupina I	bittner-peter	krajnak-miroslav	2	1	bittner-peter
gs2025-r2	group	skupina J	valovcan-jaroslav-st	klauco-matej	2	0	valovcan-jaroslav-st
gs2025-r2	group	skupina J	valovcan-jaroslav-st	sidlik-viktor	2	0	valovcan-jaroslav-st
gs2025-r2	group	skupina J	valovcan-jaroslav-st	fikar-miroslav	2	0	valovcan-jaroslav-st
gs2025-r2	group	skupina J	valovcan-jaroslav-st	belosic-dusan	2	1	valovcan-jaroslav-st
gs2025-r2	group	skupina J	valovcan-jaroslav-st	prykhodko-maksym	2	0	valovcan-jaroslav-st
gs2025-r2	group	skupina J	valovcan-jaroslav-st	pesta-peter	2	0	valovcan-jaroslav-st
gs2025-r2	group	skupina J	klauco-matej	sidlik-viktor	2	0	klauco-matej
gs2025-r2	group	skupina J	klauco-matej	fikar-miroslav	2	0	klauco-matej
gs2025-r2	group	skupina J	klauco-matej	belosic-dusan	2	0	klauco-matej
gs2025-r2	group	skupina J	klauco-matej	prykhodko-maksym	2	0	klauco-matej
gs2025-r2	group	skupina J	klauco-matej	pesta-peter	2	0	klauco-matej
gs2025-r2	group	skupina J	sidlik-viktor	fikar-miroslav	2	0	sidlik-viktor
gs2025-r2	group	skupina J	sidlik-viktor	belosic-dusan	2	0	sidlik-viktor
gs2025-r2	group	skupina J	sidlik-viktor	prykhodko-maksym	2	1	sidlik-viktor
gs2025-r2	group	skupina J	sidlik-viktor	pesta-peter	2	0	sidlik-viktor
gs2025-r2	group	skupina J	fikar-miroslav	belosic-dusan	2	0	fikar-miroslav
gs2025-r2	group	skupina J	fikar-miroslav	prykhodko-maksym	2	0	fikar-miroslav
gs2025-r2	group	skupina J	fikar-miroslav	pesta-peter	2	0	fikar-miroslav
gs2025-r2	group	skupina J	belosic-dusan	prykhodko-maksym	2	0	belosic-dusan
gs2025-r2	group	skupina J	belosic-dusan	pesta-peter	2	0	belosic-dusan
gs2025-r2	group	skupina J	prykhodko-maksym	pesta-peter	2	0	prykhodko-maksym
gs2025-r2	group	skupina K	jerzova-katarina	mikula-michal	2	0	jerzova-katarina
gs2025-r2	group	skupina K	jerzova-katarina	caro-pavol	2	0	jerzova-katarina
gs2025-r2	group	skupina K	jerzova-katarina	porubcan-zdenko	2	1	jerzova-katarina
gs2025-r2	group	skupina K	jerzova-katarina	konarik-ladislav	2	0	jerzova-katarina
gs2025-r2	group	skupina K	jerzova-katarina	molitorisova-lenka	2	0	jerzova-katarina
gs2025-r2	group	skupina K	jerzova-katarina	babic-adam	2	0	jerzova-katarina
gs2025-r2	group	skupina K	jerzova-katarina	kubinova-dorka	2	0	jerzova-katarina
gs2025-r2	group	skupina K	mikula-michal	caro-pavol	2	1	mikula-michal
gs2025-r2	group	skupina K	mikula-michal	porubcan-zdenko	2	1	mikula-michal
gs2025-r2	group	skupina K	mikula-michal	konarik-ladislav	2	1	mikula-michal
gs2025-r2	group	skupina K	mikula-michal	molitorisova-lenka	2	0	mikula-michal
gs2025-r2	group	skupina K	mikula-michal	babic-adam	2	0	mikula-michal
gs2025-r2	group	skupina K	mikula-michal	kubinova-dorka	2	0	mikula-michal
gs2025-r2	group	skupina K	caro-pavol	porubcan-zdenko	2	1	caro-pavol
gs2025-r2	group	skupina K	caro-pavol	konarik-ladislav	2	0	caro-pavol
gs2025-r2	group	skupina K	caro-pavol	molitorisova-lenka	2	1	caro-pavol
gs2025-r2	group	skupina K	caro-pavol	babic-adam	2	0	caro-pavol
gs2025-r2	group	skupina K	caro-pavol	kubinova-dorka	2	0	caro-pavol
gs2025-r2	group	skupina K	porubcan-zdenko	konarik-ladislav	2	1	porubcan-zdenko
gs2025-r2	group	skupina K	porubcan-zdenko	molitorisova-lenka	2	0	porubcan-zdenko
gs2025-r2	group	skupina K	porubcan-zdenko	babic-adam	1	2	babic-adam
gs2025-r2	group	skupina K	porubcan-zdenko	kubinova-dorka	2	0	porubcan-zdenko
gs2025-r2	group	skupina K	konarik-ladislav	molitorisova-lenka	2	1	konarik-ladislav
gs2025-r2	group	skupina K	konarik-ladislav	babic-adam	2	0	konarik-ladislav
gs2025-r2	group	skupina K	konarik-ladislav	kubinova-dorka	2	0	konarik-ladislav
gs2025-r2	group	skupina K	molitorisova-lenka	babic-adam	2	0	molitorisova-lenka
gs2025-r2	group	skupina K	molitorisova-lenka	kubinova-dorka	2	0	molitorisova-lenka
gs2025-r2	group	skupina K	babic-adam	kubinova-dorka	2	0	babic-adam
gs2025-r2	playoff	predkolo	martinec-david	prykhodko-maksym	0	3	prykhodko-maksym
gs2025-r2	playoff	predkolo	klauco-emil	molitorisova-lenka	3	1	klauco-emil
gs2025-r2	playoff	1. kolo	bazalka-zdenek	pastva-ondrej	3	0	bazalka-zdenek
gs2025-r2	playoff	1. kolo	dulay-jan	caro-pavol	3	1	dulay-jan
gs2025-r2	playoff	1. kolo	klauco-michal	bitarovska-dagmar	3	0	klauco-michal
gs2025-r2	playoff	1. kolo	biacko-ivan	holecek-svetozar	3	0	biacko-ivan
gs2025-r2	playoff	1. kolo	jakubec-peter	prykhodko-maksym	3	1	jakubec-peter
gs2025-r2	playoff	1. kolo	bujdak-juraj	horvath-lubomir	1	3	horvath-lubomir
gs2025-r2	playoff	1. kolo	valovcan-jaroslav-st	vozar-vladimir	3	1	valovcan-jaroslav-st
gs2025-r2	playoff	1. kolo	andras-igor	kratky-vladimir	1	3	kratky-vladimir
gs2025-r2	playoff	1. kolo	kravcak-milan	tvrdon-peter	3	0	kravcak-milan
gs2025-r2	playoff	1. kolo	jagrik-stanislav	velisek-miroslav	3	1	jagrik-stanislav
gs2025-r2	playoff	1. kolo	jerzova-katarina	kackos-andrej	3	0	jerzova-katarina
gs2025-r2	playoff	1. kolo	fikar-miroslav	valovcan-jaroslav-ml	3	1	fikar-miroslav
gs2025-r2	playoff	1. kolo	donoval-lubos	klauco-emil	3	1	donoval-lubos
gs2025-r2	playoff	1. kolo	batalik-martin	volcik-pavel	2	3	volcik-pavel
gs2025-r2	playoff	1. kolo	palencik-patrik	balon-lubos	3	0	palencik-patrik
gs2025-r2	playoff	1. kolo	skyba-marek	porubcan-zdenko	3	0	skyba-marek
gs2025-r2	playoff	1. kolo	vanek-richard	kubalcova-xenia	3	1	vanek-richard
gs2025-r2	playoff	1. kolo	burtnyj-sergej	lesundak-david	1	3	lesundak-david
gs2025-r2	playoff	1. kolo	demovic-milos	satka-miroslav	2	3	satka-miroslav
gs2025-r2	playoff	1. kolo	klauco-matej	laurov-miroslav	3	0	klauco-matej
gs2025-r2	playoff	1. kolo	fulop-matej	martincova-katarina	3	2	fulop-matej
gs2025-r2	playoff	1. kolo	gula-karol	petrak-jozef	3	0	gula-karol
gs2025-r2	playoff	1. kolo	szellova-jana	belosic-dusan	3	0	szellova-jana
gs2025-r2	playoff	1. kolo	mikula-michal	strapina-zdenek	3	1	mikula-michal
gs2025-r2	playoff	1. kolo	sajankova-zuzana	ziska-vladimir	3	1	sajankova-zuzana
gs2025-r2	playoff	1. kolo	kulik-samuel	kundrik-marek	3	2	kulik-samuel
gs2025-r2	playoff	1. kolo	hutka-vladimir	konarik-ladislav	3	0	hutka-vladimir
gs2025-r2	playoff	1. kolo	holan-marek	misanik-branislav	3	0	holan-marek
gs2025-r2	playoff	1. kolo	gros-pavol	bittner-peter	3	0	gros-pavol
gs2025-r2	playoff	1. kolo	sidlik-viktor	hlavati-zdeno	0	3	hlavati-zdeno
gs2025-r2	playoff	1. kolo	mocik-tomas	poliak-miroslav	3	0	mocik-tomas
gs2025-r2	playoff	1. kolo	maglocky-milan	liptak-daniel	3	1	maglocky-milan
gs2025-r2	playoff	16-finále	bazalka-zdenek	dulay-jan	3	1	bazalka-zdenek
gs2025-r2	playoff	16-finále	klauco-michal	biacko-ivan	2	3	biacko-ivan
gs2025-r2	playoff	16-finále	jakubec-peter	horvath-lubomir	3	0	jakubec-peter
gs2025-r2	playoff	16-finále	valovcan-jaroslav-st	kratky-vladimir	3	0	valovcan-jaroslav-st
gs2025-r2	playoff	16-finále	kravcak-milan	jagrik-stanislav	0	3	jagrik-stanislav
gs2025-r2	playoff	16-finále	jerzova-katarina	fikar-miroslav	3	0	jerzova-katarina
gs2025-r2	playoff	16-finále	donoval-lubos	volcik-pavel	0	3	volcik-pavel
gs2025-r2	playoff	16-finále	palencik-patrik	skyba-marek	0	3	skyba-marek
gs2025-r2	playoff	16-finále	vanek-richard	lesundak-david	3	0	vanek-richard
gs2025-r2	playoff	16-finále	satka-miroslav	klauco-matej	1	3	klauco-matej
gs2025-r2	playoff	16-finále	fulop-matej	gula-karol	3	2	fulop-matej
gs2025-r2	playoff	16-finále	szellova-jana	mikula-michal	0	3	mikula-michal
gs2025-r2	playoff	16-finále	sajankova-zuzana	kulik-samuel	3	2	sajankova-zuzana
gs2025-r2	playoff	16-finále	hutka-vladimir	holan-marek	3	0	hutka-vladimir
gs2025-r2	playoff	16-finále	gros-pavol	hlavati-zdeno	3	0	gros-pavol
gs2025-r2	playoff	16-finále	mocik-tomas	maglocky-milan	3	0	mocik-tomas
gs2025-r2	playoff	osemfinále	bazalka-zdenek	biacko-ivan	3	0	bazalka-zdenek
gs2025-r2	playoff	osemfinále	jakubec-peter	valovcan-jaroslav-st	3	0	jakubec-peter
gs2025-r2	playoff	osemfinále	jagrik-stanislav	jerzova-katarina	0	3	jerzova-katarina
gs2025-r2	playoff	osemfinále	volcik-pavel	skyba-marek	1	3	skyba-marek
gs2025-r2	playoff	osemfinále	vanek-richard	klauco-matej	3	1	vanek-richard
gs2025-r2	playoff	osemfinále	fulop-matej	mikula-michal	3	0	fulop-matej
gs2025-r2	playoff	osemfinále	sajankova-zuzana	hutka-vladimir	3	1	sajankova-zuzana
gs2025-r2	playoff	osemfinále	gros-pavol	mocik-tomas	3	2	gros-pavol
gs2025-r2	playoff	štvrťfinále	bazalka-zdenek	jakubec-peter	0	3	jakubec-peter
gs2025-r2	playoff	štvrťfinále	jerzova-katarina	skyba-marek	0	3	skyba-marek
gs2025-r2	playoff	štvrťfinále	vanek-richard	fulop-matej	3	0	vanek-richard
gs2025-r2	playoff	štvrťfinále	sajankova-zuzana	gros-pavol	1	3	gros-pavol
gs2025-r2	playoff	semifinále	jakubec-peter	skyba-marek	3	0	jakubec-peter
gs2025-r2	playoff	semifinále	vanek-richard	gros-pavol	1	3	gros-pavol
gs2025-r2	playoff	finále	jakubec-peter	gros-pavol	3	1	jakubec-peter
gs2025-r3	group	skupina A	stepunek-milan	marekovicova-silvia	2	1	stepunek-milan
gs2025-r3	group	skupina A	stepunek-milan	takacs-tamas	2	0	stepunek-milan
gs2025-r3	group	skupina A	stepunek-milan	liptak-daniel	2	0	stepunek-milan
gs2025-r3	group	skupina A	stepunek-milan	konarik-ladislav	2	0	stepunek-milan
gs2025-r3	group	skupina A	stepunek-milan	galas-jan	2	1	stepunek-milan
gs2025-r3	group	skupina A	stepunek-milan	vozar-vladimir	2	1	stepunek-milan
gs2025-r3	group	skupina A	stepunek-milan	virsik-zdeno	2	0	stepunek-milan
gs2025-r3	group	skupina A	stepunek-milan	gallo-viliam	2	0	stepunek-milan
gs2025-r3	group	skupina A	marekovicova-silvia	takacs-tamas	2	0	marekovicova-silvia
gs2025-r3	group	skupina A	marekovicova-silvia	liptak-daniel	2	0	marekovicova-silvia
gs2025-r3	group	skupina A	marekovicova-silvia	konarik-ladislav	2	0	marekovicova-silvia
gs2025-r3	group	skupina A	marekovicova-silvia	galas-jan	2	1	marekovicova-silvia
gs2025-r3	group	skupina A	marekovicova-silvia	vozar-vladimir	2	0	marekovicova-silvia
gs2025-r3	group	skupina A	marekovicova-silvia	virsik-zdeno	2	0	marekovicova-silvia
gs2025-r3	group	skupina A	marekovicova-silvia	gallo-viliam	2	0	marekovicova-silvia
gs2025-r3	group	skupina A	takacs-tamas	liptak-daniel	2	0	takacs-tamas
gs2025-r3	group	skupina A	takacs-tamas	konarik-ladislav	2	0	takacs-tamas
gs2025-r3	group	skupina A	takacs-tamas	galas-jan	2	1	takacs-tamas
gs2025-r3	group	skupina A	takacs-tamas	vozar-vladimir	2	0	takacs-tamas
gs2025-r3	group	skupina A	takacs-tamas	virsik-zdeno	2	0	takacs-tamas
gs2025-r3	group	skupina A	takacs-tamas	gallo-viliam	2	0	takacs-tamas
gs2025-r3	group	skupina A	liptak-daniel	konarik-ladislav	2	0	liptak-daniel
gs2025-r3	group	skupina A	liptak-daniel	galas-jan	2	0	liptak-daniel
gs2025-r3	group	skupina A	liptak-daniel	vozar-vladimir	1	2	vozar-vladimir
gs2025-r3	group	skupina A	liptak-daniel	virsik-zdeno	2	0	liptak-daniel
gs2025-r3	group	skupina A	liptak-daniel	gallo-viliam	2	1	liptak-daniel
gs2025-r3	group	skupina A	konarik-ladislav	galas-jan	2	0	konarik-ladislav
gs2025-r3	group	skupina A	konarik-ladislav	vozar-vladimir	2	0	konarik-ladislav
gs2025-r3	group	skupina A	konarik-ladislav	virsik-zdeno	2	0	konarik-ladislav
gs2025-r3	group	skupina A	konarik-ladislav	gallo-viliam	0	2	gallo-viliam
gs2025-r3	group	skupina A	galas-jan	vozar-vladimir	2	1	galas-jan
gs2025-r3	group	skupina A	galas-jan	virsik-zdeno	2	0	galas-jan
gs2025-r3	group	skupina A	galas-jan	gallo-viliam	2	0	galas-jan
gs2025-r3	group	skupina A	vozar-vladimir	virsik-zdeno	2	0	vozar-vladimir
gs2025-r3	group	skupina A	vozar-vladimir	gallo-viliam	2	1	vozar-vladimir
gs2025-r3	group	skupina A	virsik-zdeno	gallo-viliam	2	1	virsik-zdeno
gs2025-r3	group	skupina B	sajankova-zuzana	biacko-ivan	2	0	sajankova-zuzana
gs2025-r3	group	skupina B	sajankova-zuzana	maglocky-milan	2	1	sajankova-zuzana
gs2025-r3	group	skupina B	sajankova-zuzana	caro-pavol	2	0	sajankova-zuzana
gs2025-r3	group	skupina B	sajankova-zuzana	kackos-andrej	2	0	sajankova-zuzana
gs2025-r3	group	skupina B	sajankova-zuzana	jagrik-stanislav	2	0	sajankova-zuzana
gs2025-r3	group	skupina B	sajankova-zuzana	kamenska-helena	2	0	sajankova-zuzana
gs2025-r3	group	skupina B	sajankova-zuzana	kunyi-filip	2	0	sajankova-zuzana
gs2025-r3	group	skupina B	sajankova-zuzana	viecha-boris	2	0	sajankova-zuzana
gs2025-r3	group	skupina B	biacko-ivan	maglocky-milan	2	0	biacko-ivan
gs2025-r3	group	skupina B	biacko-ivan	caro-pavol	2	1	biacko-ivan
gs2025-r3	group	skupina B	biacko-ivan	kackos-andrej	2	0	biacko-ivan
gs2025-r3	group	skupina B	biacko-ivan	jagrik-stanislav	2	1	biacko-ivan
gs2025-r3	group	skupina B	biacko-ivan	kamenska-helena	2	0	biacko-ivan
gs2025-r3	group	skupina B	biacko-ivan	kunyi-filip	2	0	biacko-ivan
gs2025-r3	group	skupina B	biacko-ivan	viecha-boris	2	0	biacko-ivan
gs2025-r3	group	skupina B	maglocky-milan	caro-pavol	2	0	maglocky-milan
gs2025-r3	group	skupina B	maglocky-milan	kackos-andrej	2	1	maglocky-milan
gs2025-r3	group	skupina B	maglocky-milan	jagrik-stanislav	2	0	maglocky-milan
gs2025-r3	group	skupina B	maglocky-milan	kamenska-helena	2	0	maglocky-milan
gs2025-r3	group	skupina B	maglocky-milan	kunyi-filip	2	0	maglocky-milan
gs2025-r3	group	skupina B	maglocky-milan	viecha-boris	2	0	maglocky-milan
gs2025-r3	group	skupina B	caro-pavol	kackos-andrej	2	0	caro-pavol
gs2025-r3	group	skupina B	caro-pavol	jagrik-stanislav	2	0	caro-pavol
gs2025-r3	group	skupina B	caro-pavol	kamenska-helena	2	0	caro-pavol
gs2025-r3	group	skupina B	caro-pavol	kunyi-filip	2	0	caro-pavol
gs2025-r3	group	skupina B	caro-pavol	viecha-boris	2	0	caro-pavol
gs2025-r3	group	skupina B	kackos-andrej	jagrik-stanislav	2	0	kackos-andrej
gs2025-r3	group	skupina B	kackos-andrej	kamenska-helena	2	0	kackos-andrej
gs2025-r3	group	skupina B	kackos-andrej	kunyi-filip	2	0	kackos-andrej
gs2025-r3	group	skupina B	kackos-andrej	viecha-boris	2	0	kackos-andrej
gs2025-r3	group	skupina B	jagrik-stanislav	kamenska-helena	2	0	jagrik-stanislav
gs2025-r3	group	skupina B	jagrik-stanislav	kunyi-filip	2	0	jagrik-stanislav
gs2025-r3	group	skupina B	jagrik-stanislav	viecha-boris	2	0	jagrik-stanislav
gs2025-r3	group	skupina B	kamenska-helena	kunyi-filip	2	1	kamenska-helena
gs2025-r3	group	skupina B	kamenska-helena	viecha-boris	2	1	kamenska-helena
gs2025-r3	group	skupina B	kunyi-filip	viecha-boris	2	0	kunyi-filip
gs2025-r3	group	skupina C	mitro-adam	bulak-roman	2	0	mitro-adam
gs2025-r3	group	skupina C	mitro-adam	holecek-svetozar	2	0	mitro-adam
gs2025-r3	group	skupina C	mitro-adam	danylyev-oleksandr	2	0	mitro-adam
gs2025-r3	group	skupina C	mitro-adam	gula-karol	2	0	mitro-adam
gs2025-r3	group	skupina C	mitro-adam	petrak-jozef	2	0	mitro-adam
gs2025-r3	group	skupina C	mitro-adam	zolvik-miroslav-st	2	0	mitro-adam
gs2025-r3	group	skupina C	mitro-adam	martinec-david	2	0	mitro-adam
gs2025-r3	group	skupina C	mitro-adam	dubova-maria	2	0	mitro-adam
gs2025-r3	group	skupina C	bulak-roman	holecek-svetozar	2	0	bulak-roman
gs2025-r3	group	skupina C	bulak-roman	danylyev-oleksandr	2	1	bulak-roman
gs2025-r3	group	skupina C	bulak-roman	gula-karol	0	2	gula-karol
gs2025-r3	group	skupina C	bulak-roman	petrak-jozef	2	1	bulak-roman
gs2025-r3	group	skupina C	bulak-roman	zolvik-miroslav-st	2	1	bulak-roman
gs2025-r3	group	skupina C	bulak-roman	martinec-david	2	0	bulak-roman
gs2025-r3	group	skupina C	bulak-roman	dubova-maria	2	0	bulak-roman
gs2025-r3	group	skupina C	holecek-svetozar	danylyev-oleksandr	2	1	holecek-svetozar
gs2025-r3	group	skupina C	holecek-svetozar	gula-karol	2	1	holecek-svetozar
gs2025-r3	group	skupina C	holecek-svetozar	petrak-jozef	2	0	holecek-svetozar
gs2025-r3	group	skupina C	holecek-svetozar	zolvik-miroslav-st	2	0	holecek-svetozar
gs2025-r3	group	skupina C	holecek-svetozar	martinec-david	2	0	holecek-svetozar
gs2025-r3	group	skupina C	holecek-svetozar	dubova-maria	2	0	holecek-svetozar
gs2025-r3	group	skupina C	danylyev-oleksandr	gula-karol	2	1	danylyev-oleksandr
gs2025-r3	group	skupina C	danylyev-oleksandr	petrak-jozef	2	0	danylyev-oleksandr
gs2025-r3	group	skupina C	danylyev-oleksandr	zolvik-miroslav-st	2	0	danylyev-oleksandr
gs2025-r3	group	skupina C	danylyev-oleksandr	martinec-david	2	0	danylyev-oleksandr
gs2025-r3	group	skupina C	danylyev-oleksandr	dubova-maria	2	0	danylyev-oleksandr
gs2025-r3	group	skupina C	gula-karol	petrak-jozef	2	0	gula-karol
gs2025-r3	group	skupina C	gula-karol	zolvik-miroslav-st	2	0	gula-karol
gs2025-r3	group	skupina C	gula-karol	martinec-david	2	0	gula-karol
gs2025-r3	group	skupina C	gula-karol	dubova-maria	2	0	gula-karol
gs2025-r3	group	skupina C	petrak-jozef	zolvik-miroslav-st	2	0	petrak-jozef
gs2025-r3	group	skupina C	petrak-jozef	martinec-david	2	1	petrak-jozef
gs2025-r3	group	skupina C	petrak-jozef	dubova-maria	2	0	petrak-jozef
gs2025-r3	group	skupina C	zolvik-miroslav-st	martinec-david	2	0	zolvik-miroslav-st
gs2025-r3	group	skupina C	zolvik-miroslav-st	dubova-maria	2	0	zolvik-miroslav-st
gs2025-r3	group	skupina C	martinec-david	dubova-maria	2	0	martinec-david
gs2025-r3	group	skupina D	klauco-michal	kundrak-tomas	2	1	klauco-michal
gs2025-r3	group	skupina D	klauco-michal	hlavati-zdeno	2	0	klauco-michal
gs2025-r3	group	skupina D	klauco-michal	snopek-dominik	2	0	klauco-michal
gs2025-r3	group	skupina D	klauco-michal	markulik-jaroslav	2	0	klauco-michal
gs2025-r3	group	skupina D	klauco-michal	czocher-mikulas	2	0	klauco-michal
gs2025-r3	group	skupina D	klauco-michal	ziska-vladimir	2	0	klauco-michal
gs2025-r3	group	skupina D	klauco-michal	laurov-miroslav	2	0	klauco-michal
gs2025-r3	group	skupina D	klauco-michal	zolvik-miroslav-ml	2	0	klauco-michal
gs2025-r3	group	skupina D	kundrak-tomas	hlavati-zdeno	2	0	kundrak-tomas
gs2025-r3	group	skupina D	kundrak-tomas	snopek-dominik	2	0	kundrak-tomas
gs2025-r3	group	skupina D	kundrak-tomas	markulik-jaroslav	2	0	kundrak-tomas
gs2025-r3	group	skupina D	kundrak-tomas	czocher-mikulas	2	0	kundrak-tomas
gs2025-r3	group	skupina D	kundrak-tomas	ziska-vladimir	2	0	kundrak-tomas
gs2025-r3	group	skupina D	kundrak-tomas	laurov-miroslav	2	0	kundrak-tomas
gs2025-r3	group	skupina D	kundrak-tomas	zolvik-miroslav-ml	2	0	kundrak-tomas
gs2025-r3	group	skupina D	hlavati-zdeno	snopek-dominik	2	0	hlavati-zdeno
gs2025-r3	group	skupina D	hlavati-zdeno	markulik-jaroslav	2	0	hlavati-zdeno
gs2025-r3	group	skupina D	hlavati-zdeno	czocher-mikulas	2	1	hlavati-zdeno
gs2025-r3	group	skupina D	hlavati-zdeno	ziska-vladimir	2	1	hlavati-zdeno
gs2025-r3	group	skupina D	hlavati-zdeno	laurov-miroslav	2	0	hlavati-zdeno
gs2025-r3	group	skupina D	hlavati-zdeno	zolvik-miroslav-ml	2	0	hlavati-zdeno
gs2025-r3	group	skupina D	snopek-dominik	markulik-jaroslav	2	1	snopek-dominik
gs2025-r3	group	skupina D	snopek-dominik	czocher-mikulas	0	2	czocher-mikulas
gs2025-r3	group	skupina D	snopek-dominik	ziska-vladimir	2	1	snopek-dominik
gs2025-r3	group	skupina D	snopek-dominik	laurov-miroslav	2	0	snopek-dominik
gs2025-r3	group	skupina D	snopek-dominik	zolvik-miroslav-ml	2	0	snopek-dominik
gs2025-r3	group	skupina D	markulik-jaroslav	czocher-mikulas	2	0	markulik-jaroslav
gs2025-r3	group	skupina D	markulik-jaroslav	ziska-vladimir	2	1	markulik-jaroslav
gs2025-r3	group	skupina D	markulik-jaroslav	laurov-miroslav	2	1	markulik-jaroslav
gs2025-r3	group	skupina D	markulik-jaroslav	zolvik-miroslav-ml	2	0	markulik-jaroslav
gs2025-r3	group	skupina D	czocher-mikulas	ziska-vladimir	0	2	ziska-vladimir
gs2025-r3	group	skupina D	czocher-mikulas	laurov-miroslav	2	1	czocher-mikulas
gs2025-r3	group	skupina D	czocher-mikulas	zolvik-miroslav-ml	2	0	czocher-mikulas
gs2025-r3	group	skupina D	ziska-vladimir	laurov-miroslav	2	0	ziska-vladimir
gs2025-r3	group	skupina D	ziska-vladimir	zolvik-miroslav-ml	1	2	zolvik-miroslav-ml
gs2025-r3	group	skupina D	laurov-miroslav	zolvik-miroslav-ml	2	0	laurov-miroslav
gs2025-r3	group	skupina E	racek-stanislav	stofej-marian	2	1	racek-stanislav
gs2025-r3	group	skupina E	racek-stanislav	volcik-pavel	2	0	racek-stanislav
gs2025-r3	group	skupina E	racek-stanislav	durisin-martin	2	0	racek-stanislav
gs2025-r3	group	skupina E	racek-stanislav	pastva-ondrej	2	0	racek-stanislav
gs2025-r3	group	skupina E	racek-stanislav	cebik-mario	2	0	racek-stanislav
gs2025-r3	group	skupina E	racek-stanislav	danylyev-viktor	2	0	racek-stanislav
gs2025-r3	group	skupina E	racek-stanislav	poliak-miroslav	2	0	racek-stanislav
gs2025-r3	group	skupina E	racek-stanislav	pesta-peter	2	0	racek-stanislav
gs2025-r3	group	skupina E	racek-stanislav	mrazkova-viera	2	0	racek-stanislav
gs2025-r3	group	skupina E	stofej-marian	volcik-pavel	2	1	stofej-marian
gs2025-r3	group	skupina E	stofej-marian	durisin-martin	2	1	stofej-marian
gs2025-r3	group	skupina E	stofej-marian	pastva-ondrej	2	0	stofej-marian
gs2025-r3	group	skupina E	stofej-marian	cebik-mario	2	0	stofej-marian
gs2025-r3	group	skupina E	stofej-marian	danylyev-viktor	2	0	stofej-marian
gs2025-r3	group	skupina E	stofej-marian	poliak-miroslav	2	0	stofej-marian
gs2025-r3	group	skupina E	stofej-marian	pesta-peter	2	0	stofej-marian
gs2025-r3	group	skupina E	stofej-marian	mrazkova-viera	2	0	stofej-marian
gs2025-r3	group	skupina E	volcik-pavel	durisin-martin	2	0	volcik-pavel
gs2025-r3	group	skupina E	volcik-pavel	pastva-ondrej	0	2	pastva-ondrej
gs2025-r3	group	skupina E	volcik-pavel	cebik-mario	2	0	volcik-pavel
gs2025-r3	group	skupina E	volcik-pavel	danylyev-viktor	2	0	volcik-pavel
gs2025-r3	group	skupina E	volcik-pavel	poliak-miroslav	2	0	volcik-pavel
gs2025-r3	group	skupina E	volcik-pavel	pesta-peter	2	0	volcik-pavel
gs2025-r3	group	skupina E	volcik-pavel	mrazkova-viera	2	0	volcik-pavel
gs2025-r3	group	skupina E	durisin-martin	pastva-ondrej	2	1	durisin-martin
gs2025-r3	group	skupina E	durisin-martin	cebik-mario	2	0	durisin-martin
gs2025-r3	group	skupina E	durisin-martin	danylyev-viktor	2	0	durisin-martin
gs2025-r3	group	skupina E	durisin-martin	poliak-miroslav	2	0	durisin-martin
gs2025-r3	group	skupina E	durisin-martin	pesta-peter	2	0	durisin-martin
gs2025-r3	group	skupina E	durisin-martin	mrazkova-viera	2	0	durisin-martin
gs2025-r3	group	skupina E	pastva-ondrej	cebik-mario	2	0	pastva-ondrej
gs2025-r3	group	skupina E	pastva-ondrej	danylyev-viktor	2	0	pastva-ondrej
gs2025-r3	group	skupina E	pastva-ondrej	poliak-miroslav	0	2	poliak-miroslav
gs2025-r3	group	skupina E	pastva-ondrej	pesta-peter	2	0	pastva-ondrej
gs2025-r3	group	skupina E	pastva-ondrej	mrazkova-viera	2	0	pastva-ondrej
gs2025-r3	group	skupina E	cebik-mario	danylyev-viktor	2	0	cebik-mario
gs2025-r3	group	skupina E	cebik-mario	poliak-miroslav	2	0	cebik-mario
gs2025-r3	group	skupina E	cebik-mario	pesta-peter	0	2	pesta-peter
gs2025-r3	group	skupina E	cebik-mario	mrazkova-viera	2	0	cebik-mario
gs2025-r3	group	skupina E	danylyev-viktor	poliak-miroslav	2	0	danylyev-viktor
gs2025-r3	group	skupina E	danylyev-viktor	pesta-peter	2	1	danylyev-viktor
gs2025-r3	group	skupina E	danylyev-viktor	mrazkova-viera	2	0	danylyev-viktor
gs2025-r3	group	skupina E	poliak-miroslav	pesta-peter	2	1	poliak-miroslav
gs2025-r3	group	skupina E	poliak-miroslav	mrazkova-viera	2	0	poliak-miroslav
gs2025-r3	group	skupina E	pesta-peter	mrazkova-viera	2	1	pesta-peter
gs2025-r3	group	skupina F	sidlik-viktor	palencik-patrik	2	1	sidlik-viktor
gs2025-r3	group	skupina F	sidlik-viktor	fulop-matej	0	2	fulop-matej
gs2025-r3	group	skupina F	sidlik-viktor	kubalcova-xenia	2	1	sidlik-viktor
gs2025-r3	group	skupina F	sidlik-viktor	turza-milan	2	0	sidlik-viktor
gs2025-r3	group	skupina F	sidlik-viktor	bujdak-juraj	2	1	sidlik-viktor
gs2025-r3	group	skupina F	sidlik-viktor	pajbach-michal	2	0	sidlik-viktor
gs2025-r3	group	skupina F	sidlik-viktor	schultz-marek	2	0	sidlik-viktor
gs2025-r3	group	skupina F	sidlik-viktor	koys-andrej	2	0	sidlik-viktor
gs2025-r3	group	skupina F	palencik-patrik	fulop-matej	2	1	palencik-patrik
gs2025-r3	group	skupina F	palencik-patrik	kubalcova-xenia	2	0	palencik-patrik
gs2025-r3	group	skupina F	palencik-patrik	turza-milan	2	0	palencik-patrik
gs2025-r3	group	skupina F	palencik-patrik	bujdak-juraj	2	1	palencik-patrik
gs2025-r3	group	skupina F	palencik-patrik	pajbach-michal	2	0	palencik-patrik
gs2025-r3	group	skupina F	palencik-patrik	schultz-marek	2	0	palencik-patrik
gs2025-r3	group	skupina F	palencik-patrik	koys-andrej	2	0	palencik-patrik
gs2025-r3	group	skupina F	fulop-matej	kubalcova-xenia	2	0	fulop-matej
gs2025-r3	group	skupina F	fulop-matej	turza-milan	1	2	turza-milan
gs2025-r3	group	skupina F	fulop-matej	bujdak-juraj	2	0	fulop-matej
gs2025-r3	group	skupina F	fulop-matej	pajbach-michal	2	0	fulop-matej
gs2025-r3	group	skupina F	fulop-matej	schultz-marek	2	0	fulop-matej
gs2025-r3	group	skupina F	fulop-matej	koys-andrej	2	0	fulop-matej
gs2025-r3	group	skupina F	kubalcova-xenia	turza-milan	1	2	turza-milan
gs2025-r3	group	skupina F	kubalcova-xenia	bujdak-juraj	2	0	kubalcova-xenia
gs2025-r3	group	skupina F	kubalcova-xenia	pajbach-michal	2	1	kubalcova-xenia
gs2025-r3	group	skupina F	kubalcova-xenia	schultz-marek	2	0	kubalcova-xenia
gs2025-r3	group	skupina F	kubalcova-xenia	koys-andrej	2	0	kubalcova-xenia
gs2025-r3	group	skupina F	turza-milan	bujdak-juraj	1	2	bujdak-juraj
gs2025-r3	group	skupina F	turza-milan	pajbach-michal	1	2	pajbach-michal
gs2025-r3	group	skupina F	turza-milan	schultz-marek	2	0	turza-milan
gs2025-r3	group	skupina F	turza-milan	koys-andrej	2	0	turza-milan
gs2025-r3	group	skupina F	bujdak-juraj	pajbach-michal	2	0	bujdak-juraj
gs2025-r3	group	skupina F	bujdak-juraj	schultz-marek	2	0	bujdak-juraj
gs2025-r3	group	skupina F	bujdak-juraj	koys-andrej	2	0	bujdak-juraj
gs2025-r3	group	skupina F	pajbach-michal	schultz-marek	2	0	pajbach-michal
gs2025-r3	group	skupina F	pajbach-michal	koys-andrej	2	0	pajbach-michal
gs2025-r3	group	skupina F	schultz-marek	koys-andrej	2	0	schultz-marek
gs2025-r3	group	skupina G	lesundak-david	dulay-jan	2	0	lesundak-david
gs2025-r3	group	skupina G	lesundak-david	klauco-matej	2	0	lesundak-david
gs2025-r3	group	skupina G	lesundak-david	srnec-radovan	2	0	lesundak-david
gs2025-r3	group	skupina G	lesundak-david	vyskoc-roman	2	0	lesundak-david
gs2025-r3	group	skupina G	lesundak-david	prykhodko-maksym	2	1	lesundak-david
gs2025-r3	group	skupina G	lesundak-david	kunyi-stefan	2	0	lesundak-david
gs2025-r3	group	skupina G	lesundak-david	pavle-marek	2	0	lesundak-david
gs2025-r3	group	skupina G	lesundak-david	capkovic-milan	2	1	lesundak-david
gs2025-r3	group	skupina G	lesundak-david	dragula-marek	2	0	lesundak-david
gs2025-r3	group	skupina G	dulay-jan	klauco-matej	2	0	dulay-jan
gs2025-r3	group	skupina G	dulay-jan	srnec-radovan	2	1	dulay-jan
gs2025-r3	group	skupina G	dulay-jan	vyskoc-roman	2	1	dulay-jan
gs2025-r3	group	skupina G	dulay-jan	prykhodko-maksym	2	0	dulay-jan
gs2025-r3	group	skupina G	dulay-jan	kunyi-stefan	2	0	dulay-jan
gs2025-r3	group	skupina G	dulay-jan	pavle-marek	2	0	dulay-jan
gs2025-r3	group	skupina G	dulay-jan	capkovic-milan	2	1	dulay-jan
gs2025-r3	group	skupina G	dulay-jan	dragula-marek	2	0	dulay-jan
gs2025-r3	group	skupina G	klauco-matej	srnec-radovan	2	1	klauco-matej
gs2025-r3	group	skupina G	klauco-matej	vyskoc-roman	2	0	klauco-matej
gs2025-r3	group	skupina G	klauco-matej	prykhodko-maksym	2	1	klauco-matej
gs2025-r3	group	skupina G	klauco-matej	kunyi-stefan	2	0	klauco-matej
gs2025-r3	group	skupina G	klauco-matej	pavle-marek	2	0	klauco-matej
gs2025-r3	group	skupina G	klauco-matej	capkovic-milan	2	0	klauco-matej
gs2025-r3	group	skupina G	klauco-matej	dragula-marek	2	0	klauco-matej
gs2025-r3	group	skupina G	srnec-radovan	vyskoc-roman	2	0	srnec-radovan
gs2025-r3	group	skupina G	srnec-radovan	prykhodko-maksym	1	2	prykhodko-maksym
gs2025-r3	group	skupina G	srnec-radovan	kunyi-stefan	2	0	srnec-radovan
gs2025-r3	group	skupina G	srnec-radovan	pavle-marek	2	0	srnec-radovan
gs2025-r3	group	skupina G	srnec-radovan	capkovic-milan	2	0	srnec-radovan
gs2025-r3	group	skupina G	srnec-radovan	dragula-marek	2	0	srnec-radovan
gs2025-r3	group	skupina G	vyskoc-roman	prykhodko-maksym	2	0	vyskoc-roman
gs2025-r3	group	skupina G	vyskoc-roman	kunyi-stefan	2	0	vyskoc-roman
gs2025-r3	group	skupina G	vyskoc-roman	pavle-marek	2	0	vyskoc-roman
gs2025-r3	group	skupina G	vyskoc-roman	capkovic-milan	2	0	vyskoc-roman
gs2025-r3	group	skupina G	vyskoc-roman	dragula-marek	2	0	vyskoc-roman
gs2025-r3	group	skupina G	prykhodko-maksym	kunyi-stefan	2	0	prykhodko-maksym
gs2025-r3	group	skupina G	prykhodko-maksym	pavle-marek	2	0	prykhodko-maksym
gs2025-r3	group	skupina G	prykhodko-maksym	capkovic-milan	2	0	prykhodko-maksym
gs2025-r3	group	skupina G	prykhodko-maksym	dragula-marek	2	0	prykhodko-maksym
gs2025-r3	group	skupina G	kunyi-stefan	pavle-marek	2	1	kunyi-stefan
gs2025-r3	group	skupina G	kunyi-stefan	capkovic-milan	2	1	kunyi-stefan
gs2025-r3	group	skupina G	kunyi-stefan	dragula-marek	2	0	kunyi-stefan
gs2025-r3	group	skupina G	pavle-marek	capkovic-milan	2	0	pavle-marek
gs2025-r3	group	skupina G	pavle-marek	dragula-marek	2	0	pavle-marek
gs2025-r3	group	skupina G	capkovic-milan	dragula-marek	2	0	capkovic-milan
gs2025-r3	group	skupina H	skyba-marek	satka-miroslav	2	1	skyba-marek
gs2025-r3	group	skupina H	skyba-marek	suranovsky-martin	2	1	skyba-marek
gs2025-r3	group	skupina H	skyba-marek	lacko-milan	2	0	skyba-marek
gs2025-r3	group	skupina H	skyba-marek	bojtos-roland	2	0	skyba-marek
gs2025-r3	group	skupina H	skyba-marek	snopek-miroslav	2	0	skyba-marek
gs2025-r3	group	skupina H	skyba-marek	sedlacek-michal	2	0	skyba-marek
gs2025-r3	group	skupina H	skyba-marek	lukacek-julian	2	0	skyba-marek
gs2025-r3	group	skupina H	skyba-marek	kubinova-dorka	2	0	skyba-marek
gs2025-r3	group	skupina H	skyba-marek	takacs-stefan	2	0	skyba-marek
gs2025-r3	group	skupina H	satka-miroslav	suranovsky-martin	2	0	satka-miroslav
gs2025-r3	group	skupina H	satka-miroslav	lacko-milan	2	0	satka-miroslav
gs2025-r3	group	skupina H	satka-miroslav	bojtos-roland	2	0	satka-miroslav
gs2025-r3	group	skupina H	satka-miroslav	snopek-miroslav	0	2	snopek-miroslav
gs2025-r3	group	skupina H	satka-miroslav	sedlacek-michal	2	0	satka-miroslav
gs2025-r3	group	skupina H	satka-miroslav	lukacek-julian	2	1	satka-miroslav
gs2025-r3	group	skupina H	satka-miroslav	kubinova-dorka	2	0	satka-miroslav
gs2025-r3	group	skupina H	satka-miroslav	takacs-stefan	2	0	satka-miroslav
gs2025-r3	group	skupina H	suranovsky-martin	lacko-milan	2	1	suranovsky-martin
gs2025-r3	group	skupina H	suranovsky-martin	bojtos-roland	2	1	suranovsky-martin
gs2025-r3	group	skupina H	suranovsky-martin	snopek-miroslav	2	1	suranovsky-martin
gs2025-r3	group	skupina H	suranovsky-martin	sedlacek-michal	2	1	suranovsky-martin
gs2025-r3	group	skupina H	suranovsky-martin	lukacek-julian	2	1	suranovsky-martin
gs2025-r3	group	skupina H	suranovsky-martin	kubinova-dorka	2	0	suranovsky-martin
gs2025-r3	group	skupina H	suranovsky-martin	takacs-stefan	2	0	suranovsky-martin
gs2025-r3	group	skupina H	lacko-milan	bojtos-roland	2	1	lacko-milan
gs2025-r3	group	skupina H	lacko-milan	snopek-miroslav	2	1	lacko-milan
gs2025-r3	group	skupina H	lacko-milan	sedlacek-michal	0	2	sedlacek-michal
gs2025-r3	group	skupina H	lacko-milan	lukacek-julian	2	0	lacko-milan
gs2025-r3	group	skupina H	lacko-milan	kubinova-dorka	2	0	lacko-milan
gs2025-r3	group	skupina H	lacko-milan	takacs-stefan	2	0	lacko-milan
gs2025-r3	group	skupina H	bojtos-roland	snopek-miroslav	2	0	bojtos-roland
gs2025-r3	group	skupina H	bojtos-roland	sedlacek-michal	2	0	bojtos-roland
gs2025-r3	group	skupina H	bojtos-roland	lukacek-julian	2	0	bojtos-roland
gs2025-r3	group	skupina H	bojtos-roland	kubinova-dorka	2	0	bojtos-roland
gs2025-r3	group	skupina H	bojtos-roland	takacs-stefan	2	0	bojtos-roland
gs2025-r3	group	skupina H	snopek-miroslav	sedlacek-michal	2	1	snopek-miroslav
gs2025-r3	group	skupina H	snopek-miroslav	lukacek-julian	1	2	lukacek-julian
gs2025-r3	group	skupina H	snopek-miroslav	kubinova-dorka	2	0	snopek-miroslav
gs2025-r3	group	skupina H	snopek-miroslav	takacs-stefan	2	0	snopek-miroslav
gs2025-r3	group	skupina H	sedlacek-michal	lukacek-julian	2	1	sedlacek-michal
gs2025-r3	group	skupina H	sedlacek-michal	kubinova-dorka	2	0	sedlacek-michal
gs2025-r3	group	skupina H	sedlacek-michal	takacs-stefan	2	0	sedlacek-michal
gs2025-r3	group	skupina H	lukacek-julian	kubinova-dorka	2	0	lukacek-julian
gs2025-r3	group	skupina H	lukacek-julian	takacs-stefan	2	0	lukacek-julian
gs2025-r3	group	skupina H	kubinova-dorka	takacs-stefan	2	0	kubinova-dorka
gs2025-r3	group	skupina I	jakubec-martin	valent-marian	2	0	jakubec-martin
gs2025-r3	group	skupina I	jakubec-martin	kuran-sviatoslav	2	0	jakubec-martin
gs2025-r3	group	skupina I	jakubec-martin	barta-peter	2	0	jakubec-martin
gs2025-r3	group	skupina I	jakubec-martin	kulik-samuel	2	0	jakubec-martin
gs2025-r3	group	skupina I	jakubec-martin	holan-marek	2	0	jakubec-martin
gs2025-r3	group	skupina I	jakubec-martin	sedlacko-frantisek	2	0	jakubec-martin
gs2025-r3	group	skupina I	jakubec-martin	kozmer-kevin	2	0	jakubec-martin
gs2025-r3	group	skupina I	jakubec-martin	sramko-michal	2	0	jakubec-martin
gs2025-r3	group	skupina I	valent-marian	kuran-sviatoslav	1	2	kuran-sviatoslav
gs2025-r3	group	skupina I	valent-marian	barta-peter	2	1	valent-marian
gs2025-r3	group	skupina I	valent-marian	kulik-samuel	2	0	valent-marian
gs2025-r3	group	skupina I	valent-marian	holan-marek	2	1	valent-marian
gs2025-r3	group	skupina I	valent-marian	sedlacko-frantisek	2	0	valent-marian
gs2025-r3	group	skupina I	valent-marian	kozmer-kevin	2	0	valent-marian
gs2025-r3	group	skupina I	valent-marian	sramko-michal	2	0	valent-marian
gs2025-r3	group	skupina I	kuran-sviatoslav	barta-peter	0	2	barta-peter
gs2025-r3	group	skupina I	kuran-sviatoslav	kulik-samuel	2	1	kuran-sviatoslav
gs2025-r3	group	skupina I	kuran-sviatoslav	holan-marek	0	2	holan-marek
gs2025-r3	group	skupina I	kuran-sviatoslav	sedlacko-frantisek	2	0	kuran-sviatoslav
gs2025-r3	group	skupina I	kuran-sviatoslav	kozmer-kevin	2	0	kuran-sviatoslav
gs2025-r3	group	skupina I	kuran-sviatoslav	sramko-michal	2	0	kuran-sviatoslav
gs2025-r3	group	skupina I	barta-peter	kulik-samuel	2	1	barta-peter
gs2025-r3	group	skupina I	barta-peter	holan-marek	2	1	barta-peter
gs2025-r3	group	skupina I	barta-peter	sedlacko-frantisek	0	2	sedlacko-frantisek
gs2025-r3	group	skupina I	barta-peter	kozmer-kevin	1	2	kozmer-kevin
gs2025-r3	group	skupina I	barta-peter	sramko-michal	2	0	barta-peter
gs2025-r3	group	skupina I	kulik-samuel	holan-marek	2	0	kulik-samuel
gs2025-r3	group	skupina I	kulik-samuel	sedlacko-frantisek	2	0	kulik-samuel
gs2025-r3	group	skupina I	kulik-samuel	kozmer-kevin	2	0	kulik-samuel
gs2025-r3	group	skupina I	kulik-samuel	sramko-michal	2	0	kulik-samuel
gs2025-r3	group	skupina I	holan-marek	sedlacko-frantisek	2	1	holan-marek
gs2025-r3	group	skupina I	holan-marek	kozmer-kevin	2	0	holan-marek
gs2025-r3	group	skupina I	holan-marek	sramko-michal	2	0	holan-marek
gs2025-r3	group	skupina I	sedlacko-frantisek	kozmer-kevin	2	1	sedlacko-frantisek
gs2025-r3	group	skupina I	sedlacko-frantisek	sramko-michal	2	0	sedlacko-frantisek
gs2025-r3	group	skupina I	kozmer-kevin	sramko-michal	2	1	kozmer-kevin
gs2025-r3	group	skupina J	hrcka-matus	jakubec-peter	2	0	hrcka-matus
gs2025-r3	group	skupina J	hrcka-matus	donoval-lubos	2	0	hrcka-matus
gs2025-r3	group	skupina J	hrcka-matus	fares-amin	2	0	hrcka-matus
gs2025-r3	group	skupina J	hrcka-matus	valovcan-jaroslav-ml	2	1	hrcka-matus
gs2025-r3	group	skupina J	hrcka-matus	velisek-miroslav	2	0	hrcka-matus
gs2025-r3	group	skupina J	hrcka-matus	zradula-radoslav	2	0	hrcka-matus
gs2025-r3	group	skupina J	hrcka-matus	molitorisova-lenka	2	0	hrcka-matus
gs2025-r3	group	skupina J	hrcka-matus	sovinec-ladislav	2	0	hrcka-matus
gs2025-r3	group	skupina J	jakubec-peter	donoval-lubos	2	0	jakubec-peter
gs2025-r3	group	skupina J	jakubec-peter	fares-amin	2	0	jakubec-peter
gs2025-r3	group	skupina J	jakubec-peter	valovcan-jaroslav-ml	2	0	jakubec-peter
gs2025-r3	group	skupina J	jakubec-peter	velisek-miroslav	2	1	jakubec-peter
gs2025-r3	group	skupina J	jakubec-peter	zradula-radoslav	2	0	jakubec-peter
gs2025-r3	group	skupina J	jakubec-peter	molitorisova-lenka	2	0	jakubec-peter
gs2025-r3	group	skupina J	jakubec-peter	sovinec-ladislav	2	0	jakubec-peter
gs2025-r3	group	skupina J	donoval-lubos	fares-amin	2	0	donoval-lubos
gs2025-r3	group	skupina J	donoval-lubos	valovcan-jaroslav-ml	2	0	donoval-lubos
gs2025-r3	group	skupina J	donoval-lubos	velisek-miroslav	1	2	velisek-miroslav
gs2025-r3	group	skupina J	donoval-lubos	zradula-radoslav	2	0	donoval-lubos
gs2025-r3	group	skupina J	donoval-lubos	molitorisova-lenka	2	0	donoval-lubos
gs2025-r3	group	skupina J	donoval-lubos	sovinec-ladislav	2	0	donoval-lubos
gs2025-r3	group	skupina J	fares-amin	valovcan-jaroslav-ml	2	1	fares-amin
gs2025-r3	group	skupina J	fares-amin	velisek-miroslav	2	0	fares-amin
gs2025-r3	group	skupina J	fares-amin	zradula-radoslav	2	0	fares-amin
gs2025-r3	group	skupina J	fares-amin	molitorisova-lenka	2	0	fares-amin
gs2025-r3	group	skupina J	fares-amin	sovinec-ladislav	2	0	fares-amin
gs2025-r3	group	skupina J	valovcan-jaroslav-ml	velisek-miroslav	2	1	valovcan-jaroslav-ml
gs2025-r3	group	skupina J	valovcan-jaroslav-ml	zradula-radoslav	2	0	valovcan-jaroslav-ml
gs2025-r3	group	skupina J	valovcan-jaroslav-ml	molitorisova-lenka	2	0	valovcan-jaroslav-ml
gs2025-r3	group	skupina J	valovcan-jaroslav-ml	sovinec-ladislav	2	0	valovcan-jaroslav-ml
gs2025-r3	group	skupina J	velisek-miroslav	zradula-radoslav	2	1	velisek-miroslav
gs2025-r3	group	skupina J	velisek-miroslav	molitorisova-lenka	2	0	velisek-miroslav
gs2025-r3	group	skupina J	velisek-miroslav	sovinec-ladislav	2	0	velisek-miroslav
gs2025-r3	group	skupina J	zradula-radoslav	molitorisova-lenka	2	0	zradula-radoslav
gs2025-r3	group	skupina J	zradula-radoslav	sovinec-ladislav	2	0	zradula-radoslav
gs2025-r3	group	skupina J	molitorisova-lenka	sovinec-ladislav	2	0	molitorisova-lenka
gs2025-r3	group	skupina K	mocik-tomas	koritsansky-dominik	2	1	mocik-tomas
gs2025-r3	group	skupina K	mocik-tomas	kundrik-marek	1	2	kundrik-marek
gs2025-r3	group	skupina K	mocik-tomas	porubcan-zdenko	2	0	mocik-tomas
gs2025-r3	group	skupina K	mocik-tomas	mikula-michal	2	0	mocik-tomas
gs2025-r3	group	skupina K	mocik-tomas	brecka-jan	2	0	mocik-tomas
gs2025-r3	group	skupina K	mocik-tomas	volanska-patricia	2	0	mocik-tomas
gs2025-r3	group	skupina K	mocik-tomas	mullerova-renata	2	0	mocik-tomas
gs2025-r3	group	skupina K	mocik-tomas	horkavy-peter	2	0	mocik-tomas
gs2025-r3	group	skupina K	koritsansky-dominik	kundrik-marek	2	0	koritsansky-dominik
gs2025-r3	group	skupina K	koritsansky-dominik	porubcan-zdenko	2	0	koritsansky-dominik
gs2025-r3	group	skupina K	koritsansky-dominik	mikula-michal	2	0	koritsansky-dominik
gs2025-r3	group	skupina K	koritsansky-dominik	brecka-jan	2	0	koritsansky-dominik
gs2025-r3	group	skupina K	koritsansky-dominik	volanska-patricia	2	0	koritsansky-dominik
gs2025-r3	group	skupina K	koritsansky-dominik	mullerova-renata	2	0	koritsansky-dominik
gs2025-r3	group	skupina K	koritsansky-dominik	horkavy-peter	2	0	koritsansky-dominik
gs2025-r3	group	skupina K	kundrik-marek	porubcan-zdenko	2	0	kundrik-marek
gs2025-r3	group	skupina K	kundrik-marek	mikula-michal	1	2	mikula-michal
gs2025-r3	group	skupina K	kundrik-marek	brecka-jan	2	0	kundrik-marek
gs2025-r3	group	skupina K	kundrik-marek	volanska-patricia	2	1	kundrik-marek
gs2025-r3	group	skupina K	kundrik-marek	mullerova-renata	2	0	kundrik-marek
gs2025-r3	group	skupina K	kundrik-marek	horkavy-peter	2	0	kundrik-marek
gs2025-r3	group	skupina K	porubcan-zdenko	mikula-michal	2	1	porubcan-zdenko
gs2025-r3	group	skupina K	porubcan-zdenko	brecka-jan	2	1	porubcan-zdenko
gs2025-r3	group	skupina K	porubcan-zdenko	volanska-patricia	2	0	porubcan-zdenko
gs2025-r3	group	skupina K	porubcan-zdenko	mullerova-renata	2	0	porubcan-zdenko
gs2025-r3	group	skupina K	porubcan-zdenko	horkavy-peter	2	0	porubcan-zdenko
gs2025-r3	group	skupina K	mikula-michal	brecka-jan	2	0	mikula-michal
gs2025-r3	group	skupina K	mikula-michal	volanska-patricia	2	0	mikula-michal
gs2025-r3	group	skupina K	mikula-michal	mullerova-renata	2	0	mikula-michal
gs2025-r3	group	skupina K	mikula-michal	horkavy-peter	2	0	mikula-michal
gs2025-r3	group	skupina K	brecka-jan	volanska-patricia	2	0	brecka-jan
gs2025-r3	group	skupina K	brecka-jan	mullerova-renata	2	0	brecka-jan
gs2025-r3	group	skupina K	brecka-jan	horkavy-peter	2	0	brecka-jan
gs2025-r3	group	skupina K	volanska-patricia	mullerova-renata	2	1	volanska-patricia
gs2025-r3	group	skupina K	volanska-patricia	horkavy-peter	2	0	volanska-patricia
gs2025-r3	group	skupina K	mullerova-renata	horkavy-peter	2	1	mullerova-renata
gs2025-r3	group	skupina L	valovcan-jaroslav-st	batalik-martin	2	1	valovcan-jaroslav-st
gs2025-r3	group	skupina L	valovcan-jaroslav-st	virgovic-jaroslav	2	0	valovcan-jaroslav-st
gs2025-r3	group	skupina L	valovcan-jaroslav-st	jakus-michal	2	0	valovcan-jaroslav-st
gs2025-r3	group	skupina L	valovcan-jaroslav-st	polak-milan	2	0	valovcan-jaroslav-st
gs2025-r3	group	skupina L	valovcan-jaroslav-st	dandar-marek	2	0	valovcan-jaroslav-st
gs2025-r3	group	skupina L	valovcan-jaroslav-st	klauco-emil	2	0	valovcan-jaroslav-st
gs2025-r3	group	skupina L	valovcan-jaroslav-st	vnucko-tomas	2	0	valovcan-jaroslav-st
gs2025-r3	group	skupina L	valovcan-jaroslav-st	krajnak-miroslav	2	0	valovcan-jaroslav-st
gs2025-r3	group	skupina L	batalik-martin	virgovic-jaroslav	2	0	batalik-martin
gs2025-r3	group	skupina L	batalik-martin	jakus-michal	2	1	batalik-martin
gs2025-r3	group	skupina L	batalik-martin	polak-milan	1	2	polak-milan
gs2025-r3	group	skupina L	batalik-martin	dandar-marek	2	0	batalik-martin
gs2025-r3	group	skupina L	batalik-martin	klauco-emil	2	0	batalik-martin
gs2025-r3	group	skupina L	batalik-martin	vnucko-tomas	2	0	batalik-martin
gs2025-r3	group	skupina L	batalik-martin	krajnak-miroslav	2	0	batalik-martin
gs2025-r3	group	skupina L	virgovic-jaroslav	jakus-michal	2	0	virgovic-jaroslav
gs2025-r3	group	skupina L	virgovic-jaroslav	polak-milan	2	0	virgovic-jaroslav
gs2025-r3	group	skupina L	virgovic-jaroslav	dandar-marek	2	0	virgovic-jaroslav
gs2025-r3	group	skupina L	virgovic-jaroslav	klauco-emil	2	0	virgovic-jaroslav
gs2025-r3	group	skupina L	virgovic-jaroslav	vnucko-tomas	2	0	virgovic-jaroslav
gs2025-r3	group	skupina L	virgovic-jaroslav	krajnak-miroslav	2	0	virgovic-jaroslav
gs2025-r3	group	skupina L	jakus-michal	polak-milan	2	0	jakus-michal
gs2025-r3	group	skupina L	jakus-michal	dandar-marek	2	1	jakus-michal
gs2025-r3	group	skupina L	jakus-michal	klauco-emil	2	1	jakus-michal
gs2025-r3	group	skupina L	jakus-michal	vnucko-tomas	2	0	jakus-michal
gs2025-r3	group	skupina L	jakus-michal	krajnak-miroslav	2	0	jakus-michal
gs2025-r3	group	skupina L	polak-milan	dandar-marek	2	0	polak-milan
gs2025-r3	group	skupina L	polak-milan	klauco-emil	2	0	polak-milan
gs2025-r3	group	skupina L	polak-milan	vnucko-tomas	2	0	polak-milan
gs2025-r3	group	skupina L	polak-milan	krajnak-miroslav	2	1	polak-milan
gs2025-r3	group	skupina L	dandar-marek	klauco-emil	2	1	dandar-marek
gs2025-r3	group	skupina L	dandar-marek	vnucko-tomas	2	0	dandar-marek
gs2025-r3	group	skupina L	dandar-marek	krajnak-miroslav	2	0	dandar-marek
gs2025-r3	group	skupina L	klauco-emil	vnucko-tomas	2	0	klauco-emil
gs2025-r3	group	skupina L	klauco-emil	krajnak-miroslav	2	0	klauco-emil
gs2025-r3	group	skupina L	vnucko-tomas	krajnak-miroslav	2	1	vnucko-tomas
gs2025-r3	playoff	1. kolo	jakubec-martin	velisek-miroslav	3	0	jakubec-martin
gs2025-r3	playoff	1. kolo	suranovsky-martin	klauco-matej	1	3	klauco-matej
gs2025-r3	playoff	1. kolo	batalik-martin	gula-karol	3	0	batalik-martin
gs2025-r3	playoff	1. kolo	kundrak-tomas	kubalcova-xenia	3	0	kundrak-tomas
gs2025-r3	playoff	1. kolo	skyba-marek	prykhodko-maksym	1	3	prykhodko-maksym
gs2025-r3	playoff	1. kolo	donoval-lubos	takacs-tamas	2	3	takacs-tamas
gs2025-r3	playoff	1. kolo	lesundak-david	kackos-andrej	3	0	lesundak-david
gs2025-r3	playoff	1. kolo	palencik-patrik	porubcan-zdenko	3	2	palencik-patrik
gs2025-r3	playoff	1. kolo	valovcan-jaroslav-st	mikula-michal	3	1	valovcan-jaroslav-st
gs2025-r3	playoff	1. kolo	hlavati-zdeno	lacko-milan	3	0	hlavati-zdeno
gs2025-r3	playoff	1. kolo	sidlik-viktor	pastva-ondrej	3	1	sidlik-viktor
gs2025-r3	playoff	1. kolo	dulay-jan	barta-peter	3	1	dulay-jan
gs2025-r3	playoff	1. kolo	klauco-michal	konarik-ladislav	3	0	klauco-michal
gs2025-r3	playoff	1. kolo	volcik-pavel	fares-amin	3	1	volcik-pavel
gs2025-r3	playoff	1. kolo	satka-miroslav	polak-milan	0	3	polak-milan
gs2025-r3	playoff	1. kolo	valent-marian	danylyev-oleksandr	3	0	valent-marian
gs2025-r3	playoff	1. kolo	racek-stanislav	bujdak-juraj	3	0	racek-stanislav
gs2025-r3	playoff	1. kolo	maglocky-milan	kundrik-marek	1	3	kundrik-marek
gs2025-r3	playoff	1. kolo	bulak-roman	liptak-daniel	3	1	bulak-roman
gs2025-r3	playoff	1. kolo	sajankova-zuzana	holan-marek	0	3	holan-marek
gs2025-r3	playoff	1. kolo	virgovic-jaroslav	fulop-matej	1	3	fulop-matej
gs2025-r3	playoff	1. kolo	mocik-tomas	markulik-jaroslav	3	0	mocik-tomas
gs2025-r3	playoff	1. kolo	marekovicova-silvia	srnec-radovan	1	3	srnec-radovan
gs2025-r3	playoff	1. kolo	hrcka-matus	turza-milan	3	0	hrcka-matus
gs2025-r3	playoff	1. kolo	holecek-svetozar	caro-pavol	3	0	holecek-svetozar
gs2025-r3	playoff	1. kolo	stepunek-milan	bojtos-roland	3	0	stepunek-milan
gs2025-r3	playoff	1. kolo	koritsansky-dominik	durisin-martin	3	1	koritsansky-dominik
gs2025-r3	playoff	1. kolo	mitro-adam	vyskoc-roman	3	0	mitro-adam
gs2025-r3	playoff	1. kolo	kuran-sviatoslav	jakus-michal	1	3	jakus-michal
gs2025-r3	playoff	1. kolo	biacko-ivan	valovcan-jaroslav-ml	1	3	valovcan-jaroslav-ml
gs2025-r3	playoff	1. kolo	stofej-marian	snopek-dominik	3	0	stofej-marian
gs2025-r3	playoff	16-finále	jakubec-martin	klauco-matej	3	0	jakubec-martin
gs2025-r3	playoff	16-finále	batalik-martin	kundrak-tomas	2	3	kundrak-tomas
gs2025-r3	playoff	16-finále	prykhodko-maksym	takacs-tamas	3	1	prykhodko-maksym
gs2025-r3	playoff	16-finále	lesundak-david	palencik-patrik	1	3	palencik-patrik
gs2025-r3	playoff	16-finále	valovcan-jaroslav-st	hlavati-zdeno	3	1	valovcan-jaroslav-st
gs2025-r3	playoff	16-finále	sidlik-viktor	dulay-jan	1	3	dulay-jan
gs2025-r3	playoff	16-finále	klauco-michal	volcik-pavel	3	0	klauco-michal
gs2025-r3	playoff	16-finále	polak-milan	valent-marian	0	3	valent-marian
gs2025-r3	playoff	16-finále	racek-stanislav	kundrik-marek	3	0	racek-stanislav
gs2025-r3	playoff	16-finále	jakubec-peter	bulak-roman	3	0	jakubec-peter
gs2025-r3	playoff	16-finále	holan-marek	fulop-matej	3	2	holan-marek
gs2025-r3	playoff	16-finále	mocik-tomas	srnec-radovan	3	0	mocik-tomas
gs2025-r3	playoff	16-finále	hrcka-matus	holecek-svetozar	3	0	hrcka-matus
gs2025-r3	playoff	16-finále	stepunek-milan	koritsansky-dominik	2	3	koritsansky-dominik
gs2025-r3	playoff	16-finále	mitro-adam	jakus-michal	3	0	mitro-adam
gs2025-r3	playoff	16-finále	valovcan-jaroslav-ml	stofej-marian	1	3	stofej-marian
gs2025-r3	playoff	osemfinále	jakubec-martin	kundrak-tomas	3	0	jakubec-martin
gs2025-r3	playoff	osemfinále	prykhodko-maksym	palencik-patrik	2	3	palencik-patrik
gs2025-r3	playoff	osemfinále	valovcan-jaroslav-st	dulay-jan	3	1	valovcan-jaroslav-st
gs2025-r3	playoff	osemfinále	klauco-michal	valent-marian	3	1	klauco-michal
gs2025-r3	playoff	osemfinále	racek-stanislav	jakubec-peter	3	0	racek-stanislav
gs2025-r3	playoff	osemfinále	holan-marek	mocik-tomas	1	3	mocik-tomas
gs2025-r3	playoff	osemfinále	hrcka-matus	koritsansky-dominik	3	2	hrcka-matus
gs2025-r3	playoff	osemfinále	mitro-adam	stofej-marian	3	0	mitro-adam
gs2025-r3	playoff	štvrťfinále	jakubec-martin	palencik-patrik	3	0	jakubec-martin
gs2025-r3	playoff	štvrťfinále	valovcan-jaroslav-st	klauco-michal	0	3	klauco-michal
gs2025-r3	playoff	štvrťfinále	racek-stanislav	mocik-tomas	3	0	racek-stanislav
gs2025-r3	playoff	štvrťfinále	hrcka-matus	mitro-adam	3	0	hrcka-matus
gs2025-r3	playoff	semifinále	jakubec-martin	klauco-michal	3	2	jakubec-martin
gs2025-r3	playoff	semifinále	racek-stanislav	hrcka-matus	1	3	hrcka-matus
gs2025-r3	playoff	finále	jakubec-martin	hrcka-matus	1	3	hrcka-matus
gs2026-r1	group	skupina A	jakubec-peter	srnec-radovan	2	0	jakubec-peter
gs2026-r1	group	skupina A	jakubec-peter	prykhodko-maksym	2	1	jakubec-peter
gs2026-r1	group	skupina A	jakubec-peter	dulay-jan	2	0	jakubec-peter
gs2026-r1	group	skupina A	jakubec-peter	beber-frantisek	2	0	jakubec-peter
gs2026-r1	group	skupina A	jakubec-peter	sedivy-pavol	2	0	jakubec-peter
gs2026-r1	group	skupina A	jakubec-peter	martinec-david	2	0	jakubec-peter
gs2026-r1	group	skupina A	jakubec-peter	koys-andrej	2	0	jakubec-peter
gs2026-r1	group	skupina A	srnec-radovan	prykhodko-maksym	2	1	srnec-radovan
gs2026-r1	group	skupina A	srnec-radovan	dulay-jan	2	0	srnec-radovan
gs2026-r1	group	skupina A	srnec-radovan	beber-frantisek	2	0	srnec-radovan
gs2026-r1	group	skupina A	srnec-radovan	sedivy-pavol	2	0	srnec-radovan
gs2026-r1	group	skupina A	srnec-radovan	martinec-david	2	0	srnec-radovan
gs2026-r1	group	skupina A	srnec-radovan	koys-andrej	2	0	srnec-radovan
gs2026-r1	group	skupina A	prykhodko-maksym	dulay-jan	2	1	prykhodko-maksym
gs2026-r1	group	skupina A	prykhodko-maksym	beber-frantisek	2	0	prykhodko-maksym
gs2026-r1	group	skupina A	prykhodko-maksym	sedivy-pavol	2	0	prykhodko-maksym
gs2026-r1	group	skupina A	prykhodko-maksym	martinec-david	2	0	prykhodko-maksym
gs2026-r1	group	skupina A	prykhodko-maksym	koys-andrej	2	0	prykhodko-maksym
gs2026-r1	group	skupina A	dulay-jan	beber-frantisek	2	0	dulay-jan
gs2026-r1	group	skupina A	dulay-jan	sedivy-pavol	2	0	dulay-jan
gs2026-r1	group	skupina A	dulay-jan	martinec-david	2	0	dulay-jan
gs2026-r1	group	skupina A	dulay-jan	koys-andrej	2	0	dulay-jan
gs2026-r1	group	skupina A	beber-frantisek	sedivy-pavol	2	1	beber-frantisek
gs2026-r1	group	skupina A	beber-frantisek	martinec-david	2	0	beber-frantisek
gs2026-r1	group	skupina A	beber-frantisek	koys-andrej	2	0	beber-frantisek
gs2026-r1	group	skupina A	sedivy-pavol	martinec-david	2	1	sedivy-pavol
gs2026-r1	group	skupina A	sedivy-pavol	koys-andrej	2	0	sedivy-pavol
gs2026-r1	group	skupina A	martinec-david	koys-andrej	2	1	martinec-david
gs2026-r1	group	skupina B	vanek-richard	liptak-daniel	2	1	vanek-richard
gs2026-r1	group	skupina B	vanek-richard	valovcan-jaroslav-ml	2	0	vanek-richard
gs2026-r1	group	skupina B	vanek-richard	suranovsky-martin	2	0	vanek-richard
gs2026-r1	group	skupina B	vanek-richard	pastva-ondrej	2	0	vanek-richard
gs2026-r1	group	skupina B	vanek-richard	poliak-miroslav	2	0	vanek-richard
gs2026-r1	group	skupina B	vanek-richard	kulich-jozef	2	0	vanek-richard
gs2026-r1	group	skupina B	vanek-richard	pavle-marek	2	0	vanek-richard
gs2026-r1	group	skupina B	liptak-daniel	valovcan-jaroslav-ml	2	0	liptak-daniel
gs2026-r1	group	skupina B	liptak-daniel	suranovsky-martin	1	2	suranovsky-martin
gs2026-r1	group	skupina B	liptak-daniel	pastva-ondrej	2	0	liptak-daniel
gs2026-r1	group	skupina B	liptak-daniel	poliak-miroslav	2	1	liptak-daniel
gs2026-r1	group	skupina B	liptak-daniel	kulich-jozef	2	0	liptak-daniel
gs2026-r1	group	skupina B	liptak-daniel	pavle-marek	2	0	liptak-daniel
gs2026-r1	group	skupina B	valovcan-jaroslav-ml	suranovsky-martin	2	1	valovcan-jaroslav-ml
gs2026-r1	group	skupina B	valovcan-jaroslav-ml	pastva-ondrej	2	0	valovcan-jaroslav-ml
gs2026-r1	group	skupina B	valovcan-jaroslav-ml	poliak-miroslav	2	0	valovcan-jaroslav-ml
gs2026-r1	group	skupina B	valovcan-jaroslav-ml	kulich-jozef	2	0	valovcan-jaroslav-ml
gs2026-r1	group	skupina B	valovcan-jaroslav-ml	pavle-marek	2	0	valovcan-jaroslav-ml
gs2026-r1	group	skupina B	suranovsky-martin	pastva-ondrej	1	2	pastva-ondrej
gs2026-r1	group	skupina B	suranovsky-martin	poliak-miroslav	2	0	suranovsky-martin
gs2026-r1	group	skupina B	suranovsky-martin	kulich-jozef	2	0	suranovsky-martin
gs2026-r1	group	skupina B	suranovsky-martin	pavle-marek	2	0	suranovsky-martin
gs2026-r1	group	skupina B	pastva-ondrej	poliak-miroslav	2	0	pastva-ondrej
gs2026-r1	group	skupina B	pastva-ondrej	kulich-jozef	1	2	kulich-jozef
gs2026-r1	group	skupina B	pastva-ondrej	pavle-marek	2	0	pastva-ondrej
gs2026-r1	group	skupina B	poliak-miroslav	kulich-jozef	2	1	poliak-miroslav
gs2026-r1	group	skupina B	poliak-miroslav	pavle-marek	2	0	poliak-miroslav
gs2026-r1	group	skupina B	kulich-jozef	pavle-marek	2	1	kulich-jozef
gs2026-r1	group	skupina C	mitro-adam	skyba-marek	2	0	mitro-adam
gs2026-r1	group	skupina C	mitro-adam	pajbach-michal	2	0	mitro-adam
gs2026-r1	group	skupina C	mitro-adam	hlavati-zdeno	2	0	mitro-adam
gs2026-r1	group	skupina C	mitro-adam	hornak-peter	2	0	mitro-adam
gs2026-r1	group	skupina C	mitro-adam	kubalcova-xenia	2	0	mitro-adam
gs2026-r1	group	skupina C	mitro-adam	szczeczina-peter	2	0	mitro-adam
gs2026-r1	group	skupina C	mitro-adam	sedlacko-frantisek	2	0	mitro-adam
gs2026-r1	group	skupina C	mitro-adam	kubinova-dorka	2	0	mitro-adam
gs2026-r1	group	skupina C	skyba-marek	pajbach-michal	2	0	skyba-marek
gs2026-r1	group	skupina C	skyba-marek	hlavati-zdeno	2	0	skyba-marek
gs2026-r1	group	skupina C	skyba-marek	hornak-peter	2	1	skyba-marek
gs2026-r1	group	skupina C	skyba-marek	kubalcova-xenia	2	0	skyba-marek
gs2026-r1	group	skupina C	skyba-marek	szczeczina-peter	2	0	skyba-marek
gs2026-r1	group	skupina C	skyba-marek	sedlacko-frantisek	2	0	skyba-marek
gs2026-r1	group	skupina C	skyba-marek	kubinova-dorka	2	0	skyba-marek
gs2026-r1	group	skupina C	pajbach-michal	hlavati-zdeno	2	0	pajbach-michal
gs2026-r1	group	skupina C	pajbach-michal	hornak-peter	2	1	pajbach-michal
gs2026-r1	group	skupina C	pajbach-michal	kubalcova-xenia	2	0	pajbach-michal
gs2026-r1	group	skupina C	pajbach-michal	szczeczina-peter	2	1	pajbach-michal
gs2026-r1	group	skupina C	pajbach-michal	sedlacko-frantisek	2	0	pajbach-michal
gs2026-r1	group	skupina C	pajbach-michal	kubinova-dorka	2	0	pajbach-michal
gs2026-r1	group	skupina C	hlavati-zdeno	hornak-peter	2	1	hlavati-zdeno
gs2026-r1	group	skupina C	hlavati-zdeno	kubalcova-xenia	2	0	hlavati-zdeno
gs2026-r1	group	skupina C	hlavati-zdeno	szczeczina-peter	2	0	hlavati-zdeno
gs2026-r1	group	skupina C	hlavati-zdeno	sedlacko-frantisek	2	0	hlavati-zdeno
gs2026-r1	group	skupina C	hlavati-zdeno	kubinova-dorka	2	0	hlavati-zdeno
gs2026-r1	group	skupina C	hornak-peter	kubalcova-xenia	2	0	hornak-peter
gs2026-r1	group	skupina C	hornak-peter	szczeczina-peter	2	0	hornak-peter
gs2026-r1	group	skupina C	hornak-peter	sedlacko-frantisek	2	1	hornak-peter
gs2026-r1	group	skupina C	hornak-peter	kubinova-dorka	2	0	hornak-peter
gs2026-r1	group	skupina C	kubalcova-xenia	szczeczina-peter	2	1	kubalcova-xenia
gs2026-r1	group	skupina C	kubalcova-xenia	sedlacko-frantisek	2	0	kubalcova-xenia
gs2026-r1	group	skupina C	kubalcova-xenia	kubinova-dorka	2	0	kubalcova-xenia
gs2026-r1	group	skupina C	szczeczina-peter	sedlacko-frantisek	2	0	szczeczina-peter
gs2026-r1	group	skupina C	szczeczina-peter	kubinova-dorka	2	0	szczeczina-peter
gs2026-r1	group	skupina C	sedlacko-frantisek	kubinova-dorka	2	0	sedlacko-frantisek
gs2026-r1	group	skupina D	valovcan-jaroslav-st	fulop-matej	2	1	valovcan-jaroslav-st
gs2026-r1	group	skupina D	valovcan-jaroslav-st	mikula-michal	2	0	valovcan-jaroslav-st
gs2026-r1	group	skupina D	valovcan-jaroslav-st	zvarik-brano	2	0	valovcan-jaroslav-st
gs2026-r1	group	skupina D	valovcan-jaroslav-st	batalik-martin	2	0	valovcan-jaroslav-st
gs2026-r1	group	skupina D	valovcan-jaroslav-st	petrak-jozef	2	0	valovcan-jaroslav-st
gs2026-r1	group	skupina D	valovcan-jaroslav-st	lukacek-julian	1	2	lukacek-julian
gs2026-r1	group	skupina D	valovcan-jaroslav-st	mullerova-renata	2	0	valovcan-jaroslav-st
gs2026-r1	group	skupina D	fulop-matej	mikula-michal	2	1	fulop-matej
gs2026-r1	group	skupina D	fulop-matej	zvarik-brano	2	0	fulop-matej
gs2026-r1	group	skupina D	fulop-matej	batalik-martin	2	0	fulop-matej
gs2026-r1	group	skupina D	fulop-matej	petrak-jozef	2	0	fulop-matej
gs2026-r1	group	skupina D	fulop-matej	lukacek-julian	2	0	fulop-matej
gs2026-r1	group	skupina D	fulop-matej	mullerova-renata	2	0	fulop-matej
gs2026-r1	group	skupina D	mikula-michal	zvarik-brano	2	0	mikula-michal
gs2026-r1	group	skupina D	mikula-michal	batalik-martin	2	0	mikula-michal
gs2026-r1	group	skupina D	mikula-michal	petrak-jozef	2	1	mikula-michal
gs2026-r1	group	skupina D	mikula-michal	lukacek-julian	2	0	mikula-michal
gs2026-r1	group	skupina D	mikula-michal	mullerova-renata	2	0	mikula-michal
gs2026-r1	group	skupina D	zvarik-brano	batalik-martin	2	0	zvarik-brano
gs2026-r1	group	skupina D	zvarik-brano	petrak-jozef	2	1	zvarik-brano
gs2026-r1	group	skupina D	zvarik-brano	lukacek-julian	2	0	zvarik-brano
gs2026-r1	group	skupina D	zvarik-brano	mullerova-renata	2	0	zvarik-brano
gs2026-r1	group	skupina D	batalik-martin	petrak-jozef	2	1	batalik-martin
gs2026-r1	group	skupina D	batalik-martin	lukacek-julian	2	1	batalik-martin
gs2026-r1	group	skupina D	batalik-martin	mullerova-renata	2	0	batalik-martin
gs2026-r1	group	skupina D	petrak-jozef	lukacek-julian	2	0	petrak-jozef
gs2026-r1	group	skupina D	petrak-jozef	mullerova-renata	2	0	petrak-jozef
gs2026-r1	group	skupina D	lukacek-julian	mullerova-renata	2	0	lukacek-julian
gs2026-r1	group	skupina E	lesundak-david	holecek-svetozar	2	0	lesundak-david
gs2026-r1	group	skupina E	lesundak-david	jerzova-katarina	2	1	lesundak-david
gs2026-r1	group	skupina E	lesundak-david	labas-jozef	2	1	lesundak-david
gs2026-r1	group	skupina E	lesundak-david	bujdak-juraj	2	0	lesundak-david
gs2026-r1	group	skupina E	lesundak-david	capkovic-milan	2	0	lesundak-david
gs2026-r1	group	skupina E	lesundak-david	danylyev-viktor	2	0	lesundak-david
gs2026-r1	group	skupina E	lesundak-david	mrazkova-viera	2	0	lesundak-david
gs2026-r1	group	skupina E	holecek-svetozar	jerzova-katarina	2	0	holecek-svetozar
gs2026-r1	group	skupina E	holecek-svetozar	labas-jozef	2	0	holecek-svetozar
gs2026-r1	group	skupina E	holecek-svetozar	bujdak-juraj	2	0	holecek-svetozar
gs2026-r1	group	skupina E	holecek-svetozar	capkovic-milan	2	1	holecek-svetozar
gs2026-r1	group	skupina E	holecek-svetozar	danylyev-viktor	2	0	holecek-svetozar
gs2026-r1	group	skupina E	holecek-svetozar	mrazkova-viera	2	0	holecek-svetozar
gs2026-r1	group	skupina E	jerzova-katarina	labas-jozef	2	0	jerzova-katarina
gs2026-r1	group	skupina E	jerzova-katarina	bujdak-juraj	2	0	jerzova-katarina
gs2026-r1	group	skupina E	jerzova-katarina	capkovic-milan	2	0	jerzova-katarina
gs2026-r1	group	skupina E	jerzova-katarina	danylyev-viktor	2	1	jerzova-katarina
gs2026-r1	group	skupina E	jerzova-katarina	mrazkova-viera	2	0	jerzova-katarina
gs2026-r1	group	skupina E	labas-jozef	bujdak-juraj	2	1	labas-jozef
gs2026-r1	group	skupina E	labas-jozef	capkovic-milan	2	0	labas-jozef
gs2026-r1	group	skupina E	labas-jozef	danylyev-viktor	1	2	danylyev-viktor
gs2026-r1	group	skupina E	labas-jozef	mrazkova-viera	2	0	labas-jozef
gs2026-r1	group	skupina E	bujdak-juraj	capkovic-milan	2	0	bujdak-juraj
gs2026-r1	group	skupina E	bujdak-juraj	danylyev-viktor	2	0	bujdak-juraj
gs2026-r1	group	skupina E	bujdak-juraj	mrazkova-viera	2	0	bujdak-juraj
gs2026-r1	group	skupina E	capkovic-milan	danylyev-viktor	2	1	capkovic-milan
gs2026-r1	group	skupina E	capkovic-milan	mrazkova-viera	2	0	capkovic-milan
gs2026-r1	group	skupina E	danylyev-viktor	mrazkova-viera	2	1	danylyev-viktor
gs2026-r1	group	skupina F	koritsansky-dominik	mocik-tomas	2	1	koritsansky-dominik
gs2026-r1	group	skupina F	koritsansky-dominik	klauco-matej	2	0	koritsansky-dominik
gs2026-r1	group	skupina F	koritsansky-dominik	velisek-miroslav	2	0	koritsansky-dominik
gs2026-r1	group	skupina F	koritsansky-dominik	filatov-denys	2	1	koritsansky-dominik
gs2026-r1	group	skupina F	koritsansky-dominik	harcek-peter	2	0	koritsansky-dominik
gs2026-r1	group	skupina F	koritsansky-dominik	kravchenko-sergii	2	0	koritsansky-dominik
gs2026-r1	group	skupina F	koritsansky-dominik	popunda-tomas	2	0	koritsansky-dominik
gs2026-r1	group	skupina F	mocik-tomas	klauco-matej	2	1	mocik-tomas
gs2026-r1	group	skupina F	mocik-tomas	velisek-miroslav	2	0	mocik-tomas
gs2026-r1	group	skupina F	mocik-tomas	filatov-denys	2	0	mocik-tomas
gs2026-r1	group	skupina F	mocik-tomas	harcek-peter	2	0	mocik-tomas
gs2026-r1	group	skupina F	mocik-tomas	kravchenko-sergii	2	0	mocik-tomas
gs2026-r1	group	skupina F	mocik-tomas	popunda-tomas	2	0	mocik-tomas
gs2026-r1	group	skupina F	klauco-matej	velisek-miroslav	2	0	klauco-matej
gs2026-r1	group	skupina F	klauco-matej	filatov-denys	2	0	klauco-matej
gs2026-r1	group	skupina F	klauco-matej	harcek-peter	2	0	klauco-matej
gs2026-r1	group	skupina F	klauco-matej	kravchenko-sergii	2	0	klauco-matej
gs2026-r1	group	skupina F	klauco-matej	popunda-tomas	2	0	klauco-matej
gs2026-r1	group	skupina F	velisek-miroslav	filatov-denys	2	1	velisek-miroslav
gs2026-r1	group	skupina F	velisek-miroslav	harcek-peter	2	1	velisek-miroslav
gs2026-r1	group	skupina F	velisek-miroslav	kravchenko-sergii	2	1	velisek-miroslav
gs2026-r1	group	skupina F	velisek-miroslav	popunda-tomas	2	1	velisek-miroslav
gs2026-r1	group	skupina F	filatov-denys	harcek-peter	2	0	filatov-denys
gs2026-r1	group	skupina F	filatov-denys	kravchenko-sergii	2	0	filatov-denys
gs2026-r1	group	skupina F	filatov-denys	popunda-tomas	2	1	filatov-denys
gs2026-r1	group	skupina F	harcek-peter	kravchenko-sergii	2	0	harcek-peter
gs2026-r1	group	skupina F	harcek-peter	popunda-tomas	1	2	popunda-tomas
gs2026-r1	group	skupina F	kravchenko-sergii	popunda-tomas	2	0	kravchenko-sergii
gs2026-r1	group	skupina G	bazalka-zdenek	szellova-jana	2	0	bazalka-zdenek
gs2026-r1	group	skupina G	bazalka-zdenek	manuch-lubomir	2	0	bazalka-zdenek
gs2026-r1	group	skupina G	bazalka-zdenek	takacs-tamas	2	0	bazalka-zdenek
gs2026-r1	group	skupina G	bazalka-zdenek	liptak-stevan	2	0	bazalka-zdenek
gs2026-r1	group	skupina G	bazalka-zdenek	klauco-emil	2	0	bazalka-zdenek
gs2026-r1	group	skupina G	bazalka-zdenek	banas-laci	2	0	bazalka-zdenek
gs2026-r1	group	skupina G	bazalka-zdenek	pesta-peter	2	0	bazalka-zdenek
gs2026-r1	group	skupina G	szellova-jana	manuch-lubomir	2	1	szellova-jana
gs2026-r1	group	skupina G	szellova-jana	takacs-tamas	2	1	szellova-jana
gs2026-r1	group	skupina G	szellova-jana	liptak-stevan	2	0	szellova-jana
gs2026-r1	group	skupina G	szellova-jana	klauco-emil	2	1	szellova-jana
gs2026-r1	group	skupina G	szellova-jana	banas-laci	2	0	szellova-jana
gs2026-r1	group	skupina G	szellova-jana	pesta-peter	2	0	szellova-jana
gs2026-r1	group	skupina G	manuch-lubomir	takacs-tamas	2	1	manuch-lubomir
gs2026-r1	group	skupina G	manuch-lubomir	liptak-stevan	2	1	manuch-lubomir
gs2026-r1	group	skupina G	manuch-lubomir	klauco-emil	2	1	manuch-lubomir
gs2026-r1	group	skupina G	manuch-lubomir	banas-laci	2	0	manuch-lubomir
gs2026-r1	group	skupina G	manuch-lubomir	pesta-peter	2	0	manuch-lubomir
gs2026-r1	group	skupina G	takacs-tamas	liptak-stevan	2	1	takacs-tamas
gs2026-r1	group	skupina G	takacs-tamas	klauco-emil	2	1	takacs-tamas
gs2026-r1	group	skupina G	takacs-tamas	banas-laci	2	0	takacs-tamas
gs2026-r1	group	skupina G	takacs-tamas	pesta-peter	2	0	takacs-tamas
gs2026-r1	group	skupina G	liptak-stevan	klauco-emil	2	1	liptak-stevan
gs2026-r1	group	skupina G	liptak-stevan	banas-laci	2	0	liptak-stevan
gs2026-r1	group	skupina G	liptak-stevan	pesta-peter	2	0	liptak-stevan
gs2026-r1	group	skupina G	klauco-emil	banas-laci	2	0	klauco-emil
gs2026-r1	group	skupina G	klauco-emil	pesta-peter	2	0	klauco-emil
gs2026-r1	group	skupina G	banas-laci	pesta-peter	2	0	banas-laci
gs2026-r1	group	skupina H	volcik-pavel	holan-marek	2	1	volcik-pavel
gs2026-r1	group	skupina H	volcik-pavel	satka-miroslav	2	1	volcik-pavel
gs2026-r1	group	skupina H	volcik-pavel	kundrak-tomas	2	1	volcik-pavel
gs2026-r1	group	skupina H	volcik-pavel	masaryk-robert	2	0	volcik-pavel
gs2026-r1	group	skupina H	volcik-pavel	lukacek-julian-st	2	0	volcik-pavel
gs2026-r1	group	skupina H	volcik-pavel	kamenska-helena	2	0	volcik-pavel
gs2026-r1	group	skupina H	volcik-pavel	tvrdon-peter	2	0	volcik-pavel
gs2026-r1	group	skupina H	holan-marek	satka-miroslav	2	0	holan-marek
gs2026-r1	group	skupina H	holan-marek	kundrak-tomas	1	2	kundrak-tomas
gs2026-r1	group	skupina H	holan-marek	masaryk-robert	2	0	holan-marek
gs2026-r1	group	skupina H	holan-marek	lukacek-julian-st	2	0	holan-marek
gs2026-r1	group	skupina H	holan-marek	kamenska-helena	2	0	holan-marek
gs2026-r1	group	skupina H	holan-marek	tvrdon-peter	2	0	holan-marek
gs2026-r1	group	skupina H	satka-miroslav	kundrak-tomas	2	0	satka-miroslav
gs2026-r1	group	skupina H	satka-miroslav	masaryk-robert	2	0	satka-miroslav
gs2026-r1	group	skupina H	satka-miroslav	lukacek-julian-st	2	0	satka-miroslav
gs2026-r1	group	skupina H	satka-miroslav	kamenska-helena	2	0	satka-miroslav
gs2026-r1	group	skupina H	satka-miroslav	tvrdon-peter	2	0	satka-miroslav
gs2026-r1	group	skupina H	kundrak-tomas	masaryk-robert	2	0	kundrak-tomas
gs2026-r1	group	skupina H	kundrak-tomas	lukacek-julian-st	2	1	kundrak-tomas
gs2026-r1	group	skupina H	kundrak-tomas	kamenska-helena	2	0	kundrak-tomas
gs2026-r1	group	skupina H	kundrak-tomas	tvrdon-peter	2	0	kundrak-tomas
gs2026-r1	group	skupina H	masaryk-robert	lukacek-julian-st	2	0	masaryk-robert
gs2026-r1	group	skupina H	masaryk-robert	kamenska-helena	2	0	masaryk-robert
gs2026-r1	group	skupina H	masaryk-robert	tvrdon-peter	2	0	masaryk-robert
gs2026-r1	group	skupina H	lukacek-julian-st	kamenska-helena	2	1	lukacek-julian-st
gs2026-r1	group	skupina H	lukacek-julian-st	tvrdon-peter	2	0	lukacek-julian-st
gs2026-r1	group	skupina H	kamenska-helena	tvrdon-peter	2	0	kamenska-helena
gs2026-r1	playoff	1. kolo	takacs-tamas	pastva-ondrej	3	0	takacs-tamas
gs2026-r1	playoff	1. kolo	pajbach-michal	capkovic-milan	3	0	pajbach-michal
gs2026-r1	playoff	1. kolo	hlavati-zdeno	liptak-stevan	3	2	hlavati-zdeno
gs2026-r1	playoff	1. kolo	klauco-matej	poliak-miroslav	3	0	klauco-matej
gs2026-r1	playoff	1. kolo	velisek-miroslav	hornak-peter	2	3	hornak-peter
gs2026-r1	playoff	1. kolo	prykhodko-maksym	klauco-emil	3	2	prykhodko-maksym
gs2026-r1	playoff	1. kolo	dulay-jan	filatov-denys	0	3	filatov-denys
gs2026-r1	playoff	1. kolo	satka-miroslav	kubalcova-xenia	3	1	satka-miroslav
gs2026-r1	playoff	1. kolo	kundrak-tomas	beber-frantisek	3	0	kundrak-tomas
gs2026-r1	playoff	1. kolo	mikula-michal	harcek-peter	3	2	mikula-michal
gs2026-r1	playoff	1. kolo	zvarik-brano	masaryk-robert	2	3	masaryk-robert
gs2026-r1	playoff	1. kolo	jerzova-katarina	sedivy-pavol	3	0	jerzova-katarina
gs2026-r1	playoff	1. kolo	labas-jozef	batalik-martin	1	3	batalik-martin
gs2026-r1	playoff	1. kolo	valovcan-jaroslav-ml	lukacek-julian-st	3	1	valovcan-jaroslav-ml
gs2026-r1	playoff	1. kolo	suranovsky-martin	bujdak-juraj	3	0	suranovsky-martin
gs2026-r1	playoff	1. kolo	manuch-lubomir	petrak-jozef	3	1	manuch-lubomir
gs2026-r1	playoff	16-finále	jakubec-peter	takacs-tamas	3	0	jakubec-peter
gs2026-r1	playoff	16-finále	mocik-tomas	pajbach-michal	3	1	mocik-tomas
gs2026-r1	playoff	16-finále	volcik-pavel	hlavati-zdeno	1	3	hlavati-zdeno
gs2026-r1	playoff	16-finále	srnec-radovan	klauco-matej	0	3	klauco-matej
gs2026-r1	playoff	16-finále	valovcan-jaroslav-st	hornak-peter	3	0	valovcan-jaroslav-st
gs2026-r1	playoff	16-finále	holan-marek	prykhodko-maksym	2	3	prykhodko-maksym
gs2026-r1	playoff	16-finále	lesundak-david	filatov-denys	3	1	lesundak-david
gs2026-r1	playoff	16-finále	fulop-matej	satka-miroslav	3	2	fulop-matej
gs2026-r1	playoff	16-finále	vanek-richard	kundrak-tomas	3	1	vanek-richard
gs2026-r1	playoff	16-finále	holecek-svetozar	mikula-michal	3	1	holecek-svetozar
gs2026-r1	playoff	16-finále	bazalka-zdenek	masaryk-robert	3	0	bazalka-zdenek
gs2026-r1	playoff	16-finále	liptak-daniel	jerzova-katarina	1	3	jerzova-katarina
gs2026-r1	playoff	16-finále	mitro-adam	batalik-martin	3	0	mitro-adam
gs2026-r1	playoff	16-finále	szellova-jana	valovcan-jaroslav-ml	2	3	valovcan-jaroslav-ml
gs2026-r1	playoff	16-finále	koritsansky-dominik	suranovsky-martin	3	0	koritsansky-dominik
gs2026-r1	playoff	16-finále	skyba-marek	manuch-lubomir	3	2	skyba-marek
gs2026-r1	playoff	osemfinále	jakubec-peter	mocik-tomas	3	1	jakubec-peter
gs2026-r1	playoff	osemfinále	hlavati-zdeno	klauco-matej	3	2	hlavati-zdeno
gs2026-r1	playoff	osemfinále	valovcan-jaroslav-st	prykhodko-maksym	3	1	valovcan-jaroslav-st
gs2026-r1	playoff	osemfinále	lesundak-david	fulop-matej	3	0	lesundak-david
gs2026-r1	playoff	osemfinále	vanek-richard	holecek-svetozar	3	0	vanek-richard
gs2026-r1	playoff	osemfinále	bazalka-zdenek	jerzova-katarina	3	0	bazalka-zdenek
gs2026-r1	playoff	osemfinále	mitro-adam	valovcan-jaroslav-ml	3	0	mitro-adam
gs2026-r1	playoff	osemfinále	koritsansky-dominik	skyba-marek	3	2	koritsansky-dominik
gs2026-r1	playoff	štvrťfinále	jakubec-peter	hlavati-zdeno	3	1	jakubec-peter
gs2026-r1	playoff	štvrťfinále	valovcan-jaroslav-st	lesundak-david	2	3	lesundak-david
gs2026-r1	playoff	štvrťfinále	vanek-richard	bazalka-zdenek	3	0	vanek-richard
gs2026-r1	playoff	štvrťfinále	mitro-adam	koritsansky-dominik	3	2	mitro-adam
gs2026-r1	playoff	semifinále	jakubec-peter	lesundak-david	2	3	lesundak-david
gs2026-r1	playoff	semifinále	vanek-richard	mitro-adam	3	1	vanek-richard
gs2026-r1	playoff	finále	lesundak-david	vanek-richard	0	3	vanek-richard
gs2026-r1	playoff	o 3. miesto	jakubec-peter	mitro-adam	0	3	mitro-adam
gs2026-r2	group	skupina A	fulop-matej	vanek-richard	2	1	fulop-matej
gs2026-r2	group	skupina A	fulop-matej	shevchuk-andrii	2	0	fulop-matej
gs2026-r2	group	skupina A	fulop-matej	pesta-peter	2	0	fulop-matej
gs2026-r2	group	skupina A	fulop-matej	srogon-anton	2	0	fulop-matej
gs2026-r2	group	skupina A	fulop-matej	turza-milan	2	0	fulop-matej
gs2026-r2	group	skupina A	fulop-matej	klauco-emil	2	0	fulop-matej
gs2026-r2	group	skupina A	fulop-matej	burianova-nicol	2	0	fulop-matej
gs2026-r2	group	skupina A	fulop-matej	prykhodko-maksym	2	0	fulop-matej
gs2026-r2	group	skupina A	vanek-richard	shevchuk-andrii	2	1	vanek-richard
gs2026-r2	group	skupina A	vanek-richard	pesta-peter	2	0	vanek-richard
gs2026-r2	group	skupina A	vanek-richard	srogon-anton	2	0	vanek-richard
gs2026-r2	group	skupina A	vanek-richard	turza-milan	2	0	vanek-richard
gs2026-r2	group	skupina A	vanek-richard	klauco-emil	2	0	vanek-richard
gs2026-r2	group	skupina A	vanek-richard	burianova-nicol	2	0	vanek-richard
gs2026-r2	group	skupina A	vanek-richard	prykhodko-maksym	2	0	vanek-richard
gs2026-r2	group	skupina A	shevchuk-andrii	pesta-peter	2	0	shevchuk-andrii
gs2026-r2	group	skupina A	shevchuk-andrii	srogon-anton	2	0	shevchuk-andrii
gs2026-r2	group	skupina A	shevchuk-andrii	turza-milan	1	2	turza-milan
gs2026-r2	group	skupina A	shevchuk-andrii	klauco-emil	2	0	shevchuk-andrii
gs2026-r2	group	skupina A	shevchuk-andrii	burianova-nicol	2	0	shevchuk-andrii
gs2026-r2	group	skupina A	shevchuk-andrii	prykhodko-maksym	2	0	shevchuk-andrii
gs2026-r2	group	skupina A	pesta-peter	srogon-anton	1	2	srogon-anton
gs2026-r2	group	skupina A	pesta-peter	turza-milan	2	0	pesta-peter
gs2026-r2	group	skupina A	pesta-peter	klauco-emil	2	0	pesta-peter
gs2026-r2	group	skupina A	pesta-peter	burianova-nicol	2	0	pesta-peter
gs2026-r2	group	skupina A	pesta-peter	prykhodko-maksym	2	0	pesta-peter
gs2026-r2	group	skupina A	srogon-anton	turza-milan	1	2	turza-milan
gs2026-r2	group	skupina A	srogon-anton	klauco-emil	2	1	srogon-anton
gs2026-r2	group	skupina A	srogon-anton	burianova-nicol	2	0	srogon-anton
gs2026-r2	group	skupina A	srogon-anton	prykhodko-maksym	2	0	srogon-anton
gs2026-r2	group	skupina A	turza-milan	klauco-emil	1	2	klauco-emil
gs2026-r2	group	skupina A	turza-milan	burianova-nicol	2	0	turza-milan
gs2026-r2	group	skupina A	turza-milan	prykhodko-maksym	2	0	turza-milan
gs2026-r2	group	skupina A	klauco-emil	burianova-nicol	2	0	klauco-emil
gs2026-r2	group	skupina A	klauco-emil	prykhodko-maksym	2	0	klauco-emil
gs2026-r2	group	skupina A	burianova-nicol	prykhodko-maksym	2	0	burianova-nicol
gs2026-r2	group	skupina B	jakubec-peter	koritsansky-dominik	2	0	jakubec-peter
gs2026-r2	group	skupina B	jakubec-peter	dulay-jan	0	2	dulay-jan
gs2026-r2	group	skupina B	jakubec-peter	pekuniak-jan	2	0	jakubec-peter
gs2026-r2	group	skupina B	jakubec-peter	masaryk-robert	2	0	jakubec-peter
gs2026-r2	group	skupina B	jakubec-peter	hudec-jan	2	0	jakubec-peter
gs2026-r2	group	skupina B	jakubec-peter	martinec-david	2	0	jakubec-peter
gs2026-r2	group	skupina B	jakubec-peter	dubova-maria	2	0	jakubec-peter
gs2026-r2	group	skupina B	jakubec-peter	vincenova-jana	2	0	jakubec-peter
gs2026-r2	group	skupina B	koritsansky-dominik	dulay-jan	2	0	koritsansky-dominik
gs2026-r2	group	skupina B	koritsansky-dominik	pekuniak-jan	2	0	koritsansky-dominik
gs2026-r2	group	skupina B	koritsansky-dominik	masaryk-robert	2	0	koritsansky-dominik
gs2026-r2	group	skupina B	koritsansky-dominik	hudec-jan	2	0	koritsansky-dominik
gs2026-r2	group	skupina B	koritsansky-dominik	martinec-david	2	0	koritsansky-dominik
gs2026-r2	group	skupina B	koritsansky-dominik	dubova-maria	2	0	koritsansky-dominik
gs2026-r2	group	skupina B	koritsansky-dominik	vincenova-jana	2	0	koritsansky-dominik
gs2026-r2	group	skupina B	dulay-jan	pekuniak-jan	2	1	dulay-jan
gs2026-r2	group	skupina B	dulay-jan	masaryk-robert	2	0	dulay-jan
gs2026-r2	group	skupina B	dulay-jan	hudec-jan	2	0	dulay-jan
gs2026-r2	group	skupina B	dulay-jan	martinec-david	2	0	dulay-jan
gs2026-r2	group	skupina B	dulay-jan	dubova-maria	2	0	dulay-jan
gs2026-r2	group	skupina B	dulay-jan	vincenova-jana	2	0	dulay-jan
gs2026-r2	group	skupina B	pekuniak-jan	masaryk-robert	2	0	pekuniak-jan
gs2026-r2	group	skupina B	pekuniak-jan	hudec-jan	2	0	pekuniak-jan
gs2026-r2	group	skupina B	pekuniak-jan	martinec-david	2	0	pekuniak-jan
gs2026-r2	group	skupina B	pekuniak-jan	dubova-maria	2	1	pekuniak-jan
gs2026-r2	group	skupina B	pekuniak-jan	vincenova-jana	2	0	pekuniak-jan
gs2026-r2	group	skupina B	masaryk-robert	hudec-jan	2	0	masaryk-robert
gs2026-r2	group	skupina B	masaryk-robert	martinec-david	2	1	masaryk-robert
gs2026-r2	group	skupina B	masaryk-robert	dubova-maria	2	1	masaryk-robert
gs2026-r2	group	skupina B	masaryk-robert	vincenova-jana	2	0	masaryk-robert
gs2026-r2	group	skupina B	hudec-jan	martinec-david	2	0	hudec-jan
gs2026-r2	group	skupina B	hudec-jan	dubova-maria	2	0	hudec-jan
gs2026-r2	group	skupina B	hudec-jan	vincenova-jana	2	0	hudec-jan
gs2026-r2	group	skupina B	martinec-david	dubova-maria	2	0	martinec-david
gs2026-r2	group	skupina B	martinec-david	vincenova-jana	2	0	martinec-david
gs2026-r2	group	skupina B	dubova-maria	vincenova-jana	2	0	dubova-maria
gs2026-r2	group	skupina C	lesundak-david	maglocky-milan	2	0	lesundak-david
gs2026-r2	group	skupina C	lesundak-david	jerzova-katarina	2	0	lesundak-david
gs2026-r2	group	skupina C	lesundak-david	laurov-miroslav	2	0	lesundak-david
gs2026-r2	group	skupina C	lesundak-david	burian-matus	2	0	lesundak-david
gs2026-r2	group	skupina C	lesundak-david	zemanova-katarina	2	0	lesundak-david
gs2026-r2	group	skupina C	lesundak-david	beber-frantisek	2	0	lesundak-david
gs2026-r2	group	skupina C	lesundak-david	kulich-jozef	2	0	lesundak-david
gs2026-r2	group	skupina C	maglocky-milan	jerzova-katarina	2	1	maglocky-milan
gs2026-r2	group	skupina C	maglocky-milan	laurov-miroslav	2	1	maglocky-milan
gs2026-r2	group	skupina C	maglocky-milan	burian-matus	2	0	maglocky-milan
gs2026-r2	group	skupina C	maglocky-milan	zemanova-katarina	2	0	maglocky-milan
gs2026-r2	group	skupina C	maglocky-milan	beber-frantisek	2	0	maglocky-milan
gs2026-r2	group	skupina C	maglocky-milan	kulich-jozef	2	0	maglocky-milan
gs2026-r2	group	skupina C	jerzova-katarina	laurov-miroslav	2	0	jerzova-katarina
gs2026-r2	group	skupina C	jerzova-katarina	burian-matus	2	0	jerzova-katarina
gs2026-r2	group	skupina C	jerzova-katarina	zemanova-katarina	2	0	jerzova-katarina
gs2026-r2	group	skupina C	jerzova-katarina	beber-frantisek	2	0	jerzova-katarina
gs2026-r2	group	skupina C	jerzova-katarina	kulich-jozef	2	0	jerzova-katarina
gs2026-r2	group	skupina C	laurov-miroslav	burian-matus	2	0	laurov-miroslav
gs2026-r2	group	skupina C	laurov-miroslav	zemanova-katarina	1	2	zemanova-katarina
gs2026-r2	group	skupina C	laurov-miroslav	beber-frantisek	2	0	laurov-miroslav
gs2026-r2	group	skupina C	laurov-miroslav	kulich-jozef	2	0	laurov-miroslav
gs2026-r2	group	skupina C	burian-matus	zemanova-katarina	2	0	burian-matus
gs2026-r2	group	skupina C	burian-matus	beber-frantisek	2	1	burian-matus
gs2026-r2	group	skupina C	burian-matus	kulich-jozef	2	0	burian-matus
gs2026-r2	group	skupina C	zemanova-katarina	beber-frantisek	2	0	zemanova-katarina
gs2026-r2	group	skupina C	zemanova-katarina	kulich-jozef	2	0	zemanova-katarina
gs2026-r2	group	skupina C	beber-frantisek	kulich-jozef	2	0	beber-frantisek
gs2026-r2	group	skupina D	suranovsky-martin	simko-erik	2	0	suranovsky-martin
gs2026-r2	group	skupina D	suranovsky-martin	kundrik-marek	2	1	suranovsky-martin
gs2026-r2	group	skupina D	suranovsky-martin	hornak-peter	2	0	suranovsky-martin
gs2026-r2	group	skupina D	suranovsky-martin	rusinkova-katarina	2	0	suranovsky-martin
gs2026-r2	group	skupina D	suranovsky-martin	simunek-michal	2	0	suranovsky-martin
gs2026-r2	group	skupina D	suranovsky-martin	mrazkova-viera	2	0	suranovsky-martin
gs2026-r2	group	skupina D	suranovsky-martin	maggioni-marco	2	1	suranovsky-martin
gs2026-r2	group	skupina D	suranovsky-martin	molnar-julius	2	0	suranovsky-martin
gs2026-r2	group	skupina D	simko-erik	kundrik-marek	2	0	simko-erik
gs2026-r2	group	skupina D	simko-erik	hornak-peter	2	0	simko-erik
gs2026-r2	group	skupina D	simko-erik	rusinkova-katarina	2	0	simko-erik
gs2026-r2	group	skupina D	simko-erik	simunek-michal	2	0	simko-erik
gs2026-r2	group	skupina D	simko-erik	mrazkova-viera	2	0	simko-erik
gs2026-r2	group	skupina D	simko-erik	maggioni-marco	2	0	simko-erik
gs2026-r2	group	skupina D	simko-erik	molnar-julius	2	0	simko-erik
gs2026-r2	group	skupina D	kundrik-marek	hornak-peter	2	1	kundrik-marek
gs2026-r2	group	skupina D	kundrik-marek	rusinkova-katarina	2	0	kundrik-marek
gs2026-r2	group	skupina D	kundrik-marek	simunek-michal	2	0	kundrik-marek
gs2026-r2	group	skupina D	kundrik-marek	mrazkova-viera	2	0	kundrik-marek
gs2026-r2	group	skupina D	kundrik-marek	maggioni-marco	2	0	kundrik-marek
gs2026-r2	group	skupina D	kundrik-marek	molnar-julius	2	0	kundrik-marek
gs2026-r2	group	skupina D	hornak-peter	rusinkova-katarina	2	0	hornak-peter
gs2026-r2	group	skupina D	hornak-peter	simunek-michal	2	0	hornak-peter
gs2026-r2	group	skupina D	hornak-peter	mrazkova-viera	2	1	hornak-peter
gs2026-r2	group	skupina D	hornak-peter	maggioni-marco	2	0	hornak-peter
gs2026-r2	group	skupina D	hornak-peter	molnar-julius	2	0	hornak-peter
gs2026-r2	group	skupina D	rusinkova-katarina	simunek-michal	2	0	rusinkova-katarina
gs2026-r2	group	skupina D	rusinkova-katarina	mrazkova-viera	2	1	rusinkova-katarina
gs2026-r2	group	skupina D	rusinkova-katarina	maggioni-marco	2	0	rusinkova-katarina
gs2026-r2	group	skupina D	rusinkova-katarina	molnar-julius	2	0	rusinkova-katarina
gs2026-r2	group	skupina D	simunek-michal	mrazkova-viera	2	0	simunek-michal
gs2026-r2	group	skupina D	simunek-michal	maggioni-marco	2	0	simunek-michal
gs2026-r2	group	skupina D	simunek-michal	molnar-julius	2	0	simunek-michal
gs2026-r2	group	skupina D	mrazkova-viera	maggioni-marco	2	0	mrazkova-viera
gs2026-r2	group	skupina D	mrazkova-viera	molnar-julius	2	0	mrazkova-viera
gs2026-r2	group	skupina D	maggioni-marco	molnar-julius	2	0	maggioni-marco
gs2026-r2	group	skupina E	kundrak-tomas	holecek-svetozar	2	0	kundrak-tomas
gs2026-r2	group	skupina E	kundrak-tomas	klauco-michal	2	1	kundrak-tomas
gs2026-r2	group	skupina E	kundrak-tomas	konarik-ladislav	2	0	kundrak-tomas
gs2026-r2	group	skupina E	kundrak-tomas	nitsko-vladimir	2	0	kundrak-tomas
gs2026-r2	group	skupina E	kundrak-tomas	hengerics-robert	2	0	kundrak-tomas
gs2026-r2	group	skupina E	kundrak-tomas	burian-branislav	2	0	kundrak-tomas
gs2026-r2	group	skupina E	kundrak-tomas	fischerova-julia	2	0	kundrak-tomas
gs2026-r2	group	skupina E	kundrak-tomas	kubinova-dorka	2	0	kundrak-tomas
gs2026-r2	group	skupina E	holecek-svetozar	klauco-michal	2	1	holecek-svetozar
gs2026-r2	group	skupina E	holecek-svetozar	konarik-ladislav	2	0	holecek-svetozar
gs2026-r2	group	skupina E	holecek-svetozar	nitsko-vladimir	2	0	holecek-svetozar
gs2026-r2	group	skupina E	holecek-svetozar	hengerics-robert	2	1	holecek-svetozar
gs2026-r2	group	skupina E	holecek-svetozar	burian-branislav	1	2	burian-branislav
gs2026-r2	group	skupina E	holecek-svetozar	fischerova-julia	2	0	holecek-svetozar
gs2026-r2	group	skupina E	holecek-svetozar	kubinova-dorka	2	0	holecek-svetozar
gs2026-r2	group	skupina E	klauco-michal	konarik-ladislav	2	1	klauco-michal
gs2026-r2	group	skupina E	klauco-michal	nitsko-vladimir	2	0	klauco-michal
gs2026-r2	group	skupina E	klauco-michal	hengerics-robert	2	1	klauco-michal
gs2026-r2	group	skupina E	klauco-michal	burian-branislav	2	1	klauco-michal
gs2026-r2	group	skupina E	klauco-michal	fischerova-julia	2	0	klauco-michal
gs2026-r2	group	skupina E	klauco-michal	kubinova-dorka	2	0	klauco-michal
gs2026-r2	group	skupina E	konarik-ladislav	nitsko-vladimir	2	1	konarik-ladislav
gs2026-r2	group	skupina E	konarik-ladislav	hengerics-robert	2	0	konarik-ladislav
gs2026-r2	group	skupina E	konarik-ladislav	burian-branislav	2	0	konarik-ladislav
gs2026-r2	group	skupina E	konarik-ladislav	fischerova-julia	2	0	konarik-ladislav
gs2026-r2	group	skupina E	konarik-ladislav	kubinova-dorka	2	0	konarik-ladislav
gs2026-r2	group	skupina E	nitsko-vladimir	hengerics-robert	2	1	nitsko-vladimir
gs2026-r2	group	skupina E	nitsko-vladimir	burian-branislav	2	0	nitsko-vladimir
gs2026-r2	group	skupina E	nitsko-vladimir	fischerova-julia	2	0	nitsko-vladimir
gs2026-r2	group	skupina E	nitsko-vladimir	kubinova-dorka	2	0	nitsko-vladimir
gs2026-r2	group	skupina E	hengerics-robert	burian-branislav	2	0	hengerics-robert
gs2026-r2	group	skupina E	hengerics-robert	fischerova-julia	2	0	hengerics-robert
gs2026-r2	group	skupina E	hengerics-robert	kubinova-dorka	2	0	hengerics-robert
gs2026-r2	group	skupina E	burian-branislav	fischerova-julia	2	0	burian-branislav
gs2026-r2	group	skupina E	burian-branislav	kubinova-dorka	2	0	burian-branislav
gs2026-r2	group	skupina E	fischerova-julia	kubinova-dorka	2	1	fischerova-julia
gs2026-r2	group	skupina F	paschuk-tatiana	valovcan-jaroslav-st	2	0	paschuk-tatiana
gs2026-r2	group	skupina F	paschuk-tatiana	holan-marek	2	0	paschuk-tatiana
gs2026-r2	group	skupina F	paschuk-tatiana	kubalcova-xenia	2	0	paschuk-tatiana
gs2026-r2	group	skupina F	paschuk-tatiana	vozar-vladimir	2	0	paschuk-tatiana
gs2026-r2	group	skupina F	paschuk-tatiana	zeliskova-jana	2	0	paschuk-tatiana
gs2026-r2	group	skupina F	paschuk-tatiana	polacek-peter	2	0	paschuk-tatiana
gs2026-r2	group	skupina F	paschuk-tatiana	fischer-albin	2	0	paschuk-tatiana
gs2026-r2	group	skupina F	paschuk-tatiana	pivko-miroslav	2	0	paschuk-tatiana
gs2026-r2	group	skupina F	valovcan-jaroslav-st	holan-marek	2	1	valovcan-jaroslav-st
gs2026-r2	group	skupina F	valovcan-jaroslav-st	kubalcova-xenia	2	0	valovcan-jaroslav-st
gs2026-r2	group	skupina F	valovcan-jaroslav-st	vozar-vladimir	2	0	valovcan-jaroslav-st
gs2026-r2	group	skupina F	valovcan-jaroslav-st	zeliskova-jana	2	0	valovcan-jaroslav-st
gs2026-r2	group	skupina F	valovcan-jaroslav-st	polacek-peter	2	0	valovcan-jaroslav-st
gs2026-r2	group	skupina F	valovcan-jaroslav-st	fischer-albin	2	0	valovcan-jaroslav-st
gs2026-r2	group	skupina F	valovcan-jaroslav-st	pivko-miroslav	2	0	valovcan-jaroslav-st
gs2026-r2	group	skupina F	holan-marek	kubalcova-xenia	2	0	holan-marek
gs2026-r2	group	skupina F	holan-marek	vozar-vladimir	2	0	holan-marek
gs2026-r2	group	skupina F	holan-marek	zeliskova-jana	2	0	holan-marek
gs2026-r2	group	skupina F	holan-marek	polacek-peter	2	0	holan-marek
gs2026-r2	group	skupina F	holan-marek	fischer-albin	2	0	holan-marek
gs2026-r2	group	skupina F	holan-marek	pivko-miroslav	2	0	holan-marek
gs2026-r2	group	skupina F	kubalcova-xenia	vozar-vladimir	2	0	kubalcova-xenia
gs2026-r2	group	skupina F	kubalcova-xenia	zeliskova-jana	2	0	kubalcova-xenia
gs2026-r2	group	skupina F	kubalcova-xenia	polacek-peter	2	0	kubalcova-xenia
gs2026-r2	group	skupina F	kubalcova-xenia	fischer-albin	2	0	kubalcova-xenia
gs2026-r2	group	skupina F	kubalcova-xenia	pivko-miroslav	2	0	kubalcova-xenia
gs2026-r2	group	skupina F	vozar-vladimir	zeliskova-jana	2	0	vozar-vladimir
gs2026-r2	group	skupina F	vozar-vladimir	polacek-peter	2	0	vozar-vladimir
gs2026-r2	group	skupina F	vozar-vladimir	fischer-albin	2	0	vozar-vladimir
gs2026-r2	group	skupina F	vozar-vladimir	pivko-miroslav	2	0	vozar-vladimir
gs2026-r2	group	skupina F	zeliskova-jana	polacek-peter	2	1	zeliskova-jana
gs2026-r2	group	skupina F	zeliskova-jana	fischer-albin	2	0	zeliskova-jana
gs2026-r2	group	skupina F	zeliskova-jana	pivko-miroslav	2	0	zeliskova-jana
gs2026-r2	group	skupina F	polacek-peter	fischer-albin	2	0	polacek-peter
gs2026-r2	group	skupina F	polacek-peter	pivko-miroslav	2	0	polacek-peter
gs2026-r2	group	skupina F	fischer-albin	pivko-miroslav	2	0	fischer-albin
gs2026-r2	group	skupina G	sajankova-zuzana	jagrik-stanislav	2	0	sajankova-zuzana
gs2026-r2	group	skupina G	sajankova-zuzana	valovcan-jaroslav-ml	2	1	sajankova-zuzana
gs2026-r2	group	skupina G	sajankova-zuzana	lacek-jakub	2	0	sajankova-zuzana
gs2026-r2	group	skupina G	sajankova-zuzana	bujdak-juraj	2	1	sajankova-zuzana
gs2026-r2	group	skupina G	sajankova-zuzana	pastva-ondrej	2	0	sajankova-zuzana
gs2026-r2	group	skupina G	sajankova-zuzana	tvrdon-peter	2	0	sajankova-zuzana
gs2026-r2	group	skupina G	sajankova-zuzana	janci-martin	2	0	sajankova-zuzana
gs2026-r2	group	skupina G	jagrik-stanislav	valovcan-jaroslav-ml	2	1	jagrik-stanislav
gs2026-r2	group	skupina G	jagrik-stanislav	lacek-jakub	2	1	jagrik-stanislav
gs2026-r2	group	skupina G	jagrik-stanislav	bujdak-juraj	2	1	jagrik-stanislav
gs2026-r2	group	skupina G	jagrik-stanislav	pastva-ondrej	2	1	jagrik-stanislav
gs2026-r2	group	skupina G	jagrik-stanislav	tvrdon-peter	2	0	jagrik-stanislav
gs2026-r2	group	skupina G	jagrik-stanislav	janci-martin	2	0	jagrik-stanislav
gs2026-r2	group	skupina G	valovcan-jaroslav-ml	lacek-jakub	2	1	valovcan-jaroslav-ml
gs2026-r2	group	skupina G	valovcan-jaroslav-ml	bujdak-juraj	2	0	valovcan-jaroslav-ml
gs2026-r2	group	skupina G	valovcan-jaroslav-ml	pastva-ondrej	2	0	valovcan-jaroslav-ml
gs2026-r2	group	skupina G	valovcan-jaroslav-ml	tvrdon-peter	2	0	valovcan-jaroslav-ml
gs2026-r2	group	skupina G	valovcan-jaroslav-ml	janci-martin	2	0	valovcan-jaroslav-ml
gs2026-r2	group	skupina G	lacek-jakub	bujdak-juraj	2	0	lacek-jakub
gs2026-r2	group	skupina G	lacek-jakub	pastva-ondrej	1	2	pastva-ondrej
gs2026-r2	group	skupina G	lacek-jakub	tvrdon-peter	2	1	lacek-jakub
gs2026-r2	group	skupina G	lacek-jakub	janci-martin	2	0	lacek-jakub
gs2026-r2	group	skupina G	bujdak-juraj	pastva-ondrej	2	0	bujdak-juraj
gs2026-r2	group	skupina G	bujdak-juraj	tvrdon-peter	2	1	bujdak-juraj
gs2026-r2	group	skupina G	bujdak-juraj	janci-martin	2	0	bujdak-juraj
gs2026-r2	group	skupina G	pastva-ondrej	tvrdon-peter	2	1	pastva-ondrej
gs2026-r2	group	skupina G	pastva-ondrej	janci-martin	2	0	pastva-ondrej
gs2026-r2	group	skupina G	tvrdon-peter	janci-martin	2	0	tvrdon-peter
gs2026-r2	group	skupina H	klauco-matej	satka-miroslav	2	0	klauco-matej
gs2026-r2	group	skupina H	klauco-matej	mocik-tomas	1	2	mocik-tomas
gs2026-r2	group	skupina H	klauco-matej	batalik-martin	2	0	klauco-matej
gs2026-r2	group	skupina H	klauco-matej	beseda-tibor	2	0	klauco-matej
gs2026-r2	group	skupina H	klauco-matej	liska-pavol	2	0	klauco-matej
gs2026-r2	group	skupina H	klauco-matej	pavle-marek	2	0	klauco-matej
gs2026-r2	group	skupina H	klauco-matej	hanko-dusan	2	0	klauco-matej
gs2026-r2	group	skupina H	klauco-matej	adamkovic-rado	2	0	klauco-matej
gs2026-r2	group	skupina H	satka-miroslav	mocik-tomas	2	0	satka-miroslav
gs2026-r2	group	skupina H	satka-miroslav	batalik-martin	2	0	satka-miroslav
gs2026-r2	group	skupina H	satka-miroslav	beseda-tibor	2	0	satka-miroslav
gs2026-r2	group	skupina H	satka-miroslav	liska-pavol	2	0	satka-miroslav
gs2026-r2	group	skupina H	satka-miroslav	pavle-marek	2	0	satka-miroslav
gs2026-r2	group	skupina H	satka-miroslav	hanko-dusan	2	0	satka-miroslav
gs2026-r2	group	skupina H	satka-miroslav	adamkovic-rado	2	0	satka-miroslav
gs2026-r2	group	skupina H	mocik-tomas	batalik-martin	2	0	mocik-tomas
gs2026-r2	group	skupina H	mocik-tomas	beseda-tibor	2	1	mocik-tomas
gs2026-r2	group	skupina H	mocik-tomas	liska-pavol	2	0	mocik-tomas
gs2026-r2	group	skupina H	mocik-tomas	pavle-marek	2	1	mocik-tomas
gs2026-r2	group	skupina H	mocik-tomas	hanko-dusan	2	0	mocik-tomas
gs2026-r2	group	skupina H	mocik-tomas	adamkovic-rado	2	0	mocik-tomas
gs2026-r2	group	skupina H	batalik-martin	beseda-tibor	2	0	batalik-martin
gs2026-r2	group	skupina H	batalik-martin	liska-pavol	2	0	batalik-martin
gs2026-r2	group	skupina H	batalik-martin	pavle-marek	2	0	batalik-martin
gs2026-r2	group	skupina H	batalik-martin	hanko-dusan	2	0	batalik-martin
gs2026-r2	group	skupina H	batalik-martin	adamkovic-rado	2	0	batalik-martin
gs2026-r2	group	skupina H	beseda-tibor	liska-pavol	2	0	beseda-tibor
gs2026-r2	group	skupina H	beseda-tibor	pavle-marek	2	0	beseda-tibor
gs2026-r2	group	skupina H	beseda-tibor	hanko-dusan	2	0	beseda-tibor
gs2026-r2	group	skupina H	beseda-tibor	adamkovic-rado	2	0	beseda-tibor
gs2026-r2	group	skupina H	liska-pavol	pavle-marek	2	0	liska-pavol
gs2026-r2	group	skupina H	liska-pavol	hanko-dusan	2	0	liska-pavol
gs2026-r2	group	skupina H	liska-pavol	adamkovic-rado	2	0	liska-pavol
gs2026-r2	group	skupina H	pavle-marek	hanko-dusan	2	0	pavle-marek
gs2026-r2	group	skupina H	pavle-marek	adamkovic-rado	2	0	pavle-marek
gs2026-r2	group	skupina H	hanko-dusan	adamkovic-rado	2	0	hanko-dusan
gs2026-r2	playoff	hlavný pavúk: 1. kolo	lacek-jakub	masaryk-robert	1	3	masaryk-robert
gs2026-r2	playoff	hlavný pavúk: 1. kolo	jerzova-katarina	hengerics-robert	3	0	jerzova-katarina
gs2026-r2	playoff	hlavný pavúk: 1. kolo	laurov-miroslav	bujdak-juraj	3	1	laurov-miroslav
gs2026-r2	playoff	hlavný pavúk: 1. kolo	holan-marek	hudec-jan	3	0	holan-marek
gs2026-r2	playoff	hlavný pavúk: 1. kolo	kubalcova-xenia	burian-matus	3	1	kubalcova-xenia
gs2026-r2	playoff	hlavný pavúk: 1. kolo	shevchuk-andrii	pastva-ondrej	3	2	shevchuk-andrii
gs2026-r2	playoff	hlavný pavúk: 1. kolo	pesta-peter	vozar-vladimir	0	3	vozar-vladimir
gs2026-r2	playoff	hlavný pavúk: 1. kolo	mocik-tomas	zemanova-katarina	3	0	mocik-tomas
gs2026-r2	playoff	hlavný pavúk: 1. kolo	batalik-martin	srogon-anton	3	1	batalik-martin
gs2026-r2	playoff	hlavný pavúk: 1. kolo	kundrik-marek	zeliskova-jana	3	0	kundrik-marek
gs2026-r2	playoff	hlavný pavúk: 1. kolo	hornak-peter	beseda-tibor	3	0	hornak-peter
gs2026-r2	playoff	hlavný pavúk: 1. kolo	klauco-michal	turza-milan	3	0	klauco-michal
gs2026-r2	playoff	hlavný pavúk: 1. kolo	konarik-ladislav	rusinkova-katarina	3	1	konarik-ladislav
gs2026-r2	playoff	hlavný pavúk: 1. kolo	dulay-jan	liska-pavol	3	0	dulay-jan
gs2026-r2	playoff	hlavný pavúk: 1. kolo	pekuniak-jan	nitsko-vladimir	3	0	pekuniak-jan
gs2026-r2	playoff	hlavný pavúk: 1. kolo	valovcan-jaroslav-ml	simunek-michal	3	0	valovcan-jaroslav-ml
gs2026-r2	playoff	hlavný pavúk: 16-finále	fulop-matej	masaryk-robert	3	0	fulop-matej
gs2026-r2	playoff	hlavný pavúk: 16-finále	valovcan-jaroslav-st	jerzova-katarina	1	3	jerzova-katarina
gs2026-r2	playoff	hlavný pavúk: 16-finále	klauco-matej	laurov-miroslav	3	1	klauco-matej
gs2026-r2	playoff	hlavný pavúk: 16-finále	vanek-richard	holan-marek	3	0	vanek-richard
gs2026-r2	playoff	hlavný pavúk: 16-finále	suranovsky-martin	kubalcova-xenia	3	0	suranovsky-martin
gs2026-r2	playoff	hlavný pavúk: 16-finále	satka-miroslav	shevchuk-andrii	3	0	satka-miroslav
gs2026-r2	playoff	hlavný pavúk: 16-finále	kundrak-tomas	vozar-vladimir	3	0	kundrak-tomas
gs2026-r2	playoff	hlavný pavúk: 16-finále	simko-erik	mocik-tomas	0	3	mocik-tomas
gs2026-r2	playoff	hlavný pavúk: 16-finále	jakubec-peter	batalik-martin	3	0	jakubec-peter
gs2026-r2	playoff	hlavný pavúk: 16-finále	holecek-svetozar	kundrik-marek	0	3	kundrik-marek
gs2026-r2	playoff	hlavný pavúk: 16-finále	sajankova-zuzana	hornak-peter	3	0	sajankova-zuzana
gs2026-r2	playoff	hlavný pavúk: 16-finále	koritsansky-dominik	klauco-michal	3	0	koritsansky-dominik
gs2026-r2	playoff	hlavný pavúk: 16-finále	lesundak-david	konarik-ladislav	3	0	lesundak-david
gs2026-r2	playoff	hlavný pavúk: 16-finále	jagrik-stanislav	dulay-jan	1	3	dulay-jan
gs2026-r2	playoff	hlavný pavúk: 16-finále	paschuk-tatiana	pekuniak-jan	3	1	paschuk-tatiana
gs2026-r2	playoff	hlavný pavúk: 16-finále	maglocky-milan	valovcan-jaroslav-ml	3	1	maglocky-milan
gs2026-r2	playoff	hlavný pavúk: osemfinále	fulop-matej	jerzova-katarina	3	1	fulop-matej
gs2026-r2	playoff	hlavný pavúk: osemfinále	klauco-matej	vanek-richard	3	2	klauco-matej
gs2026-r2	playoff	hlavný pavúk: osemfinále	suranovsky-martin	satka-miroslav	3	2	suranovsky-martin
gs2026-r2	playoff	hlavný pavúk: osemfinále	kundrak-tomas	mocik-tomas	0	3	mocik-tomas
gs2026-r2	playoff	hlavný pavúk: osemfinále	jakubec-peter	kundrik-marek	3	2	jakubec-peter
gs2026-r2	playoff	hlavný pavúk: osemfinále	sajankova-zuzana	koritsansky-dominik	0	3	koritsansky-dominik
gs2026-r2	playoff	hlavný pavúk: osemfinále	lesundak-david	dulay-jan	3	0	lesundak-david
gs2026-r2	playoff	hlavný pavúk: osemfinále	paschuk-tatiana	maglocky-milan	0	3	maglocky-milan
gs2026-r2	playoff	hlavný pavúk: štvrťfinále	fulop-matej	klauco-matej	2	3	klauco-matej
gs2026-r2	playoff	hlavný pavúk: štvrťfinále	suranovsky-martin	mocik-tomas	1	3	mocik-tomas
gs2026-r2	playoff	hlavný pavúk: štvrťfinále	jakubec-peter	koritsansky-dominik	3	0	jakubec-peter
gs2026-r2	playoff	hlavný pavúk: štvrťfinále	lesundak-david	maglocky-milan	3	1	lesundak-david
gs2026-r2	playoff	hlavný pavúk: semifinále	klauco-matej	mocik-tomas	3	1	klauco-matej
gs2026-r2	playoff	hlavný pavúk: semifinále	jakubec-peter	lesundak-david	3	0	jakubec-peter
gs2026-r2	playoff	hlavný pavúk: finále	klauco-matej	jakubec-peter	0	3	jakubec-peter
gs2026-r2	playoff	hlavný pavúk: o 3. miesto	mocik-tomas	lesundak-david	3	0	mocik-tomas
gs2026-r2	consolation	útecha: predkolo	burianova-nicol	vincenova-jana	3	1	burianova-nicol
gs2026-r2	consolation	útecha: predkolo	maggioni-marco	kubinova-dorka	0	3	kubinova-dorka
gs2026-r2	consolation	útecha: 16-finále	simunek-michal	burianova-nicol	0	3	burianova-nicol
gs2026-r2	consolation	útecha: 16-finále	nitsko-vladimir	pavle-marek	3	0	nitsko-vladimir
gs2026-r2	consolation	útecha: 16-finále	liska-pavol	dubova-maria	3	2	liska-pavol
gs2026-r2	consolation	útecha: 16-finále	rusinkova-katarina	tvrdon-peter	3	0	rusinkova-katarina
gs2026-r2	consolation	útecha: 16-finále	turza-milan	kulich-jozef	1	3	kulich-jozef
gs2026-r2	consolation	útecha: 16-finále	beseda-tibor	polacek-peter	0	3	polacek-peter
gs2026-r2	consolation	útecha: 16-finále	zeliskova-jana	kubinova-dorka	3	0	zeliskova-jana
gs2026-r2	consolation	útecha: 16-finále	srogon-anton	burian-branislav	2	3	burian-branislav
gs2026-r2	consolation	útecha: 16-finále	zemanova-katarina	fischerova-julia	0	3	fischerova-julia
gs2026-r2	consolation	útecha: 16-finále	pesta-peter	mrazkova-viera	3	0	pesta-peter
gs2026-r2	consolation	útecha: 16-finále	pastva-ondrej	fischer-albin	3	0	pastva-ondrej
gs2026-r2	consolation	útecha: 16-finále	burian-matus	beber-frantisek	3	0	burian-matus
gs2026-r2	consolation	útecha: 16-finále	hudec-jan	janci-martin	3	0	hudec-jan
gs2026-r2	consolation	útecha: 16-finále	bujdak-juraj	martinec-david	3	0	bujdak-juraj
gs2026-r2	consolation	útecha: 16-finále	hengerics-robert	hanko-dusan	3	0	hengerics-robert
gs2026-r2	consolation	útecha: 16-finále	lacek-jakub	klauco-emil	1	3	klauco-emil
gs2026-r2	consolation	útecha: osemfinále	burianova-nicol	nitsko-vladimir	0	3	nitsko-vladimir
gs2026-r2	consolation	útecha: osemfinále	liska-pavol	rusinkova-katarina	0	3	rusinkova-katarina
gs2026-r2	consolation	útecha: osemfinále	kulich-jozef	polacek-peter	3	0	kulich-jozef
gs2026-r2	consolation	útecha: osemfinále	zeliskova-jana	burian-branislav	1	3	burian-branislav
gs2026-r2	consolation	útecha: osemfinále	fischerova-julia	pesta-peter	0	3	pesta-peter
gs2026-r2	consolation	útecha: osemfinále	pastva-ondrej	burian-matus	3	2	pastva-ondrej
gs2026-r2	consolation	útecha: osemfinále	hudec-jan	bujdak-juraj	3	0	hudec-jan
gs2026-r2	consolation	útecha: osemfinále	hengerics-robert	klauco-emil	1	3	klauco-emil
gs2026-r2	consolation	útecha: štvrťfinále	nitsko-vladimir	rusinkova-katarina	3	0	nitsko-vladimir
gs2026-r2	consolation	útecha: štvrťfinále	kulich-jozef	burian-branislav	1	3	burian-branislav
gs2026-r2	consolation	útecha: štvrťfinále	pesta-peter	pastva-ondrej	1	3	pastva-ondrej
gs2026-r2	consolation	útecha: štvrťfinále	hudec-jan	klauco-emil	2	3	klauco-emil
gs2026-r2	consolation	útecha: semifinále	nitsko-vladimir	burian-branislav	3	1	nitsko-vladimir
gs2026-r2	consolation	útecha: semifinále	pastva-ondrej	klauco-emil	3	1	pastva-ondrej
gs2026-r2	consolation	útecha: finále	nitsko-vladimir	pastva-ondrej	1	3	pastva-ondrej
gs2026-r2	consolation	útecha: o 3. miesto	burian-branislav	klauco-emil	1	3	klauco-emil
